datetime,underlying_price,NIFTY27JAN2625200CE,NIFTY27JAN2625300CE,NIFTY27JAN2625400CE,NIFTY27JAN2625500CE,NIFTY27JAN2625600CE,NIFTY27JAN2625700CE,NIFTY27JAN2625800CE,NIFTY27JAN2625900CE,NIFTY27JAN2626000CE,NIFTY27JAN2626100CE,NIFTY27JAN2626200CE,NIFTY27JAN2626300CE,NIFTY27JAN2626400CE,NIFTY27JAN2626500CE,NIFTY27JAN2623800PE,NIFTY27JAN2623900PE,NIFTY27JAN2624000PE,NIFTY27JAN2624100PE,NIFTY27JAN2624200PE,NIFTY27JAN2624300PE,NIFTY27JAN2624400PE,NIFTY27JAN2624500PE,NIFTY27JAN2624600PE,NIFTY27JAN2624700PE,NIFTY27JAN2624800PE,NIFTY27JAN2624900PE,NIFTY27JAN2625000PE,NIFTY27JAN2625100PE
07-01-2026 09:15,26111.65,0.12662,0.1233,0.11741,0.1137738901267429,0.11005,0.10576,0.10147373280204249,0.09724,0.0957,0.09397,0.09187,0.09041,0.08908,0.08794999999999999,0.1784,0.17237,0.16928,0.1634082426523214,0.1576,0.1524,0.14697,0.14105,0.13613,0.13085,0.1264,0.12142,0.11631,0.1115
07-01-2026 09:20,26141.4,0.08632,0.10340146317313374,0.11494432362228094,0.11779,0.11197,0.11028,0.10622587713723569,0.1017272066388284,0.09837,0.09619,0.09413,0.09236,0.09057,0.08925,0.17962,0.17477,0.17004060538671154,0.16534,0.1600553397387514,0.1542,0.14753,0.14274,0.13849,0.13282,0.12823295890834113,0.12363,0.11867107897966887,0.11352999999999999
07-01-2026 09:25,26139.35,0.09147,0.09286940158504518,0.09514,0.09933,0.09599,0.09204,0.09216,0.08954,0.08996,0.08861,0.08697,0.08627,0.08541,0.0843875049544946,0.1801,0.17574,0.17154,0.16567,0.15927,0.1541264638359824,0.14919,0.14245,0.13806,0.13242,0.12877,0.12349,0.11817000000000001,0.11287123758147087
07-01-2026 09:30,26128.95,0.1086,0.10842,0.1115,0.12248,0.10715,0.11098,0.10345,0.10114633167250553,0.09864,0.09511,0.09304,0.09123,0.08971599048222265,0.08843,0.18174,0.17763571956905974,0.17206,0.16502,0.15755,0.15183920703114684,0.14691,0.14209,0.13721,0.13184,0.12722,0.12252,0.11729,0.11200000000000002
07-01-2026 09:35,26131.9,0.10462,0.10538,0.12459,0.12051,0.11225,0.11294,0.10544,0.10191447390449417,0.09896,0.09655011086740863,0.09412,0.09136,0.09014,0.08885,0.18193,0.17775057041075126,0.17226,0.16522,0.15924,0.15334,0.14784,0.1423,0.1371324916896218,0.13219,0.12733,0.12295,0.11707,0.11121347311636237
07-01-2026 09:40,26145.15,0.07079,0.07639,0.08313,0.08523,0.08675455997281907,0.08734,0.08653040467645039,0.08542216960199109,0.0845,0.08386,0.0834252878885259,0.08301,0.08262,0.08249,0.18277,0.1782,0.17265,0.16631,0.15883,0.15343,0.14961,0.14337,0.1382,0.13313,0.12864,0.12374,0.11872000000000002,0.11372003997349321
07-01-2026 09:45,26113.1,0.12852003970842307,0.11837,0.10826,0.11514,0.1083,0.1055,0.10226,0.09978324511468296,0.09741,0.09438,0.09237,0.09075,0.08935254794220626,0.08809,0.18107,0.17468,0.1704,0.16426,0.157,0.15289,0.14697,0.14089,0.13571,0.13075,0.12599,0.12096,0.11584989928501917,0.11071
07-01-2026 09:50,26110.0,0.13200392090666752,0.12087,0.10978,0.10755708017930114,0.10711609089167816,0.10476,0.09939,0.0968,0.09542,0.09316,0.09122,0.08945,0.08804997885292506,0.08699,0.18051468770426501,0.1745,0.17045,0.16386,0.15681,0.15155,0.14694,0.1412975015064102,0.13566,0.13068,0.12601,0.12109079689257456,0.11607,0.11095
07-01-2026 09:55,26108.9,0.13029,0.12175,0.13487,0.1274763803196995,0.12009,0.11328,0.10935786809517849,0.10705906218884953,0.10426,0.10032,0.09739,0.09479,0.09256,0.09083,0.18084,0.17444,0.16945,0.16358,0.15675,0.15151327824783345,0.14636,0.14063,0.1353,0.13052260396742038,0.12571,0.12047,0.11515863213278417,0.10982999999999998
07-01-2026 10:00,26140.3,0.09239,0.0877,0.115,0.11531,0.11123,0.10752,0.10161,0.09947730093366358,0.09747,0.0949533850148945,0.09255,0.09062,0.08911,0.08701156348254781,0.1828,0.17745,0.1717,0.16515,0.16067,0.15356,0.1481,0.14259,0.13726016727955587,0.13216,0.12774,0.12248,0.1173165657041216,0.1122
07-01-2026 10:05,26142.95,0.0515785343365643,0.08237,0.11304,0.11174045119997394,0.11037,0.11308,0.11004,0.10336,0.10275,0.09909,0.09616,0.09381586357431541,0.09181,0.09022999999999999,0.18298,0.17622,0.1714,0.16534,0.15961,0.15374,0.14828,0.14278,0.13766,0.13236,0.12794,0.12247,0.11739,0.11183
07-01-2026 10:10,26159.15,0.10591,0.11189,0.09886,0.09983936894946653,0.10317016962663973,0.10608484671113794,0.10588,0.1030217789506269,0.10006090600706587,0.09746,0.09524,0.09264,0.09117,0.08945,0.1848519914955053,0.17887351454868275,0.17292,0.16683,0.1608718086855342,0.15501,0.14937,0.14421,0.13893,0.1335,0.12947,0.12462,0.11843,0.11309
07-01-2026 10:15,26183.8,0.12049,0.09722,0.11136,0.09406,0.09202,0.092918695366154,0.09326,0.08786,0.08838,0.08736942459321421,0.0863465760223025,0.08527,0.08415,0.08333968874331928,0.18267,0.1790544998429833,0.17425,0.16842,0.16269,0.15663,0.15173,0.14572,0.14048,0.13536,0.13028,0.12548,0.12019,0.115
07-01-2026 10:20,26169.15,0.13492,0.11376,0.12267,0.11507429252972941,0.10785,0.10201032848226466,0.09695,0.09399,0.09285,0.09094850951847845,0.08918,0.08778,0.08646,0.08546,0.18381,0.17694,0.17224729767820496,0.1675,0.16172947596123222,0.1558330455196891,0.15024,0.1450937900520057,0.13994,0.13449,0.12949,0.12431,0.11901,0.11379
07-01-2026 10:25,26152.25,0.14819,0.11685,0.1055,0.10144,0.09830958758739497,0.09546877091055717,0.09325,0.09388,0.0911,0.08948047670663792,0.08801,0.08672,0.0857,0.08459,0.18279,0.1759,0.1705781293418108,0.1655337146372682,0.16026,0.15459,0.14949,0.14378,0.13834,0.13291,0.12889,0.1234,0.11784,0.11258
07-01-2026 10:30,26130.45,0.14045,0.13392,0.12199,0.1163883345985868,0.11119729068229985,0.10631,0.10164,0.09839,0.09615736966437907,0.09407,0.09206272963927639,0.09012227742749115,0.0883,0.08712,0.18145,0.17666,0.17139,0.16528,0.15920697772628706,0.15318,0.14805,0.14233,0.13686,0.1314,0.12709,0.1217,0.11602,0.11036267471104409
07-01-2026 10:35,26133.05,0.13848,0.13213,0.12467423544820225,0.11667237168896051,0.109,0.10357,0.10375,0.09754,0.09843,0.0955924258127939,0.09299,0.09112548860972602,0.08935,0.08769,0.18193693114578416,0.17607,0.17133,0.16478,0.15879172339739198,0.15317,0.1486,0.1426589847345032,0.13675,0.13159,0.12694,0.12169,0.1163006481439735,0.11086000000000001
07-01-2026 10:40,26144.05,0.13054421197939295,0.1239,0.11659190970545644,0.11069,0.10598954559397694,0.10253,0.1000738421779418,0.09761,0.09496,0.09265344647497235,0.09067,0.08892088369052438,0.08738,0.08609,0.18288,0.1777664906363899,0.17204,0.1655,0.15977,0.15409,0.14898,0.14327,0.13781,0.13264,0.12761,0.1223777751058236,0.11697,0.11168187769525079
07-01-2026 10:45,26141.15,0.12448,0.1184578223061354,0.11456,0.114,0.10828,0.10332,0.10041,0.09745,0.09442130680119834,0.09195,0.09043,0.08885,0.08729315448362349,0.08575000000000002,0.18131,0.1766,0.1710765529079567,0.16533,0.15938,0.15392,0.14844,0.14292,0.13762,0.13204,0.12718,0.12241,0.11676,0.11113255495024633
07-01-2026 10:50,26146.85,0.15441,0.12166,0.12264,0.12576,0.11382040902397392,0.10062,0.10272478126988789,0.10421,0.10121,0.09751,0.09502,0.09229,0.09052,0.08866,0.18168,0.17658552247991155,0.17128,0.1657,0.1598653333334312,0.15411,0.14865,0.14331,0.13772,0.13245,0.12747,0.12241,0.11671,0.11127
07-01-2026 10:55,26168.55,0.11618,0.09908,0.10582,0.10285886510165182,0.10027,0.09883,0.09819,0.09465,0.09529,0.09256,0.0906,0.08877,0.08737,0.08584,0.18331,0.17727,0.17315,0.16687,0.16117,0.15559114486470968,0.1501,0.14478,0.13937,0.13411,0.12903,0.12358711916499682,0.11815,0.11276999999999998
07-01-2026 11:00,26160.15,0.14217,0.10926,0.12493,0.12832,0.11709,0.11632,0.11182,0.10649,0.10367,0.0996,0.09689,0.09419,0.09188,0.08931343259994273,0.18281,0.17727,0.17264,0.16635,0.1605554634316908,0.155,0.14973,0.1444,0.13896,0.1334,0.12844,0.12318,0.11743,0.11204
07-01-2026 11:05,26182.1,0.05,0.06317,0.10803,0.11224,0.11009,0.10412,0.09991,0.09817,0.09486562009989978,0.0919,0.09003086239745345,0.08838,0.08688,0.0856,0.18446,0.17867,0.17404,0.16776,0.16186,0.15638732325708166,0.15102,0.14572,0.14039326380083333,0.13508,0.12996316280945122,0.12479,0.11928,0.11373
07-01-2026 11:10,26166.7,0.08281570277645842,0.10165,0.12041,0.11226785982146582,0.10432,0.09995652547986687,0.09653,0.09426298568648403,0.09205,0.08991,0.08867,0.08698735440505158,0.08535,0.08431,0.18353,0.1772,0.17284,0.16679,0.16173,0.15382,0.14922513410070154,0.14469,0.13988,0.13401,0.1289835706867971,0.1239,0.11804,0.11274
07-01-2026 11:15,26148.15,0.15103,0.12068,0.11892339929781874,0.11697,0.10479,0.10114,0.10383,0.10015,0.09801,0.09549050884316045,0.09307,0.09095975339931245,0.08902,0.08724,0.18212,0.17646,0.17102386852441467,0.16562,0.1597,0.15445,0.14843,0.14362,0.13802,0.13232,0.12737819349849752,0.12244,0.11685,0.11124
07-01-2026 11:20,26148.9,0.13325,0.13933052660145173,0.13221,0.10563,0.10438,0.09899358445647725,0.09484,0.09535,0.09333882953163908,0.0912,0.08892,0.08742,0.0862,0.08517,0.18180055836122253,0.17612,0.17222,0.16569,0.15987133401900727,0.15412,0.14849,0.14368,0.13808,0.13238,0.1278,0.12229804549817949,0.11682,0.11139
07-01-2026 11:25,26140.4,0.14019,0.14407981902244618,0.13724,0.11602,0.10911,0.10563184411142683,0.10215783975919002,0.09887101726508268,0.09595018021568744,0.09357,0.09151768126911948,0.08967,0.08807,0.08663000000000001,0.18093762387289766,0.17534,0.17146,0.16493,0.15901,0.15337,0.14818541816713338,0.14296,0.13721,0.13166,0.1265828428496029,0.12146,0.1159,0.11031
07-01-2026 11:30,26144.45,0.13223,0.1238,0.13491,0.12795,0.10692,0.10959,0.11051,0.10497,0.10338,0.09905,0.0955,0.0933,0.09089,0.08913,0.18165,0.17587,0.17124,0.16588,0.1595,0.15399785985942688,0.1487222713239011,0.14324,0.13734,0.13195,0.12677,0.12154,0.11602,0.11071
07-01-2026 11:35,26160.05,0.1379,0.10954,0.12705,0.11342,0.1144,0.09898,0.09861,0.0955,0.09382,0.09112,0.08876,0.08740643205693649,0.08612,0.08472999999999999,0.18262,0.17686,0.17249,0.16689,0.16051,0.15488,0.14989,0.1443,0.13873,0.13333,0.12776,0.1225515879408352,0.11739,0.11192
07-01-2026 11:40,26147.1,0.10817673253429419,0.12168,0.13513,0.11628,0.12094,0.10735,0.10434,0.10055099831313172,0.09677,0.09297,0.09119,0.08937,0.08741,0.08616,0.18184,0.17607,0.171117521052427,0.16608,0.15948,0.15385,0.14842,0.142907536814718,0.13755,0.13244,0.12735,0.12187,0.11653,0.11076
07-01-2026 11:45,26136.15,0.15533,0.13021,0.12347,0.11775517819126152,0.11218364838185148,0.10719,0.10479,0.09917,0.09782,0.09505,0.09244,0.09021,0.08846615417093885,0.08711,0.18118,0.17565,0.17042380096062537,0.16517,0.15878,0.15314,0.14771,0.14255,0.13711,0.13168,0.12657,0.12108,0.11572725130031303,0.11045
07-01-2026 11:50,26138.65,0.15371,0.12839,0.12183,0.10693,0.11294,0.10374248408967844,0.09573,0.09332,0.09232,0.08996,0.08826,0.08661,0.08536871501736684,0.08458,0.18163,0.17566,0.17031831884628004,0.16488,0.15896,0.15312,0.1477,0.14256,0.1371512586593779,0.13173,0.127,0.12127,0.11611,0.11082
07-01-2026 11:55,26126.7,0.14946468383054684,0.13681,0.1208805534175953,0.11165,0.11006,0.10405,0.10053,0.0968,0.09586,0.09323914693327935,0.09077,0.08899170928537006,0.08749,0.08637,0.18119,0.17588036360083678,0.17019,0.16413,0.1582,0.15235,0.14692,0.14193,0.13603,0.13077,0.12604,0.12062,0.11541,0.11041999999999999
07-01-2026 12:00,26121.55,0.16447,0.14018,0.12062,0.1143349748296763,0.10953092745767415,0.10525,0.10099,0.09795,0.09557,0.09277,0.09077,0.08877,0.08711725486290589,0.08586999999999999,0.18089,0.17468,0.17036,0.16382,0.15788,0.1521617525769342,0.14659,0.14119775536251142,0.13584,0.13042,0.12544,0.12036,0.11541,0.11002
07-01-2026 12:05,26110.95,0.17059,0.14320033578814667,0.12592,0.11854,0.11393,0.10904,0.10471,0.10109179488677907,0.09790897675184852,0.09505,0.09261,0.09062774834427836,0.08885698907234066,0.08730999999999998,0.18024,0.17388,0.16946,0.16361,0.15773852001811015,0.1518815907092068,0.14608,0.14106,0.13542,0.13009,0.12564,0.12023,0.1149,0.10954
07-01-2026 12:10,26110.45,0.16782217843222275,0.14699,0.12624,0.12268,0.11565285969732868,0.10926,0.10682,0.10029,0.10023,0.09643,0.09378,0.09151,0.08936,0.0870295922399905,0.18051,0.17387,0.1685828930328991,0.16336,0.15632,0.15152,0.14588,0.14087,0.13554,0.13007,0.12538,0.11999,0.11469,0.10926000000000001
07-01-2026 12:15,26107.4,0.1726,0.14450271237903053,0.1281,0.12195066544946348,0.11678299486210644,0.11083,0.10355,0.10125,0.09722,0.09467,0.09205,0.09009,0.08853,0.08725,0.18033,0.17372,0.16902,0.16318,0.15679,0.1510742743447785,0.14568,0.14051,0.1352,0.13013,0.1254,0.11967,0.113962965993476,0.10827871461846887
07-01-2026 12:20,26103.3,0.14749,0.15113,0.12846,0.12228,0.11176,0.1131,0.10716,0.10184,0.09835,0.0960458330702893,0.09375,0.09145,0.08962,0.08819999999999999,0.18064,0.17369,0.1683405560356896,0.16293,0.15675,0.15088,0.14568952575668034,0.14057,0.13537,0.12972,0.12512,0.1199,0.11499999999999999,0.11011956093030213
07-01-2026 12:25,26106.55,0.14529,0.13626069535778113,0.12654,0.11526,0.11023,0.10932,0.10306,0.09924,0.09688,0.09433,0.09216,0.09023390034440043,0.08851,0.08719000000000002,0.18086,0.17367,0.16924,0.16338,0.15697,0.15111,0.14589507970597837,0.1408,0.1358090081164975,0.13086207297058033,0.12583,0.12057,0.11544,0.11046
07-01-2026 12:30,26108.85,0.1361568317270818,0.13189,0.12764,0.12135,0.11389,0.1097,0.1052,0.10143,0.09905,0.09602,0.09375,0.09162557952341786,0.08962,0.0881,0.17932186683801735,0.17382,0.1683238082797484,0.1627352842585785,0.15713,0.15127,0.14704,0.14155120807273713,0.13588619982169267,0.13053,0.12554,0.12044,0.11535,0.11008
07-01-2026 12:35,26106.25,0.13895,0.1302825732188693,0.122512676530259,0.11553,0.11035,0.10842,0.10552,0.10146,0.09871,0.09611,0.09355,0.09121380347854458,0.08912,0.0867512001907788,0.17976,0.17473,0.169,0.16316,0.15719,0.15237,0.14602,0.14097,0.13531,0.13035,0.12571,0.12036,0.11515999999999998,0.10998075853827981
07-01-2026 12:40,26103.5,0.11991,0.11696,0.11289,0.10667,0.10291,0.09917183635284735,0.09545,0.09235,0.0917,0.08965,0.08826,0.08653,0.0853,0.08439,0.1796,0.17457,0.16884,0.16299,0.15724,0.15153,0.14638,0.14079,0.13557,0.13083,0.12552,0.12089,0.11587,0.11087003997349336
07-01-2026 12:45,26084.3,0.13611,0.13107,0.1253,0.11451,0.11253,0.10675,0.10199217035701728,0.0982,0.09613,0.09317,0.09116,0.08921,0.08762036728321661,0.08642,0.17736382560046315,0.17193,0.16623519515376134,0.16086,0.156,0.15028,0.14511,0.1395,0.13425,0.12896,0.12449,0.11961415071658314,0.11458242585544336,0.10936999999999998
07-01-2026 12:50,26084.8,0.13576,0.13076,0.12502,0.11425,0.11181,0.10873,0.10386,0.09994,0.09747,0.09457,0.09258,0.09068405487909069,0.08887,0.08759,0.17985,0.17281,0.16768,0.16159,0.15605,0.15118,0.1453726355227273,0.13954,0.13415,0.12921247124048008,0.1243,0.1192,0.11390999999999998,0.10864111782067311
07-01-2026 12:55,26089.25,0.12587076479315792,0.1241069033709262,0.12235,0.1206,0.11469,0.10908,0.10466,0.10084,0.0984,0.0947,0.09279,0.09043,0.08873,0.08741,0.1788613989733316,0.17328906619019777,0.16774,0.16189,0.15657,0.15117,0.14577,0.13937,0.13418,0.1288,0.12429,0.11934,0.11381,0.10830207590705525
07-01-2026 13:00,26099.15,0.13774,0.12746406182547695,0.12114,0.11955,0.11469,0.10982,0.10501160330366378,0.10038,0.09815,0.09453,0.09202,0.09013,0.0883,0.087,0.17939,0.17435,0.16855296357680477,0.16276,0.15729,0.1513,0.1457047627181225,0.14022,0.1348181637599059,0.12951,0.12442,0.11914,0.1141,0.10896
07-01-2026 13:05,26103.3,0.11737580145605117,0.11724,0.11886047938024334,0.11697,0.11188,0.10731,0.1025,0.09934,0.09665,0.09380235095312527,0.09115,0.08926,0.0873,0.08606,0.17966,0.17424403965242083,0.16866,0.16285,0.15729,0.15201,0.14642,0.14034,0.13517,0.12983930177448866,0.12461,0.11956,0.11452,0.10938
07-01-2026 13:10,26105.85,0.13259,0.11512,0.11756889357449245,0.11921,0.10758,0.10426,0.10056,0.09768737921595527,0.09497,0.09178,0.08993,0.08809,0.08666193132526553,0.08572,0.1789,0.17454,0.16883,0.16274,0.15661,0.15176,0.14596987881239412,0.14036,0.13536,0.13035985647503617,0.12528,0.11997,0.11473,0.10925000000000001
07-01-2026 13:15,26097.2,0.13545,0.12209,0.11902397953957715,0.11702335993716659,0.11389,0.10921472227554746,0.10445719481788958,0.10025,0.09667,0.09342,0.0919,0.08937,0.08773943617993814,0.08674,0.17932,0.17401,0.16878,0.16261,0.15718,0.1512,0.14514,0.14012,0.13494423611694265,0.1298,0.1249,0.11945,0.11408,0.10916
07-01-2026 13:20,26097.45,0.13528,0.12192,0.12229,0.11051,0.10726,0.10272,0.09787,0.09553,0.0935,0.09048,0.08899,0.08744944351517119,0.08593,0.08506,0.17786,0.17271,0.16758425153384607,0.16248,0.15609,0.15123,0.14535,0.13998566725666958,0.1348,0.12982,0.1247335521356711,0.1196300009626619,0.11450391627640918,0.10935
07-01-2026 13:25,26076.35,0.13635,0.13632,0.13447,0.11507,0.11124,0.10481,0.10174,0.09783,0.09578,0.09306,0.09101999999999999,0.08872266180714328,0.08643404218627133,0.08415407521221752,0.17677,0.17141,0.16651,0.16114,0.1555757227539888,0.14992,0.14396,0.13872,0.13343952595918324,0.12817973060502103,0.12294,0.11771,0.11287,0.1080493214087066
07-01-2026 13:30,26070.0,0.14088,0.1438386971074342,0.13783,0.11987,0.11361,0.10876350234867113,0.10411827791885243,0.10029,0.09795,0.09434,0.09254,0.09022,0.08856,0.08660883588294592,0.17822,0.17166,0.16616533522695262,0.16075,0.15539,0.14993,0.14420889948263413,0.13846,0.13292759570031523,0.12764,0.12272,0.11768859058237743,0.11258,0.10720000000000002
07-01-2026 13:35,26074.55,0.16434027130389497,0.14987660764159486,0.13547,0.12112,0.1144,0.11189,0.10505,0.10046,0.09766,0.09457,0.09234,0.09017,0.0882,0.08695,0.17852,0.17271305648881224,0.16691,0.16108,0.15554547607187832,0.1502226484823807,0.14467,0.13862,0.1328,0.1281,0.12259,0.11738,0.11229,0.10722031941535466
07-01-2026 13:40,26074.2,0.13798,0.13149,0.13567,0.12103,0.11374,0.10857843339930642,0.104,0.10033,0.09781,0.09473977112133176,0.09207,0.09026,0.08842,0.08693,0.17851,0.17132,0.16666,0.16104,0.15485,0.1497584899617818,0.14464,0.13877,0.13308,0.12729,0.12293,0.11799,0.11273811968347984,0.10731
07-01-2026 13:45,26072.8,0.1440285292575713,0.1375,0.13108910025358306,0.12452,0.11755,0.1126,0.10713,0.10257,0.10008,0.09637,0.09394,0.09167,0.08976,0.08827,0.17844,0.17248916869382333,0.16658,0.16074,0.15523012383062185,0.14982,0.14267,0.13852,0.1327650601959718,0.1272,0.12272,0.11748,0.11227,0.10712
07-01-2026 13:50,26083.4,0.1311,0.13079,0.13071,0.11458,0.1109,0.10573,0.09955,0.09775,0.09571,0.09249,0.09049,0.08864,0.08724,0.086,0.1787642957625915,0.17288487347752912,0.16703,0.1611295476295667,0.15547,0.15029,0.14357,0.13909,0.13359,0.12796,0.1235,0.11838,0.11309,0.10797000000000001
07-01-2026 13:55,26079.6,0.13406,0.13572624863522806,0.13283,0.12454,0.11271,0.11314,0.10761960844275588,0.10267,0.09951,0.09595,0.09371,0.09128,0.08935337625482032,0.0879,0.17644,0.17088,0.1663,0.16097,0.15524,0.14995,0.14429710831131284,0.13868,0.13319,0.1277,0.12323,0.11758,0.11262,0.10767980045189751
07-01-2026 14:00,26088.65,0.12683,0.12726,0.1211111655057599,0.11303189123126985,0.10839,0.10736,0.10616,0.10297921827236296,0.09891,0.09497,0.09246605626280002,0.09048,0.08855,0.08723000000000002,0.17790907894811095,0.1722627517001757,0.16664,0.16202,0.15453,0.15055,0.14487,0.13898,0.13368,0.12808,0.12366,0.11826,0.11304,0.10766
07-01-2026 14:05,26096.3,0.11994,0.12171,0.11491,0.11938,0.10453,0.10799,0.10284,0.0991417517767164,0.09561982617110622,0.09296,0.09098,0.08902689030957045,0.0871,0.08586000000000002,0.17797,0.17139,0.16704344024114154,0.16253,0.15645482231121247,0.15048,0.14506991508515252,0.13967,0.13406,0.1293,0.1241,0.11873,0.11363,0.10818
07-01-2026 14:10,26100.95,0.11527,0.11807,0.11166,0.11718,0.11077,0.10686,0.10024,0.09667,0.09492,0.09253519899869907,0.08999804128687755,0.08774,0.08612068264693973,0.08509,0.1770520203250316,0.17169,0.16800565789700697,0.16284,0.15557,0.15079,0.1446,0.14033,0.13485,0.12961480288263902,0.12445,0.11951,0.11389,0.10872
07-01-2026 14:15,26097.3,0.12686491095608102,0.12055,0.11426,0.11114,0.10756697132350217,0.10373,0.09785,0.09562491051286366,0.09355,0.09092,0.08907946777900992,0.08749,0.08602,0.08474,0.17776,0.17148,0.16773,0.16193,0.15535,0.15096,0.14437,0.13993,0.13446,0.12926,0.12455,0.11925,0.11381,0.10886
07-01-2026 14:20,26090.7,0.12516,0.12549,0.12042928016468474,0.11458,0.10805,0.10479613914551206,0.10217,0.09626,0.09463,0.09177,0.08988,0.08806496885659547,0.08632,0.08519999999999998,0.1760003491488169,0.17108,0.16806,0.16129,0.15707,0.15093,0.14504,0.13933587691530577,0.13371,0.12826,0.12397,0.11856,0.11323,0.10826000000000001
07-01-2026 14:25,26090.45,0.1254,0.12569,0.11928867883558208,0.11309,0.11201,0.10684376295358683,0.10202,0.09951567765016886,0.09695,0.09333,0.09125,0.08930648692003548,0.08744,0.08588,0.17707,0.17308876129410758,0.16806,0.16128,0.15769,0.14994,0.14486,0.14014,0.134,0.12826,0.12384,0.11834,0.11312,0.10767
07-01-2026 14:30,26098.65,0.11775,0.11524514248921548,0.11338,0.11283,0.108,0.10375,0.0957,0.09374,0.09245,0.08931,0.08759,0.08631793036535457,0.08508,0.08388,0.17759,0.1716,0.16859,0.16182,0.15844,0.15109,0.14578,0.14087,0.13488,0.12884,0.12377749137302267,0.11906,0.11385,0.10866079845854575
07-01-2026 14:35,26088.15,0.12742,0.12736,0.12038,0.12188,0.1129,0.10654,0.10546,0.10076,0.09843,0.09465,0.09268,0.09026,0.08763161268092257,0.08501316257769616,0.17696,0.17096,0.16619740806917985,0.16200855399737174,0.15715,0.15041,0.14522060469004477,0.14,0.13416,0.12904248865712697,0.12393,0.11829,0.11299642397372663,0.10792000000000002
07-01-2026 14:40,26097.55,0.11889,0.12046,0.12177865023359118,0.12266,0.10834,0.11052,0.10398,0.10004,0.0976,0.09418,0.09197428138834197,0.09003,0.08824,0.0868,0.178128691693624,0.17267,0.16855,0.1635147404684028,0.15778,0.15104,0.14536,0.14082,0.13497,0.12892,0.12414,0.11889,0.11311,0.10735307391370316
07-01-2026 14:45,26107.25,0.12396,0.11763,0.1223,0.1067,0.10319,0.10394,0.09526,0.09287,0.09155,0.08889,0.08749,0.08584,0.08476,0.08370000000000001,0.1788194116508072,0.17329,0.1690934980797962,0.16401,0.15780738934840666,0.15169,0.14639,0.14065845470238872,0.13506,0.12989,0.12485,0.11950621854046141,0.11414,0.10918
07-01-2026 14:50,26098.4,0.13162,0.13675,0.12915,0.12292,0.11772260580751498,0.11258,0.10664,0.1023,0.0996,0.09579,0.09332,0.09112,0.08834960520186844,0.08558968451114919,0.17642,0.17267121233620997,0.16839,0.16346,0.15807,0.15112,0.14581,0.14057,0.1343,0.12831,0.1241,0.118627502751497,0.1132,0.10799999999999998
07-01-2026 14:55,26113.35,0.13149,0.12732,0.11988,0.1167,0.10902,0.10408,0.10127,0.09839977284293738,0.09552,0.09223,0.09015,0.08825751340426392,0.0865,0.08529,0.17946,0.1737,0.16935,0.16430740714125452,0.15885,0.15262937511378016,0.14645,0.14127,0.13524524692801704,0.12937,0.12507,0.11986,0.11433,0.10908
07-01-2026 15:00,26123.1,0.12276,0.11978,0.11306,0.11132,0.10302,0.10080064519028825,0.09855,0.0946,0.09216165166874,0.09028,0.08881,0.08709,0.0856629882891427,0.08446,0.17827,0.17383832558115384,0.16948,0.1653,0.15908,0.15355,0.1473,0.14211,0.13767,0.13048,0.12578,0.12037,0.11508,0.10981111782067311
07-01-2026 15:05,26133.7,0.11118,0.11022,0.1109990446892667,0.11163,0.10334,0.10225,0.09753,0.09433,0.091946342945074,0.08993,0.08822,0.08652,0.08516304411736093,0.08421,0.17893,0.175,0.16966,0.16599,0.15880802125297752,0.15163,0.14746,0.14223607008695774,0.13677,0.13081,0.12618,0.12072,0.11529,0.10998000000000001
07-01-2026 15:10,26142.1,0.09884,0.11876,0.11059,0.11222,0.10533,0.10244,0.09801,0.09482,0.09307,0.0906,0.08896,0.08737,0.08575,0.08414821520053407,0.1794490945235274,0.17441,0.1702607619352689,0.16564,0.16034,0.15424,0.14863904104104894,0.14321307962935123,0.13766,0.13155,0.12641,0.12179,0.11633,0.11054999999999998
07-01-2026 15:15,26147.8,0.10654,0.11355,0.10582,0.09637,0.09414396580828693,0.09213,0.08989,0.086,0.08722,0.08611,0.08507,0.08366,0.08305,0.08238,0.17951,0.1759,0.17108,0.16531,0.16005602068265062,0.15482,0.14842,0.14365,0.13775,0.13182,0.12758,0.12236660659119804,0.11657,0.11109798622412713
07-01-2026 15:20,26138.3,0.11792,0.12203,0.1136,0.10598,0.0986,0.09832,0.09507,0.09256436561162847,0.09046,0.08884,0.08713,0.08600676694480576,0.08502,0.08402000000000001,0.18137,0.1742,0.17198,0.16635297086158413,0.1599,0.15239,0.14836,0.14335,0.13727,0.13102,0.12552,0.12142,0.11616,0.11053999999999999
07-01-2026 15:25,26139.7,0.11638,0.12088,0.11254,0.10538953706713722,0.09944,0.09616,0.09398,0.09147,0.09192,0.08946783450436557,0.08703,0.08549,0.08382158661950083,0.08215948105511782,0.17936,0.17731,0.17159,0.16754,0.16085,0.15228,0.14936,0.14228,0.13722,0.13176879757935445,0.12627,0.12052,0.11608,0.11012
08-01-2026 09:15,26101.75,0.11678,0.09554443474083411,0.09164,0.11444,0.09806,0.1029,0.09933,0.0938,0.09226,0.09026,0.08847,0.08752670894911233,0.08673,0.08567,0.18174,0.17806,0.17069,0.16500895734584045,0.15934,0.15365870408524437,0.148,0.14234,0.13554,0.13056,0.12504,0.11964,0.11442999999999999,0.1092407984585456
08-01-2026 09:20,26109.7,0.10711,0.08740438171560923,0.0813,0.09165,0.09017,0.09083,0.08783,0.08680737294231862,0.08582076330445378,0.08478,0.08368,0.08269000000000001,0.08167162381530764,0.08065709783331988,0.18325711435358097,0.17724,0.17249,0.16595822745093952,0.15934,0.15404,0.14616,0.14272,0.13626,0.13099,0.12583292420209552,0.1207080743047324,0.11556,0.11016
08-01-2026 09:25,26087.55,0.10989,0.10957621268003259,0.10509,0.09447,0.09178,0.0908,0.08627,0.0861,0.08568,0.08435,0.08382421180291035,0.08332,0.08282629460958325,0.08234,0.18263,0.17725972409647206,0.17156,0.16552077602055185,0.15911958233793475,0.15257,0.14449,0.14138,0.13473,0.12985,0.12516,0.12037,0.11455,0.10927
08-01-2026 09:30,26063.1,0.13321,0.11121,0.10224,0.1061,0.09787,0.09834,0.09432,0.0918,0.091,0.08905,0.08773451313488884,0.0865709055296755,0.0856,0.0849,0.18109,0.17429,0.16925,0.1631417696363226,0.15695,0.15213,0.14305,0.14003,0.13411,0.12880317885386258,0.12354408149610403,0.11838502248371076,0.11337705495362237,0.10857000000000001
08-01-2026 09:35,26053.95,0.14005,0.13914666043808457,0.13308835683519338,0.1235,0.10269,0.11067,0.10566,0.10007,0.09883,0.09635562549553987,0.09374756923726149,0.0915,0.09,0.08789660244113676,0.17789,0.1736900030719137,0.16867,0.16249493795302247,0.15635,0.15153,0.14545804719917846,0.13941,0.13378,0.12774,0.12355,0.11742,0.11243,0.10685000000000001
08-01-2026 09:40,26092.65,0.05,0.07222,0.10736,0.10182,0.09554,0.09358320549618417,0.09243,0.09023,0.08867,0.08688,0.08601040635089187,0.08526,0.08434357615616853,0.08339,0.1820422706536907,0.17621,0.17119,0.16453,0.15915,0.15415,0.14546,0.14211,0.13591,0.13053,0.12530311825964788,0.12010444764814295,0.11495367162530215,0.10987
08-01-2026 09:45,26077.7,0.12038,0.09884,0.10264934479608076,0.1063,0.09633,0.09896,0.09438,0.09351549375458808,0.09236,0.09023,0.08831,0.08718,0.08581,0.08438168927850526,0.18062,0.17472,0.17048,0.16608,0.15957231783071565,0.15256,0.14601,0.14108,0.13526941435383716,0.12961,0.12496,0.11967,0.11477,0.10918999999999998
08-01-2026 09:50,26070.8,0.12674,0.12348,0.12264,0.11922705691879627,0.11486534802270766,0.1098,0.10385,0.09989,0.09784,0.09522,0.09286,0.09054,0.08870455202818309,0.08742,0.1802,0.17457,0.1698,0.16429,0.15795,0.15191,0.1462341621116586,0.14061,0.13485,0.12954,0.12542,0.11937,0.11424,0.10913047909641818
08-01-2026 09:55,26089.4,0.11893,0.11393463088916991,0.10995,0.10776,0.1017,0.09898,0.09518,0.09178,0.08972876319540352,0.0884,0.08725692917392663,0.08609,0.08468,0.08382999999999999,0.18197,0.17577,0.17225,0.16643,0.16002554004798197,0.15377,0.14812,0.14291,0.1370739197072308,0.1313,0.12645,0.12110999999999998,0.11579140286302983,0.11049403770726418
08-01-2026 10:00,26081.9,0.12612,0.11463,0.11541,0.09567,0.0905,0.09307,0.09216,0.08933659080754375,0.08683,0.08542472509496606,0.08427982165801816,0.08348,0.08295,0.08222,0.18152,0.17531,0.17055,0.16595,0.15977,0.15308,0.14762,0.1424,0.136403873304966,0.13036,0.12591,0.12012,0.1156,0.1098
08-01-2026 10:05,26068.05,0.13746,0.12556,0.10291,0.10074522116963983,0.09975,0.09371,0.09075744263544698,0.08884,0.08766314540442519,0.08659,0.08564,0.08442,0.08374,0.0827702969528732,0.1829,0.17444,0.1704,0.16505,0.15844,0.15236,0.1465,0.14209,0.13589,0.13005,0.12485918736515822,0.11972,0.11452,0.10903
08-01-2026 10:10,26050.3,0.1623887329308578,0.13736,0.11243,0.11244,0.10882694095012746,0.10496,0.10030732608255745,0.09617,0.09397,0.09127,0.08964,0.08765,0.08613256702439465,0.08499,0.18178,0.1745,0.16974,0.16348486480775384,0.15727,0.15117,0.1453,0.1407,0.1342,0.1289,0.1237,0.11806,0.11244260527106521,0.10684763533126763
08-01-2026 10:15,26055.25,0.12383,0.13428,0.109,0.10141,0.0969,0.09310473661518572,0.08976596818316383,0.0878,0.08731,0.08648,0.08509,0.08406,0.08321,0.08213400489719784,0.18044,0.17472,0.17055,0.16423,0.15803,0.15249,0.14583,0.14138,0.135,0.12954,0.12443,0.11939,0.11427,0.10917043917615228
08-01-2026 10:20,26034.9,0.11583273268039682,0.11514,0.11445,0.10932,0.10163,0.10165,0.09571,0.09396,0.09295,0.091,0.08918,0.08756,0.08624619789291488,0.08519,0.17801,0.17343,0.16923,0.16312,0.15709,0.15112,0.14533,0.14027,0.13414,0.12859,0.1235,0.11824,0.11347,0.10802
08-01-2026 10:25,26034.15,0.12655293075289512,0.12074,0.11495,0.11098267949185835,0.10714418546394149,0.1034034211357084,0.09973,0.09619,0.09422,0.09223488312140186,0.09026,0.08852,0.08737,0.08564117607119404,0.17913,0.17427442350718952,0.16909904966162473,0.1633,0.15706,0.15089,0.1454611853990125,0.14023,0.13396,0.1288,0.12351254756291266,0.11819,0.11291691530736699,0.10766488090905024
08-01-2026 10:30,26034.2,0.13043,0.12296,0.11721,0.11248,0.10654,0.10325,0.0989,0.09655,0.09457692053014703,0.09269,0.09096,0.08901,0.08715147149092589,0.08529996957143617,0.17904075038120157,0.17341,0.1702014421144636,0.16481,0.15625,0.15166,0.14587521167478104,0.13998405921119036,0.1344,0.12945,0.12358,0.11841,0.11343,0.10782999999999998
08-01-2026 10:35,26040.5,0.11556,0.1184,0.10955,0.10308,0.09929,0.09834,0.0948249651419835,0.0917,0.0908,0.08918,0.08801,0.08678819444765976,0.08555,0.08427086573080732,0.1804,0.17383,0.16963799829538384,0.16525,0.1583893357901579,0.15173,0.14627,0.14086,0.13472,0.12929,0.12429,0.119,0.11438,0.10882000000000001
08-01-2026 10:40,26027.15,0.12731,0.12778,0.11939,0.11291184986664861,0.10746,0.10523,0.09862,0.09599605307815624,0.09385,0.09193371706005893,0.09018,0.08868438707075597,0.08734940885092649,0.08618000000000002,0.17956,0.17298,0.1673845910380697,0.162,0.15683,0.15071826293019927,0.14466,0.13962,0.13434,0.12845,0.12352,0.11748,0.11241551259426741,0.10803
08-01-2026 10:45,26033.1,0.13297145084657158,0.12435372789795374,0.11577,0.10722,0.10445358321606082,0.10168,0.09616,0.09329,0.09228,0.0904,0.08908,0.08753,0.08598471047641987,0.08444526327122141,0.17855,0.17350139126795305,0.16848,0.1635,0.15772361318414957,0.15125,0.14402,0.1402,0.13407,0.12838,0.12398,0.11885,0.11398,0.10838
08-01-2026 10:50,26029.85,0.11819,0.12603,0.10632,0.10039377734563538,0.09795,0.09934,0.0960799376377749,0.09317,0.09208,0.0907135952169076,0.08927,0.08758,0.08634,0.0849007150385508,0.17836,0.17319483555645732,0.16804,0.16287,0.15642,0.15122,0.1454,0.14014,0.13441,0.1293,0.12408,0.11841,0.11399,0.10857
08-01-2026 10:55,26018.95,0.12741,0.13303,0.11934078379853993,0.10692,0.10445205844261755,0.10154,0.09625,0.09308,0.09332,0.09144,0.08964,0.08828,0.08684,0.08605,0.17825,0.1725,0.16731946290819788,0.16215,0.1557,0.15049,0.14465,0.13969,0.13433,0.12879189493244186,0.12315067731085957,0.11767,0.1138,0.10994544914291221
08-01-2026 11:00,26016.4,0.12889,0.11864,0.10849,0.11085,0.1006,0.10269,0.09771,0.0946,0.09377,0.09163,0.09004501277389766,0.08867,0.08760999999999998,0.08609616411506209,0.17905104641106248,0.17326995963253874,0.16751301107368688,0.16178,0.15696,0.15046205862646508,0.14414,0.13982,0.13432255692468287,0.12894,0.1245,0.11922000000000002,0.1139611623814228,0.10872331818246338
08-01-2026 11:05,26011.95,0.13223,0.12934,0.12052934069041171,0.11196,0.10841,0.1012,0.09888,0.09649,0.09428891082564267,0.09243,0.0908657902006436,0.08946200133277608,0.08817,0.08698,0.1822469811140931,0.1758,0.16808,0.16128,0.155526369368228,0.15004,0.14470637415441392,0.13952,0.13506,0.12899,0.12398189944556404,0.11898,0.11392,0.10879999999999998
08-01-2026 11:10,26009.35,0.1483786338424304,0.13098,0.11365,0.10859,0.10406405906707669,0.10029,0.09856,0.09598654969992948,0.09327638732087047,0.09127,0.08993,0.08862,0.0876,0.08655,0.17986,0.17346,0.16721829773610022,0.16112,0.15524086253806957,0.14987,0.14502057218564984,0.14024,0.13534813281265926,0.1304284478973611,0.12544,0.11999,0.11509,0.10993999999999998
08-01-2026 11:15,26005.55,0.13812091105000412,0.12268,0.1073,0.10588,0.10003,0.09851,0.09432,0.09407,0.09316,0.09112,0.08999309846751691,0.08896,0.08797707802958314,0.08703,0.18067,0.17517,0.171,0.1649513382177046,0.15854163130996698,0.15248,0.14687,0.14114,0.13579,0.13133,0.12617,0.12106319490209974,0.11597,0.11087
08-01-2026 11:20,25984.4,0.14374,0.13566,0.11071,0.10416,0.09902,0.09716739142803922,0.09553,0.09345,0.09251,0.0916,0.09065,0.08947,0.08847075738501196,0.08747529263391811,0.17931,0.17519,0.17042,0.16514,0.1596,0.15431214708078814,0.14908,0.14263,0.13824,0.13264,0.12703,0.12199,0.11699,0.11193999999999998
08-01-2026 11:25,25968.0,0.13393,0.14451,0.13033420990426417,0.11621,0.10783,0.10532,0.10246,0.09972,0.09817,0.09555,0.09402166325556115,0.09258,0.0912,0.09028,0.17801686050704224,0.17343,0.16954,0.1644,0.15998,0.15406180014151813,0.14734341553770153,0.14131,0.13656,0.13099395385275642,0.12547,0.12017,0.11526,0.10994
08-01-2026 11:30,25968.05,0.15611776854735332,0.14451,0.1298093256923086,0.11763127058229877,0.10996,0.10584,0.10212159286989635,0.09904,0.09699527997350692,0.09530374338058234,0.09381,0.0924,0.09118,0.09058000000000001,0.18026902394052732,0.17458,0.17075,0.16506378802872979,0.15917508447573075,0.15315,0.14693,0.1421,0.13492,0.13068,0.12595,0.12068,0.11592,0.11084
08-01-2026 11:35,25971.65,0.12366886629778347,0.12206627220558436,0.12047,0.11888,0.11249,0.10861,0.10423,0.10083,0.09857,0.09641,0.09465,0.09281,0.09139,0.08971266993128825,0.18067695563812836,0.17483,0.17042,0.164388482550161,0.15823,0.15199,0.1460758317936328,0.14045791369997854,0.13508,0.13001338407690255,0.12493,0.11961497885750189,0.11426,0.10886
08-01-2026 11:40,25983.85,0.13538,0.11016,0.11307,0.10963,0.10561079837213223,0.10171,0.09853749311900528,0.09626,0.09523,0.09304,0.09174,0.0905,0.08937,0.08904,0.17934,0.17566,0.17105,0.16505116505202141,0.1589940167848548,0.15302,0.14714606072131495,0.1413,0.13551,0.13019,0.12571,0.12050930883068701,0.11521,0.10985
08-01-2026 11:45,25973.8,0.12243,0.12497,0.10904,0.10857815113626092,0.10746,0.10034,0.09668,0.09539653041598,0.0941,0.09265178894211938,0.09124,0.09009,0.08932,0.08911,0.1787,0.17567,0.17019,0.16335,0.15790821032857252,0.15249,0.14695,0.14125,0.13574,0.1303,0.12569,0.12043,0.11571,0.11036
08-01-2026 11:50,25958.25,0.13347,0.12051,0.1206,0.11501,0.10958,0.10503477802947753,0.10172810412686198,0.09931,0.09775,0.09542,0.0938,0.09237,0.09104,0.08959392416120612,0.1801450487537022,0.17465,0.16935,0.16471,0.15803,0.1514,0.14585,0.14052,0.13471,0.12923,0.12457,0.11926,0.11463,0.1092
08-01-2026 11:55,25958.05,0.12189,0.11063,0.10744230123788814,0.10429,0.10066357078884332,0.09719,0.09467801279782678,0.09325,0.09271,0.09138,0.09045,0.08941,0.08854,0.08892,0.18039,0.17443,0.17054,0.16471,0.15875067146549984,0.15281,0.14684,0.14193,0.13633,0.1314174813013165,0.12657,0.12119,0.11692999999999999,0.11268700603328308
08-01-2026 12:00,25936.15,0.12217,0.11547,0.10832,0.10469572713299469,0.10256,0.10034,0.09708,0.09569,0.09503,0.09382,0.0926,0.09156244422848998,0.09081,0.09107,0.18079,0.17552,0.17076,0.16496,0.156,0.15065,0.14638,0.14198070066598242,0.13743,0.13254892577012012,0.12748,0.12229,0.11741866640317203,0.1128
08-01-2026 12:05,25896.7,0.1448,0.13668837153120406,0.12976,0.1243,0.11772,0.11319,0.11022953453041236,0.10745315674245697,0.10487,0.10247,0.10057,0.09884,0.09760753866103812,0.09685999999999999,0.1799,0.17523,0.17029124900019213,0.16499,0.15643194481869763,0.14801,0.14378,0.13852534688460386,0.13335,0.12858,0.12484,0.119688934461431,0.11452,0.10966
08-01-2026 12:10,25920.3,0.1311,0.12721,0.12316,0.11872,0.11304,0.10923,0.10565,0.10319,0.10149,0.09916,0.09766,0.09594,0.0951,0.09445,0.18108,0.17569,0.17022432883905353,0.16472,0.1588,0.15031,0.14570919129389762,0.14123,0.13549,0.1291,0.12563,0.12046,0.11531,0.10996
08-01-2026 12:15,25935.5,0.12769500592412503,0.12281,0.11750679342791959,0.11267607796883128,0.10827,0.10422746050091597,0.10135,0.09952,0.09774,0.09636,0.09485,0.09395,0.09295,0.09262,0.18318,0.17791,0.17292,0.16667616176172587,0.16035,0.1549,0.14946422636779602,0.14401,0.13794,0.13165,0.12804,0.1227,0.11781,0.11288
08-01-2026 12:20,25923.15,0.13462,0.12982,0.1211,0.11657,0.11259,0.10757,0.10425316729202022,0.10183,0.09983,0.09796,0.09661,0.09537345118999176,0.09427,0.09404,0.18674,0.17896,0.17478,0.16847,0.16299,0.15402,0.15118,0.1452,0.13893,0.13283,0.12803084941962478,0.1236,0.11875,0.11375
08-01-2026 12:25,25934.95,0.12705,0.12349,0.11508,0.11706,0.11002,0.10664469984945621,0.10373,0.1013,0.0992416831617043,0.09751,0.09629,0.09469,0.09344,0.09341,0.18718,0.17979,0.17429,0.1682702390701465,0.16228,0.15913,0.15204233951305512,0.1449,0.13854,0.13267,0.12842,0.12319020937930017,0.11803,0.11334999999999999
08-01-2026 12:30,25935.9,0.12309,0.12295,0.11958,0.10904,0.10503,0.10137040050253578,0.09853,0.09758,0.0961560335723013,0.09479,0.09357,0.09246,0.09168,0.09175,0.1855,0.17987,0.17521,0.17092,0.16484578960597276,0.15739956866731952,0.15083,0.14631,0.14015,0.13405,0.13004,0.12477,0.11989,0.11502948108977028
08-01-2026 12:35,25914.7,0.13927,0.13463,0.12849514800194592,0.12230668401443502,0.11617,0.11019,0.10670389873957951,0.10462,0.10226,0.10023767350363211,0.09835610065674283,0.09653,0.09498,0.09504,0.18467,0.18126,0.17357,0.16729,0.16143,0.15625,0.1514,0.14427,0.1375,0.13174,0.12682294848199296,0.12192,0.11697179590725959,0.11202000000000001
08-01-2026 12:40,25920.75,0.13833704957552223,0.13148,0.12465,0.11739,0.11421,0.11052,0.10652,0.10369,0.1013981340809354,0.09919,0.09712,0.0957,0.09428,0.09429999999999998,0.18451,0.1783,0.17334,0.16733820697718024,0.1613,0.15799,0.15114498861602083,0.1443,0.13768,0.1313,0.12647879646672158,0.12209,0.11710873884979511,0.11197
08-01-2026 12:45,25921.8,0.13509,0.12355502074619966,0.11644,0.11302,0.10968,0.10613,0.10366378578720555,0.10173,0.09984,0.09802,0.09637354817389457,0.09500047850890728,0.09385,0.09401000000000001,0.18459,0.1782,0.17427,0.16751,0.16183,0.15808,0.15156369822960053,0.14505,0.13860089159638875,0.13223,0.12851,0.12311,0.11799754816764008,0.11301
08-01-2026 12:50,25913.2,0.1312,0.13546,0.11517,0.12057,0.11562176964846568,0.11085,0.1067,0.10438,0.10171,0.09974,0.09825,0.09706277816509576,0.09602171302487914,0.09513,0.182989889628033,0.17763,0.17466,0.16692,0.16249,0.15695,0.15086,0.14408,0.13762,0.13137,0.12726,0.12222195992093719,0.11699,0.11152
08-01-2026 12:55,25910.65,0.1328,0.13677,0.11648,0.11758,0.11238,0.10766,0.10469,0.10295,0.1008,0.09891234090173379,0.09733,0.09612,0.09476,0.0946,0.18504,0.17875,0.17514,0.16873,0.16246319643572937,0.156236656746466,0.1500216135080405,0.14379,0.13734,0.13127,0.12722,0.12162,0.11703,0.1113
08-01-2026 13:00,25905.65,0.13583,0.13928,0.13354361048612343,0.12451,0.11087,0.11208,0.10958311769462668,0.10712,0.10472,0.10241,0.10025,0.09844,0.09673,0.09617000000000002,0.1849,0.17824,0.17416,0.16839,0.1624552137172556,0.15642,0.14973,0.1435678814168552,0.13764932018146323,0.13196354049698758,0.1265,0.12156,0.11663979965231615,0.1117392408752594
08-01-2026 13:05,25924.95,0.12353,0.12931,0.12087,0.11706,0.10851,0.10610618057857525,0.10402925815301733,0.10217,0.1003633471844892,0.09855292591431525,0.09679345258936867,0.09513839501363004,0.09364,0.09321,0.18521826887699286,0.17959,0.17537,0.16857,0.16325,0.15786,0.15166,0.14501,0.1384723857690593,0.13215,0.12785,0.12213,0.11736,0.11212
08-01-2026 13:10,25922.25,0.13656,0.12639,0.12292008824482756,0.11962,0.10956,0.1073662050026152,0.10587373591052328,0.10381,0.10093,0.09903515466502598,0.09730055871764125,0.09566,0.09417,0.0937,0.18665,0.17942,0.17404,0.1684050837903111,0.1625,0.15598,0.14979,0.14416,0.13714,0.13092,0.12699,0.12158754692980761,0.11611,0.11057999999999998
08-01-2026 13:15,25921.8,0.13686,0.12666,0.12001,0.11462,0.10975,0.10641,0.10299,0.1003478430824527,0.09863,0.09725,0.09579,0.0943521654365801,0.09295,0.09277,0.18663,0.1794,0.17502,0.17019,0.16319,0.1580669071614331,0.15262,0.1448,0.13804,0.13155,0.12777,0.1221,0.11678682145621136,0.11163
08-01-2026 13:20,25914.55,0.14112,0.13242975065522106,0.12419108900630756,0.11617,0.10916,0.10646,0.10447,0.1013,0.09915,0.09761,0.09621606380898708,0.09483,0.09341,0.09347,0.1844216440425308,0.17892,0.17386373267896973,0.16863,0.16309,0.157,0.15085556106336018,0.14458,0.138,0.13155,0.12751,0.12179,0.11652652063430376,0.11148000000000001
08-01-2026 13:25,25911.75,0.14273,0.11662,0.1115523241014513,0.10743800809803848,0.10431,0.10172,0.09957,0.09821844663245759,0.09693945868968647,0.09568044193673413,0.09439,0.09305,0.09214,0.09238999999999999,0.18654,0.178,0.17609,0.17066,0.16372,0.15681,0.15234,0.14556,0.1389827398288378,0.13278,0.12901,0.12394613370689248,0.11871,0.11330000000000001
08-01-2026 13:30,25888.65,0.15494,0.12545,0.12737,0.12153,0.11651751878599265,0.11169472628076141,0.10803,0.1054,0.10268,0.10079808483615187,0.09919,0.09714,0.0957,0.09394603983317086,0.18496,0.17858,0.17384,0.1659,0.16123,0.15495558812270352,0.14865913889982674,0.1423,0.1359,0.12941,0.12539,0.11989,0.11478,0.10938999999999999
08-01-2026 13:35,25907.5,0.13114,0.11468,0.11856,0.11656,0.10942,0.10737,0.10467,0.10234,0.09968,0.09784,0.09675,0.09513,0.09392,0.09367,0.18702,0.17624,0.17407,0.16726,0.16178,0.15753,0.149,0.14287,0.1373777486322439,0.1319100640793788,0.12646447678175754,0.1210385743001662,0.11563,0.11023999999999999
08-01-2026 13:40,25901.95,0.132,0.1260837246277835,0.12127,0.1177,0.1132928930015798,0.10863678135036897,0.10502,0.10332,0.10118084491175512,0.09908,0.09725785297653168,0.09572214174258549,0.09445,0.0942,0.18665,0.17587,0.17385,0.1679126703292401,0.16153,0.1547,0.14847,0.14279,0.13615,0.13003,0.12491381424674661,0.12005823897616935,0.11509,0.10991
08-01-2026 13:45,25914.15,0.12419,0.11049,0.12285,0.11764,0.11319731610105939,0.10884118333968665,0.10554,0.1032,0.10095,0.09865,0.09752,0.09555,0.09387,0.09366,0.18446,0.17653,0.17324,0.16776,0.161,0.15561,0.14841,0.14238,0.13660212204889347,0.13085789797502861,0.12515,0.11953,0.11462,0.10972960085056804
08-01-2026 13:50,25911.55,0.12595,0.12756,0.12328,0.11703372385905057,0.11156,0.1097,0.10648,0.1038,0.10147,0.09906,0.09742,0.0955,0.09384,0.09357,0.1843,0.17656,0.17239,0.16713,0.16083,0.15543,0.1476,0.14185,0.13535710963835,0.12901,0.12495,0.11895,0.11414,0.10917
08-01-2026 13:55,25926.6,0.13829447536355957,0.12702,0.11579,0.11513,0.11104,0.1065697515809398,0.10242,0.10115,0.09911,0.09696,0.09542,0.0937,0.09229,0.09191,0.18372,0.1776,0.17346,0.16678,0.16175066816502884,0.15655,0.14783,0.14195,0.1355517554300142,0.12932,0.12499,0.11922,0.11404504427312818,0.10919
08-01-2026 14:00,25936.35,0.107,0.11052793616937186,0.11178110361065119,0.11052,0.10497,0.10471,0.10075,0.0986634912528529,0.09673154200023563,0.0949877695508861,0.0934650051408948,0.09219531150196303,0.09121,0.09073,0.18474638528300216,0.17918157504977597,0.17364,0.16748,0.16161,0.15728,0.14829,0.14293,0.13609,0.13009,0.12561,0.12019,0.11524,0.11019
08-01-2026 14:05,25930.35,0.11223,0.11543241637319872,0.11388,0.10824,0.10288,0.10302,0.09939,0.09783,0.09620094112597091,0.0946,0.09312069554767653,0.09176923393920422,0.0905,0.0890348441672159,0.18401,0.17867370923098277,0.17306,0.16707,0.16149,0.15425,0.14839,0.1422922673568179,0.13619,0.12993,0.12574,0.11978,0.11547,0.11007
08-01-2026 14:10,25918.0,0.12095783129341953,0.120292603557035,0.11963,0.11897,0.11452,0.10981441252012744,0.10544,0.10303,0.10038,0.09775,0.09634,0.09436,0.09285,0.09241,0.18193,0.17706,0.17256,0.16621,0.16062,0.15337,0.14749,0.14216,0.13536,0.12937,0.12423009998954174,0.11915,0.11410460448318789,0.10909
08-01-2026 14:15,25928.1,0.1288885149258795,0.12166,0.11446,0.12067,0.11499369573607475,0.10934,0.10438,0.10159,0.09926,0.09710592212191156,0.09504,0.09328,0.09207119736628222,0.09133,0.18394881435134666,0.17777,0.17223,0.16661,0.16045174858026845,0.15384495298846626,0.14746,0.14187,0.13505,0.12877,0.12401,0.11844,0.1130904847286492,0.10785
08-01-2026 14:20,25935.4,0.13496,0.11721,0.12441,0.11023,0.1087,0.10349015373327868,0.09895,0.09649,0.09506,0.0934,0.09194,0.09027,0.08929688236563993,0.08901,0.18095,0.17527,0.17148,0.16355,0.15991,0.15465,0.14708,0.14081801143165085,0.13472,0.12884,0.12416,0.11825,0.11313233223418286,0.10850999999999998
08-01-2026 14:25,25922.75,0.11914766330806106,0.12481,0.13045,0.10787,0.1037100099862936,0.10105,0.09948,0.097612397916773,0.0957294829242093,0.094,0.09245,0.09096,0.08972,0.08928,0.18314,0.17546,0.17224,0.16527,0.1604,0.15514,0.14826,0.14255,0.13600962483369786,0.12967,0.12432559185486415,0.11942,0.11485,0.10948
08-01-2026 14:30,25906.05,0.13827,0.13385,0.1379,0.12758,0.12218,0.11544,0.11051,0.10707,0.10419,0.10081,0.09810860015567847,0.09595,0.09318398879262904,0.09042843511950922,0.18033,0.17553,0.17091,0.16411,0.15937,0.15227,0.14627,0.13999857519697814,0.13373,0.12739,0.12271,0.11712,0.11207,0.10621
08-01-2026 14:35,25930.65,0.12256,0.12021,0.12677,0.11586,0.11047,0.10851,0.10262,0.09925,0.09721,0.0952497337787553,0.0933,0.09138,0.08976,0.08936999999999999,0.18112,0.17722,0.1712,0.16569,0.16017401956977095,0.15463,0.14743,0.14175,0.13484,0.12871,0.12344638692971355,0.11845,0.11364,0.10884920164790883
08-01-2026 14:40,25928.05,0.12441,0.12009739045774807,0.11607600021463797,0.11228626839434219,0.10867,0.10578,0.10106,0.09931,0.09753,0.09475,0.09273575333637953,0.09117169180583261,0.09002,0.08972,0.18119,0.17706,0.17122,0.16552,0.15959392203487469,0.15346,0.14686,0.14132,0.13481770470357166,0.12841,0.12388,0.11793,0.11274523522245217,0.10801
08-01-2026 14:45,25926.4,0.12557,0.12283048832284556,0.11923,0.11485,0.11037,0.10592065309039522,0.10178,0.09907,0.09678,0.09467,0.09333,0.09151,0.09017,0.08970000000000002,0.18282,0.17696,0.17009737791475338,0.16335,0.15887,0.15278,0.14648,0.14097,0.13398,0.128448558378222,0.12295,0.11748,0.1121991658983347,0.10713
08-01-2026 14:50,25932.65,0.12118,0.11905,0.11393418181346289,0.10829414082704736,0.10319,0.09904,0.09626,0.09518,0.09340839939966307,0.09175,0.09043247173555256,0.08918,0.08805,0.08799,0.18086,0.17476,0.17156,0.1657150544871668,0.15964,0.15340065393699392,0.14722,0.14169,0.13492,0.12848,0.12409,0.11849,0.11391,0.10934828348179247
08-01-2026 14:55,25918.9,0.13056,0.12709,0.11701,0.11014,0.1061,0.10315,0.09977,0.09765,0.09557,0.09352,0.09229,0.0908635540135288,0.08947,0.08904,0.18171,0.17384,0.17044,0.16591,0.15867,0.15269,0.14649,0.14055,0.13422,0.12784,0.12326,0.1172,0.11302,0.10728
08-01-2026 15:00,25894.05,0.13427841599399012,0.11947,0.10472,0.10119,0.09857426418660559,0.09602063441692658,0.09391,0.09234,0.09109,0.08992,0.0891,0.08852256850980462,0.0880707001453679,0.08774,0.18089,0.17427035724978646,0.16812335547152485,0.16234,0.15753,0.15062,0.14532,0.13894,0.1332,0.12671,0.12274,0.11806516485151476,0.11307,0.10826397155198067
08-01-2026 15:05,25867.85,0.13369,0.12731,0.12359,0.11508,0.10997,0.10648,0.10299,0.10031,0.09836643387835604,0.09659693352654843,0.09495118365637345,0.09338,0.09204,0.09182,0.177,0.17062,0.16675,0.16034,0.15396,0.14916,0.14287946980130978,0.13662,0.13044,0.12476,0.11971078488949567,0.11483229564226412,0.11008,0.10543
08-01-2026 15:10,25878.85,0.12899,0.12152,0.115,0.11272,0.10769,0.10385024629014264,0.1008,0.09855,0.09645,0.09479705372169758,0.09346,0.09222495192956506,0.09113,0.08968192027085772,0.17776,0.1722,0.16676015567421085,0.1613,0.1554193960774361,0.14926,0.14305,0.13722,0.13119484308272683,0.12524,0.12102,0.11568,0.11072000000000001,0.10577980045189765
08-01-2026 15:15,25875.3,0.13029,0.11994,0.11446,0.11025088931528783,0.1063,0.10282,0.10033,0.09768,0.0959,0.09419315793430172,0.09259,0.09148,0.09008,0.09017,0.17687,0.17032,0.16729,0.16056,0.15484,0.14784,0.14306,0.13708,0.13093,0.12467,0.11990048170328593,0.11562,0.11073999999999999,0.10587948108977016
08-01-2026 15:20,25877.45,0.13005,0.12392,0.1134,0.10786,0.10432886318573263,0.10106,0.09813,0.09608,0.09453,0.09284892844662831,0.09119,0.09032,0.08884793324190929,0.0873814319668872,0.17703,0.17111,0.1671938961523042,0.16272,0.15578,0.14932,0.14283,0.1367568582484816,0.13088,0.12505,0.1203056897618249,0.11589,0.11116392836389238,0.10639
08-01-2026 15:25,25872.2,0.12803,0.11592,0.11061,0.10494,0.10007,0.09872,0.09589668313255603,0.09347,0.0934,0.09211787267220632,0.09086,0.0897,0.0883,0.08905999999999999,0.18019084679067646,0.17433,0.16747,0.159758396482623,0.15205,0.14913444511474028,0.14626,0.13817,0.13111273689530203,0.12504,0.12242,0.11678,0.11259,0.10841672659142174
09-01-2026 09:15,25899.85,0.14298,0.12727,0.12333987625947715,0.1199086856354186,0.11599,0.11149,0.10710707608445476,0.10327,0.10051,0.09754,0.09616,0.09431698379556487,0.09254,0.09257999999999998,0.17626,0.17371,0.1685,0.16185,0.15604,0.15102,0.14518113383266146,0.13935,0.13353,0.12681,0.12252,0.11718,0.11217564355938102,0.10734
09-01-2026 09:20,25916.2,0.13305,0.10823613703943208,0.09457,0.09091,0.08856,0.08824,0.08706,0.08685,0.08565,0.08505,0.08477,0.08448,0.084,0.08518,0.17816,0.17484,0.16986,0.1638292563866268,0.15761351097833262,0.15175,0.14643,0.14073,0.13492,0.12918,0.1242727574774366,0.11994,0.11554971178267599,0.11126
09-01-2026 09:25,25858.55,0.13567,0.12722,0.11901538462122437,0.11184,0.10806,0.10555,0.10028,0.0978,0.096,0.09441419744140105,0.09284,0.09082,0.08988,0.09067,0.1768,0.17023,0.16645,0.1605345623416761,0.1546,0.14865,0.14395,0.137,0.13104,0.12573,0.12155,0.1165,0.1117970256749749,0.10728
09-01-2026 09:30,25855.3,0.11631,0.1147803014911229,0.11252633046198822,0.10938,0.10492,0.10179,0.09982,0.09624,0.09472,0.09338316410107012,0.09208,0.09097,0.09039247080010682,0.09032,0.17635,0.17114,0.16663,0.15894,0.15504,0.1490251756996441,0.14304,0.1371938853870562,0.13143343044801,0.12588,0.12172,0.1166,0.1125,0.10776
09-01-2026 09:35,25832.05,0.13099,0.1306,0.12762,0.1166,0.11021,0.10683,0.10345,0.10058,0.09790812508207833,0.09572,0.09448282805918619,0.09351,0.09197,0.09299,0.17503,0.16911,0.1652,0.15805,0.15336,0.14717,0.14198,0.13561,0.12998,0.12431,0.11958664979309913,0.11504,0.1104,0.10589
09-01-2026 09:40,25822.35,0.14028,0.15544,0.14081,0.13544233053811058,0.1301135867534101,0.1248607657807424,0.11972,0.11448690993787528,0.10968,0.1066,0.10381,0.10112,0.09868,0.09897,0.17414,0.16845,0.16395,0.15682,0.15185,0.14647,0.14004,0.13288,0.12687,0.12082,0.11665,0.11089,0.10643,0.10141
09-01-2026 09:45,25853.6,0.12218,0.14562,0.14179,0.12956,0.12355586562156395,0.11759,0.11166,0.10733146725169454,0.10425,0.10106,0.09868,0.09701,0.09465,0.0947,0.1758,0.16972,0.16491055852895825,0.1598,0.15345,0.14726053424805466,0.14110777515069733,0.135,0.12908,0.12387432208693397,0.11879,0.11357510647148757,0.1084,0.10386
09-01-2026 09:50,25857.2,0.14752,0.13665388418424362,0.1292,0.12532,0.11998852381606463,0.11474,0.10985,0.10596,0.10302025590345325,0.10035903331052183,0.09786,0.09569,0.09450720224390759,0.0942,0.17726,0.16998,0.16583,0.15982796725063567,0.15389,0.14876,0.14229583227488146,0.13581,0.13006575459462574,0.12455270444453383,0.11946,0.11466943202110497,0.10996,0.10532
09-01-2026 09:55,25884.0,0.13279796041680816,0.13078,0.12877,0.1207,0.11479,0.11041,0.10683,0.10269,0.09982,0.09704,0.09541,0.09358,0.09172,0.09189,0.17826265545601588,0.17206,0.16751,0.16047,0.1539,0.15059,0.14326,0.13759,0.13157,0.12543,0.11990414847796442,0.11515693282547007,0.11094984611192597,0.10705000000000002
09-01-2026 10:00,25894.2,0.12583,0.11041,0.10847,0.10618660076091209,0.10376,0.10087,0.09838,0.09637,0.09421,0.09288096227976986,0.09171,0.0903,0.08883,0.08974,0.18005,0.17232,0.16905,0.16244331345448754,0.15589,0.14970272051911576,0.14373,0.13851,0.13249,0.12646,0.12252,0.11687,0.11255999999999998,0.1082672056346128
09-01-2026 10:05,25862.35,0.14485,0.12893,0.13607,0.12919,0.12060969182167533,0.11323,0.1088,0.10481,0.1016,0.09932832904325406,0.09707,0.0948,0.09299,0.09339,0.17742,0.17239,0.16723,0.15954,0.15396,0.14826,0.14211,0.13628483629299437,0.1305,0.12458,0.11920924856369047,0.11443,0.11017,0.10536
09-01-2026 10:10,25871.6,0.13977,0.1223,0.1204,0.10981,0.1064,0.10257,0.09915,0.09632,0.09445,0.0929,0.09191,0.09116262157090282,0.09050047590185852,0.08995,0.17901,0.17304,0.16769,0.1604,0.1555,0.14941,0.1435179730994697,0.1376,0.13158,0.12554,0.12159,0.11609,0.11181,0.10716000000000002
09-01-2026 10:15,25866.2,0.13361,0.12299,0.11845,0.1129,0.10848672266891939,0.10452,0.10083,0.09703,0.09536,0.09384,0.09243587997963952,0.09121011313725759,0.09015,0.09082,0.17772,0.17268,0.16713,0.16003,0.15512,0.14903,0.14257,0.13707,0.13106,0.12554,0.12071,0.11517,0.11126999999999998,0.10738556890370986
09-01-2026 10:20,25855.2,0.14390261392038514,0.13817,0.13246,0.12533,0.11987,0.11302449598291413,0.10634,0.10197,0.09926,0.09696,0.09535,0.09359,0.09239,0.09265,0.17907,0.17348753510700632,0.16757149965390694,0.16128,0.15434,0.14824,0.14161,0.13586,0.12998,0.12342,0.11918,0.11401,0.10936,0.10441999999999999
09-01-2026 10:25,25858.65,0.15299,0.14164,0.13545,0.128,0.12059216105572701,0.11408,0.10968,0.10496,0.10207,0.09932,0.09703679958669108,0.09509,0.09331,0.09115532250205144,0.17933,0.1743,0.1678,0.16154,0.15526067088691778,0.14896,0.1416,0.13626,0.13014,0.12433,0.11992,0.11431,0.10938477238145289,0.10487
09-01-2026 10:30,25876.25,0.14372,0.12319,0.12244,0.10581,0.10194,0.09806,0.09564,0.09339,0.09181,0.09045,0.08954,0.08862,0.0876,0.08862,0.18055,0.17554,0.16925,0.16352,0.15555,0.14994890858279347,0.14434,0.13813,0.13222,0.12616,0.12175,0.11722959047212338,0.11267,0.10791999999999999
09-01-2026 10:35,25856.25,0.13386,0.12186,0.11509,0.11409,0.11083,0.10442,0.10153,0.09794,0.09652,0.09387,0.0931,0.09158499820670205,0.09015,0.09111,0.17919,0.17291,0.16785,0.16049,0.15512,0.14915969738791932,0.14313,0.13699,0.13113,0.12489,0.11969832817012223,0.11514,0.11095,0.10594
09-01-2026 10:40,25848.5,0.13828,0.13072,0.12174,0.11643865852551527,0.11156,0.10677,0.10343,0.09947,0.09754811397245848,0.09580814331813742,0.09413,0.09245,0.09038741253036665,0.0883326231416129,0.177,0.17175,0.16621225275476317,0.1605,0.15457,0.14841,0.14173,0.13616,0.13031,0.12494076664151997,0.11965,0.11418,0.10929568793636683,0.10499
09-01-2026 10:45,25856.0,0.13294738352520796,0.12691,0.12048233768538193,0.1145050638030201,0.10894,0.10426,0.10107,0.09729,0.09535,0.09318,0.09212,0.09087045972519035,0.08965,0.09047,0.17921,0.17163,0.16709,0.16105,0.15497,0.14836,0.14247360222438896,0.13662,0.13056,0.12437,0.11984,0.11436,0.10951426479688553,0.10507
09-01-2026 10:50,25857.85,0.12575,0.12071,0.10942,0.1029,0.10115,0.09755,0.09512356389730324,0.09297652682614176,0.09122188333019947,0.08997,0.08915,0.08859,0.08704239323489292,0.08550063754902586,0.17913,0.172,0.16724,0.1613037595177493,0.15511,0.14851,0.14315,0.13715,0.1306,0.12494,0.12071,0.11531,0.11159,0.10663
09-01-2026 10:55,25829.65,0.12173,0.13509,0.1134,0.11215,0.10597,0.10186,0.09907,0.0963,0.09507,0.09307,0.0924,0.09131604485488587,0.09028,0.09146,0.1759470311934063,0.17006,0.16565,0.15919,0.15275,0.14645,0.14105,0.13537,0.12942,0.1240129727754268,0.11907,0.11453809173994432,0.11001,0.10509
09-01-2026 11:00,25812.95,0.1678089705552401,0.14272,0.11773,0.11095,0.10633,0.10249527858897176,0.09906182522069135,0.09664,0.09499,0.09329,0.09252,0.09146,0.0908,0.09218000000000001,0.17375,0.16891,0.1641,0.15801,0.15038,0.14383,0.13952,0.13385,0.12801,0.12206,0.11785,0.11323737211237328,0.10855788585989491,0.10372
09-01-2026 11:05,25810.2,0.13273,0.12482904004092027,0.11842,0.11332541172359342,0.10914,0.10566561530395777,0.10222,0.0984,0.09696,0.09459,0.09354,0.09227,0.09127,0.09265,0.1731,0.16874,0.16336720331116789,0.15782,0.1536,0.14333,0.13839032114516167,0.1334,0.12724,0.12214,0.11763,0.11213,0.10825999999999998,0.10440544914291208
09-01-2026 11:10,25819.45,0.11931687133114562,0.11504,0.11078,0.10646835958165272,0.10212,0.09707,0.09462161482107267,0.09292,0.09129,0.09002,0.08973,0.08945,0.08886,0.09057,0.17655,0.1704317866285925,0.16439,0.1585,0.15188,0.14781,0.14072,0.13474,0.12887,0.12368793335791398,0.11867,0.11354,0.10999,0.10645417169440266
09-01-2026 11:15,25805.3,0.12636,0.11857,0.1129,0.11045,0.10525,0.10212981039428837,0.09905,0.09601,0.09436,0.0927,0.0923,0.09144,0.09148324315486908,0.09233,0.17514,0.16843,0.16398,0.1575,0.15224298796513716,0.14676,0.14006,0.1339,0.12798222431769607,0.12245,0.11782,0.11268,0.10864,0.10376
09-01-2026 11:20,25797.5,0.1315310891900216,0.12365,0.1158,0.11006182065761955,0.10532,0.10169,0.09969,0.0968,0.09541,0.09379,0.09248,0.09198,0.09139,0.09279,0.17105,0.17038,0.16344,0.15695,0.15129,0.1454,0.13908,0.13307,0.12716,0.12153,0.11701,0.11186,0.10775,0.10286
09-01-2026 11:25,25799.65,0.13192,0.12292,0.11743,0.11411,0.10974327588882103,0.10561,0.10227,0.09918,0.0971,0.09498,0.09443,0.09333,0.09254,0.09389999999999998,0.17363,0.17055,0.16436,0.15712,0.15146,0.14637,0.13926,0.13349,0.12749772947299598,0.12162,0.11711,0.11184,0.10764,0.10345676651168755
09-01-2026 11:30,25809.4,0.12855,0.1230084962875351,0.11577,0.10497,0.10617,0.09831,0.09527,0.09358,0.09225,0.09053,0.09008577468396921,0.08988,0.08972,0.09155,0.17384,0.16829,0.1627815031751457,0.1573112569177365,0.15186,0.14628,0.14001,0.13408103499003862,0.12834890322792125,0.12291,0.11795,0.11328066079753453,0.1087153756485207,0.10429
09-01-2026 11:35,25776.0,0.12040722507243916,0.11639570023787787,0.1124,0.10842,0.1043,0.10070076966172449,0.09788156498661259,0.09582,0.09455,0.09282,0.09248,0.09187,0.09137,0.09325000000000001,0.17295,0.16871,0.16379,0.15754793954513047,0.15116,0.14588,0.13918,0.13343,0.12773216456209674,0.12214,0.11801,0.11312,0.10927,0.10467
09-01-2026 11:40,25764.3,0.12402,0.11790039082926052,0.11266,0.10838,0.10458,0.10002,0.09808727895306497,0.09653056246663111,0.0949,0.09302,0.09277,0.09217,0.09178,0.09368000000000001,0.17327,0.1679,0.1635,0.15682,0.15015,0.14304,0.13917,0.13286,0.1276788718246702,0.12258705068849848,0.11762,0.11281,0.10840195083129518,0.10434
09-01-2026 11:45,25759.6,0.1246,0.1174,0.11296,0.10788,0.10384,0.10107,0.09909,0.09704917402670803,0.09510330774676211,0.09381,0.09325280764434346,0.09289,0.09249999999999999,0.0914121852829109,0.17404,0.16779,0.16335,0.15714,0.15348,0.1448,0.13781,0.13273,0.1273,0.12195,0.11783,0.11298,0.10925,0.10483
09-01-2026 11:50,25748.85,0.11869428504547398,0.1156,0.11253610027184185,0.10945939320955438,0.10639,0.10327,0.10085,0.09828,0.0962618316999256,0.09501,0.09427,0.09372,0.09334,0.09278807446409253,0.17309,0.16704,0.16363,0.15588,0.15184,0.14262,0.13909,0.13266,0.12732,0.12158,0.11764,0.11272,0.10838988929965943,0.10442
09-01-2026 11:55,25747.75,0.12476,0.12003,0.11454114718456142,0.10947,0.10602949280665099,0.10313,0.10010520789717504,0.09761,0.09638,0.09487,0.09399,0.09349013823382102,0.09347,0.09537,0.17387,0.16928,0.1649,0.15866,0.15150689537073675,0.1440916574138927,0.13755,0.13246305310470377,0.12762,0.12219,0.11814,0.11365978405524312,0.10922,0.10487
09-01-2026 12:00,25743.15,0.13228,0.12221,0.11891,0.11635,0.11201480401790709,0.10741,0.1034595362860855,0.10049,0.09866,0.09675,0.09587,0.09518594478047143,0.09475,0.0964,0.17350652840681843,0.16802,0.16358,0.15848,0.15158,0.14386,0.13786794803887137,0.13202,0.12579,0.12008,0.11513053824911486,0.11067,0.10671,0.10182
09-01-2026 12:05,25753.7,0.12165,0.12006,0.1133,0.10804987275558933,0.10417,0.10205,0.09949,0.09693,0.09500921893964308,0.09403,0.09353,0.09325,0.09313,0.0928341130630756,0.17411,0.16841,0.1647,0.15928,0.15238,0.14468,0.14064,0.13363,0.12737615595101803,0.12176,0.11758,0.11235,0.10889,0.10423000000000002
09-01-2026 12:10,25746.8,0.11672,0.11435,0.10901,0.1056402647611996,0.10277,0.10029,0.09794,0.09630204759974763,0.09496,0.09365,0.09328,0.09322293507908004,0.0935,0.09519000000000001,0.17406,0.1685,0.16421,0.15878,0.15226924847581108,0.1452657834242001,0.13886,0.13416,0.12796,0.12188,0.11816,0.11283,0.1091,0.10466
09-01-2026 12:15,25744.0,0.1284,0.11526,0.11058548158531858,0.10676430167419872,0.10388,0.10155,0.09947543022276778,0.09749297017635108,0.09568,0.09451,0.09263565995684504,0.09076846027401539,0.08890834675503183,0.08705526581812298,0.1755676949366242,0.16926,0.16352,0.1571518379747714,0.1503657761718067,0.143639754000992,0.13744,0.13277,0.12678,0.12097,0.1169,0.11181,0.10814,0.1035
09-01-2026 12:20,25738.7,0.11805,0.11418,0.1091,0.10497,0.10187,0.09897,0.0973,0.09516,0.09412,0.09323,0.09295,0.0933,0.09377,0.09568,0.17311,0.16962,0.16274032213479087,0.15587,0.15058,0.14357,0.13789,0.13214,0.12587,0.12061894832208275,0.11594259638919217,0.1116,0.107437636074163,0.10358
09-01-2026 12:25,25737.5,0.10941,0.10511,0.10629,0.09865,0.09742,0.09601,0.09433,0.09271,0.09196,0.0914,0.09129,0.09187,0.09267,0.0947,0.17366,0.16534,0.16391,0.1569,0.1501867973795579,0.14376,0.13821271702873614,0.13292,0.12686755233394748,0.12104,0.11744,0.11276,0.10863830037981928,0.10484
09-01-2026 12:30,25724.25,0.11536,0.11023,0.1069,0.10431,0.10061,0.09884,0.09649,0.09464,0.09402,0.09313,0.09304,0.09347,0.09466120760067236,0.09647999999999998,0.16947927413699435,0.16442,0.16377,0.15531,0.15051,0.14394,0.1381206750297561,0.13229,0.12577,0.12044,0.11671,0.11265516057158657,0.10843,0.10371
09-01-2026 12:35,25712.65,0.11323,0.10829,0.1045,0.10192,0.09951,0.0977740375399091,0.09626,0.09479,0.09436,0.09358,0.0939,0.09457,0.09592840517295192,0.09789999999999999,0.17528,0.16956,0.16529,0.15937216672514987,0.153,0.1461382086804896,0.13946,0.13458,0.12846,0.12401701316359683,0.11983,0.11581487961917632,0.11176,0.10717
09-01-2026 12:40,25689.45,0.11739,0.11336,0.10882,0.10546,0.10281,0.10124,0.09927955076117126,0.09745,0.0966,0.09608593312936804,0.09592,0.09656,0.0978,0.09994,0.1751,0.17006,0.16506,0.158862113817321,0.15211,0.14599,0.13954,0.1342,0.12763,0.12249,0.11887,0.11394,0.11,0.10573999999999999
09-01-2026 12:45,25685.25,0.10932,0.10463161477757861,0.10217,0.1025,0.10058,0.09812,0.09631089955148155,0.09508710217610672,0.09457046959867334,0.09488,0.09577,0.09679,0.09830510120236229,0.10032,0.17535,0.17067454390740128,0.16505,0.1584974133970627,0.15173632539901305,0.14521,0.13911,0.13377,0.12754,0.12272,0.11887,0.11426,0.11070999999999999,0.10717417169440266
09-01-2026 12:50,25678.5,0.12829,0.12123855935318444,0.11553,0.11104359838922588,0.1072,0.10395,0.10167,0.09964,0.09878,0.09762,0.09770786677897117,0.09849,0.09949,0.10145,0.1773802686399427,0.17056,0.16233,0.15573422850270885,0.14938,0.14329,0.13477,0.13075,0.1244,0.11944,0.11544,0.11085,0.10704,0.10251
09-01-2026 12:55,25695.15,0.12027,0.11243,0.11052,0.10742,0.10473917564811364,0.10217519315407965,0.09972,0.09771,0.09703,0.09608,0.09627,0.0968,0.09761,0.09973,0.17501,0.17181,0.16434,0.15789704311858385,0.15145,0.14496,0.13844,0.13251054158882575,0.12703,0.12174,0.11714295237460307,0.11301,0.10916,0.10509
09-01-2026 13:00,25694.0,0.11592211884349889,0.11285,0.10979,0.10675,0.10387877613270058,0.10131,0.09929664264794617,0.09794,0.09704,0.09577,0.09623,0.09692,0.09814023837156885,0.09985,0.17567,0.17174,0.16532,0.15674,0.15079195071502743,0.14488,0.1389,0.1333,0.12729,0.12233,0.11798,0.1138599250326247,0.10973,0.10531000000000001
09-01-2026 13:05,25687.3,0.12321,0.11865,0.11451,0.10988,0.10627,0.10377,0.10167,0.09932,0.09757339567403348,0.09691,0.09726,0.09795999999999999,0.09758288550072662,0.09720719676855864,0.17521,0.17048386241286045,0.16483,0.15827463878695205,0.15176,0.14549561016699494,0.13926177951419658,0.13305,0.12682,0.1211343372911814,0.11628448660701686,0.11206202269329921,0.10826343216111048,0.10469
09-01-2026 13:10,25691.5,0.11943788120868065,0.11744,0.11545,0.10842,0.10596,0.10336,0.10088,0.09919704566645812,0.09821,0.09743692241075995,0.09704,0.09744,0.098635015303651,0.10037,0.17552,0.16948,0.16359021223803505,0.1578040093767634,0.15197,0.14570922008931356,0.13936,0.13369,0.12693,0.12183,0.11751,0.11275,0.1095,0.10489999999999998
09-01-2026 13:15,25696.8,0.12103,0.1158877786291684,0.11193,0.10906,0.10638,0.10394843685247716,0.10185330997823638,0.1000890044154174,0.09865,0.09776113692005853,0.09749462019367523,0.09762,0.09831,0.10017000000000001,0.17556,0.16988,0.16483,0.15863392681553493,0.15176,0.14418,0.13880472021751694,0.13366,0.12696,0.12177,0.11768,0.11275,0.10844129834706946,0.10454
09-01-2026 13:20,25704.7,0.12085047530094432,0.11566,0.11049,0.10641,0.10389705428801246,0.10143,0.09899,0.09758,0.09689,0.09572,0.096,0.09672,0.09757,0.09942,0.17485,0.16771,0.16437,0.15850781092040242,0.15238,0.14601,0.13882,0.13355,0.1271,0.12201,0.11774,0.11275,0.10845551079834509,0.10466
09-01-2026 13:25,25701.95,0.12224,0.11732349989312964,0.11251,0.10795,0.10579,0.10305,0.10117,0.09904,0.09799,0.09694,0.09667119396548886,0.09733,0.09843,0.10009000000000001,0.17541,0.16753,0.16479,0.15654,0.15179,0.14545,0.13938,0.13333677616754386,0.12732,0.12201,0.11797,0.11302,0.10946,0.1059142116146684
09-01-2026 13:30,25705.5,0.11593,0.10972,0.10335,0.10307,0.10018,0.09862,0.09718,0.09630280756877306,0.09555,0.09465,0.09496,0.09588,0.09728951601197935,0.09903,0.17569,0.17073,0.16537,0.15682,0.15272,0.14651696823296953,0.14043,0.13508,0.12859,0.12355,0.11929,0.11529724499550052,0.11129,0.10650999999999998
09-01-2026 13:35,25704.05,0.12743,0.12172781477909202,0.11648304179263524,0.11167,0.10775,0.10526,0.10226,0.10056143141422326,0.09945,0.09841530726947625,0.09781,0.09816,0.09904,0.10073,0.17428,0.16928681818645047,0.16374,0.15739773693867307,0.15106,0.14576,0.13932943255634223,0.13284,0.1264872864750836,0.12096,0.1165,0.11202,0.1086,0.10519365273094558
09-01-2026 13:40,25707.75,0.10972,0.10665898660289926,0.1037,0.10081652387016775,0.09823,0.09644,0.09503,0.0943,0.09393,0.09321,0.09384,0.095,0.09636999999999998,0.09742566248801662,0.17513,0.16888,0.16496,0.15582,0.15254,0.14654,0.1401,0.13374299191563388,0.12819,0.12362,0.11909897923322289,0.11463,0.11134,0.10806313376748856
09-01-2026 13:45,25683.75,0.11210249505601448,0.11147,0.11084,0.10705,0.10388,0.10133,0.09953,0.09777,0.09628400670050104,0.0957,0.09627,0.09717,0.09848,0.10032,0.17398,0.1689890458274012,0.16334,0.1570107804366178,0.1507,0.1446748951216292,0.13872296014910587,0.13275,0.12644,0.12138,0.11727,0.11252,0.10907,0.10425
09-01-2026 13:50,25682.0,0.11444,0.11369,0.10963798811532027,0.1056,0.10242,0.10013,0.09820374036336575,0.09695,0.09655,0.09620424726353355,0.09612,0.09718,0.0986,0.10046,0.1713416884518189,0.1658,0.16322,0.15392,0.15058,0.14454,0.13837,0.13319,0.1280259771764569,0.12288155198962701,0.11776,0.11325,0.10975,0.10510000000000001
09-01-2026 13:55,25665.25,0.13117,0.11883,0.11580042139248875,0.11280058724458977,0.10983,0.10688,0.10407,0.10189,0.10099,0.09943,0.09955,0.10003,0.10112213030200053,0.10273999999999998,0.1725,0.1646,0.1600610894549878,0.15528,0.14904,0.14288,0.13651,0.13106,0.12472,0.11955,0.11552,0.11076,0.10706,0.10236
09-01-2026 14:00,25689.05,0.11498,0.1132,0.10849,0.10542192614686408,0.10267,0.10027,0.09840779054584749,0.09693,0.095800437223359,0.09531,0.0958,0.09696,0.09858,0.10034,0.17441,0.16895,0.16408,0.1571,0.15116524264603337,0.14551803991844972,0.13988012068630049,0.13398,0.12735,0.12225,0.11836,0.1135,0.11011,0.10546999999999998
09-01-2026 14:05,25678.55,0.12519009912725532,0.12009,0.11448936290124186,0.10995,0.1064,0.10305,0.10082,0.09954,0.09859,0.09715,0.09738,0.09828,0.09941,0.10108,0.17367,0.16886,0.16361,0.1571719930920345,0.15061,0.14460215201018933,0.13870366781282722,0.13275,0.12639,0.12141,0.11734,0.11256,0.10876,0.10422000000000001
09-01-2026 14:10,25674.05,0.11993,0.1114433438605657,0.10659,0.10482,0.10293,0.1001,0.09781,0.09679,0.09658,0.0955,0.09608,0.0957611492643092,0.09544350859124659,0.09512706883096742,0.17391,0.16854,0.16343,0.155,0.15065,0.14452761051320667,0.13852,0.13304,0.12686,0.12247817029416663,0.11832,0.11367,0.11005,0.10553
09-01-2026 14:15,25669.0,0.11382,0.11203,0.10784,0.10492633435080194,0.10262,0.10114,0.09873,0.09726,0.09676,0.09572,0.09619,0.09744,0.09886,0.10039,0.17392,0.17027,0.16336,0.157,0.1504,0.14252,0.13853,0.13282,0.12685,0.12213,0.11774,0.11297,0.10935,0.10483
09-01-2026 14:20,25668.65,0.11460171184284486,0.11177,0.10898133737641945,0.10614,0.10316,0.10092,0.09864,0.0974954557035989,0.09688,0.09562,0.09597,0.09731,0.09845,0.10028999999999999,0.17337,0.16979,0.16261,0.1563431435629219,0.15026,0.14444591898080178,0.1387384801394759,0.13298,0.12675,0.12182,0.11772,0.113,0.10884253171814465,0.10508
09-01-2026 14:25,25671.35,0.11449,0.11067078813964917,0.10674,0.1025,0.09997883548872123,0.0984,0.09697,0.09582,0.09539,0.09442,0.09527,0.09626,0.09792,0.09983,0.17321,0.17,0.16342,0.1570949426944679,0.15081701087814478,0.1446484578729348,0.13865,0.13368,0.12757,0.12228,0.11872,0.11392,0.11039000000000002,0.10687409185387062
09-01-2026 14:30,25652.65,0.1269,0.12078,0.11398,0.11234,0.10794,0.10499,0.10242,0.10078078968040029,0.09938,0.09808,0.0983,0.09924040167919383,0.10044,0.102,0.17453,0.16863,0.161697780291394,0.15484,0.1485704337129091,0.14255,0.13683,0.13149,0.12523,0.12042,0.11625,0.11135,0.10737,0.10319
09-01-2026 14:35,25659.1,0.12071,0.11683,0.1133,0.1082,0.10504,0.10241,0.10015704040829447,0.09844,0.09796,0.09651,0.09719,0.09831,0.09967,0.10142,0.17291,0.16652,0.16282,0.15575,0.14945328162656987,0.1433002308293567,0.13757,0.13231,0.12677126305374234,0.12136,0.11741,0.11274,0.10915,0.10462
09-01-2026 14:40,25650.4,0.12430087134158126,0.11901,0.11374,0.1103,0.10705282707809584,0.10393,0.10153,0.09980635160009732,0.09863,0.09800926400963816,0.098,0.09876,0.1001571770972009,0.10194,0.17449183654843348,0.1685,0.16305,0.15801,0.15037,0.14286,0.13719,0.13241,0.12612,0.12102,0.11697,0.11206,0.10843,0.10422000000000001
09-01-2026 14:45,25668.25,0.11893,0.11412706361438704,0.11041,0.10761,0.10484128294662698,0.1021,0.09986,0.09815,0.0978,0.09646,0.09693,0.09755,0.09897,0.10073,0.17396,0.16722,0.16383,0.1562,0.1508,0.14406,0.13782,0.1320077982765326,0.1266058013187925,0.12162,0.11754,0.11257,0.109,0.10483999999999999
09-01-2026 14:50,25663.45,0.11923,0.1159,0.11115,0.10822,0.10457,0.10245,0.10011,0.09834,0.09716727643332028,0.09664,0.09701,0.0980128794920301,0.09928,0.10092,0.17416,0.16935826721240224,0.16363,0.15667,0.15093,0.14334,0.13817,0.13298,0.12678,0.1217,0.11772,0.11271,0.10912,0.10492
09-01-2026 14:55,25674.9,0.11822,0.1133,0.10902,0.1054,0.10307688857360996,0.10099,0.09814,0.097355838555388,0.09696,0.09556,0.0958,0.09655,0.09819,0.10004000000000002,0.17375,0.16806248083475783,0.16238963194531528,0.15674,0.15109,0.14426,0.13849,0.13284,0.12678,0.12179,0.1171932454483952,0.11291,0.10919,0.10506
09-01-2026 15:00,25668.55,0.12334,0.11686,0.11259089210582386,0.10907,0.10585577794194281,0.10285544296662025,0.10031381083821074,0.09847,0.09805,0.09666,0.09714,0.09787,0.09934,0.10020998435041625,0.17385,0.16679,0.16182961677610183,0.15668,0.15036,0.14387993469717733,0.13746,0.1327,0.12641,0.12116,0.11678,0.11209,0.10836,0.10429
09-01-2026 15:05,25679.0,0.12261,0.11496,0.11263,0.10917,0.10574843171471003,0.10242,0.1002,0.0985,0.09781,0.09643,0.09701,0.09746,0.09913,0.09997811339658434,0.17315,0.16824,0.16306,0.15652,0.15010905846189965,0.14377418369668307,0.13757,0.13236,0.12621,0.1212,0.1166,0.11165,0.106719839732584,0.10180936079605954
09-01-2026 15:10,25688.85,0.11844033666063132,0.11582,0.11321,0.10988,0.10583,0.10386,0.10089,0.09887,0.098,0.09658,0.09624482906788823,0.09724,0.09912,0.10076,0.17335686866211544,0.16743,0.1622023389559266,0.15642,0.15002,0.14398,0.1376,0.1327,0.12682852640088677,0.12124,0.11718,0.11255,0.10793855716401289,0.1033455233304558
09-01-2026 15:15,25690.6,0.11374160399067057,0.1108,0.10787,0.10435,0.10131,0.10057,0.09761,0.09606802968542298,0.09515771743879549,0.09521,0.09612,0.09663,0.09878,0.10096999999999999,0.17363,0.16809,0.16381,0.15799,0.15160368333586283,0.14510521128203277,0.13885,0.13307658444552442,0.12782,0.12301914446557577,0.11865,0.11469419262029829,0.11073,0.10651000000000001
09-01-2026 15:20,25695.2,0.12569273610403317,0.11951418152215863,0.11336,0.10723,0.10487935771361014,0.10272,0.10043295995380461,0.09868,0.09815,0.09748521360027611,0.09688,0.09766,0.09924,0.10136,0.17406435105323098,0.16844,0.16508,0.15679,0.15261,0.14593,0.14029,0.13487,0.12864,0.12371551027642819,0.11896,0.1143,0.11059000000000001,0.10689481041865721
09-01-2026 15:25,25688.2,0.13292,0.12614,0.12044,0.11590488417489293,0.11233,0.10939,0.10641,0.10353,0.10138188386664004,0.10023049264982722,0.09965,0.09992,0.10147,0.10334000000000002,0.17462,0.16795,0.16501,0.15882852896920957,0.15253265384890727,0.14643,0.1405405591007184,0.13467,0.12881,0.12288,0.11896,0.11234,0.10955,0.10414000000000001
12-01-2026 09:15,25657.45,0.11467566338111215,0.11324,0.11181,0.10923,0.10651,0.10512,0.10354,0.1025,0.10189266455359476,0.10187549329628344,0.10287,0.10466,0.10656,0.10945,0.1905,0.18496,0.17624293839469812,0.16792,0.16397,0.15764,0.15087,0.14559,0.13863,0.13422,0.12931,0.12499374580883431,0.1207,0.11627
12-01-2026 09:20,25594.15,0.1278428119407036,0.12206,0.1163,0.1162,0.11382623120110216,0.1116,0.10980564479057102,0.10867,0.10825,0.10783,0.10912,0.11053,0.11293,0.11619000000000002,0.18837,0.18215,0.17641,0.17045,0.16327925760973416,0.15582,0.14937,0.14418,0.13859151183540838,0.13308,0.12814720772388644,0.12372,0.11906815525701742,0.11443488080195181
12-01-2026 09:25,25548.3,0.13463,0.13255,0.12451,0.12229,0.1187,0.11659,0.11460367594047603,0.11275,0.11187,0.11185,0.11294957966879791,0.11469,0.11707,0.12066,0.18706,0.18142,0.17544,0.16842,0.16152,0.15484,0.14868,0.1434,0.13738,0.13248374734023902,0.12763,0.12272,0.11844,0.1144
12-01-2026 09:30,25559.65,0.13974821786931216,0.13513,0.13053,0.12762,0.12372903296730554,0.11992,0.11718661840067354,0.11528,0.11400212976695252,0.11364,0.11442,0.11596,0.11845,0.12192999999999998,0.18674,0.18127580381043548,0.1753176059116767,0.16872,0.16123,0.1546,0.14875209253101693,0.14294,0.13629,0.1307,0.12579,0.12049,0.11614,0.11154
12-01-2026 09:35,25575.3,0.14006,0.13464,0.12761,0.1248,0.12047,0.11762125115403943,0.11540390647557537,0.1137265974744632,0.1125,0.11211,0.11291222503430971,0.11439,0.11676,0.11782898938232582,0.18503,0.17987130949946284,0.17376,0.16686,0.16,0.15408,0.14815,0.1424373091615763,0.136984507489575,0.13168883747117385,0.12645,0.12142,0.11686999550623073,0.11271000000000002
12-01-2026 09:40,25569.55,0.13204303444058207,0.12814,0.12398906286044722,0.12038,0.11743,0.11497,0.11236,0.11087,0.11045,0.11015,0.11133,0.11332,0.11595,0.11949999999999998,0.18611,0.180726723703104,0.17467,0.1679,0.16147,0.15594,0.14974,0.1448,0.13930762233638716,0.13372163915127344,0.12831,0.12336,0.11915,0.11505
12-01-2026 09:45,25560.8,0.14288,0.13986,0.13543,0.13261,0.12714,0.12351,0.11999,0.11711,0.11605,0.11475,0.11528,0.11638,0.11652993335373468,0.11667929985033668,0.18657,0.18080943666176333,0.17502,0.16911,0.16194,0.15526,0.14912,0.14334,0.13702,0.13124,0.12574597414642527,0.12046,0.11544536780806416,0.1107
12-01-2026 09:50,25588.7,0.13697,0.13079,0.1267919170007055,0.12282,0.11879,0.11587,0.1133,0.11123497173284236,0.10997425391545487,0.10979,0.11073,0.11209,0.11424,0.11756,0.18788,0.18272,0.17674,0.17095,0.16343,0.1574,0.1512,0.14596,0.13945,0.13402,0.12872,0.12356,0.11901694159488202,0.11512
12-01-2026 09:55,25588.5,0.12519,0.11951,0.11651378573699421,0.11372,0.11107,0.10903715859502483,0.10768,0.10685403344699865,0.10652,0.10686,0.10805690031125494,0.11001,0.11281796456664422,0.11652999999999998,0.18861365204019495,0.18242,0.17742,0.17095,0.1641,0.15841,0.15246,0.147,0.14067,0.13527,0.13053,0.12528999999999998,0.1200710020603514,0.11487283849926289
12-01-2026 10:00,25564.15,0.1441748713520171,0.13787,0.13159,0.12824,0.12398,0.12047423242336498,0.11732,0.11475,0.11375,0.11353917740747875,0.11379699429619489,0.11464,0.11676,0.12025,0.18474,0.18026,0.17374,0.16725,0.1605,0.15419,0.14812,0.14258,0.13552,0.1301,0.12480888429122969,0.11957,0.11465,0.11053999999999999
12-01-2026 10:05,25588.7,0.13313,0.12825,0.12214,0.11971,0.11604,0.11335,0.11096,0.10916,0.10861,0.10851,0.10967,0.1111,0.11368,0.11713,0.18794,0.18305938940481145,0.17721,0.17052,0.16393,0.15738228949866923,0.15106,0.14561,0.13996441892118758,0.13422908870751182,0.12853500114114544,0.12301,0.11852,0.11404792419939917
12-01-2026 10:10,25566.95,0.1341,0.127,0.12233,0.11971,0.11673002309752804,0.11383,0.11152,0.10984,0.10919,0.10922,0.11084,0.1131086499703539,0.11558548281317652,0.11834999999999998,0.18718,0.18098,0.17487019038539692,0.1688338986146148,0.16279,0.1563,0.15058,0.14488,0.13799,0.13263,0.12756,0.12263010519069215,0.11787,0.11383
12-01-2026 10:15,25557.55,0.14588,0.13846,0.13169,0.12799,0.12354,0.11972,0.11606,0.11398,0.11253,0.11213,0.11268594104963736,0.11392,0.11397422321775338,0.11402824143230383,0.1865291426864264,0.18007,0.17472,0.1676,0.16109,0.15445,0.14828,0.14189611391410406,0.13556,0.12978,0.12440168975465025,0.11929,0.11407655434253341,0.10888392089876864
12-01-2026 10:20,25583.3,0.13207603964580747,0.12801,0.12396,0.12163,0.11793,0.11486,0.11166,0.11001,0.10913,0.10842,0.10982,0.11101,0.11345,0.11506527842052337,0.18773,0.18178,0.17694,0.17023,0.1635546367471343,0.15691,0.1507,0.14521,0.13843,0.13265,0.1273918704836758,0.12233680566266789,0.11752,0.11314
12-01-2026 10:25,25574.15,0.14281598026580128,0.13623,0.12967,0.12376,0.11887,0.11599,0.11342408955145246,0.1109838619460255,0.109428572919856,0.1095,0.11075,0.11194,0.11423,0.11789,0.1877497698786064,0.18134,0.17618,0.16883,0.1626,0.15644212852368836,0.15031661794274748,0.14418,0.13768,0.13146,0.12617,0.12125997650657512,0.11655,0.11219
12-01-2026 10:30,25584.2,0.12827378221417518,0.12478,0.1213,0.11695,0.11385,0.11154,0.10932227639780517,0.10727,0.10654,0.10672,0.1076433734219013,0.10943,0.11229,0.11575,0.1885,0.18265,0.17719,0.17009,0.16362,0.15743,0.15109,0.14504777093840737,0.13905,0.13309,0.12789,0.12261,0.1185,0.11429
12-01-2026 10:35,25564.75,0.13492,0.1278,0.12393772601410998,0.12019,0.11652,0.11341402174352518,0.11093,0.1091,0.10819,0.108,0.10963,0.11056,0.11315424346583836,0.11730000000000002,0.18742,0.18134,0.17634,0.16927,0.16235,0.15578,0.14955,0.14395,0.13758828210528568,0.13153,0.12646,0.12132,0.11691,0.11272
12-01-2026 10:40,25572.4,0.13601,0.12914062083697891,0.12287248225025793,0.1177563478128464,0.11433,0.11195,0.1096,0.1079,0.10715,0.10698,0.10851,0.10977,0.11241441346203351,0.11652,0.18839,0.1817,0.17701,0.1702,0.16316,0.15689,0.15047,0.14502,0.13819,0.13259,0.12758,0.12226,0.11696132270249415,0.11168379786566367
12-01-2026 10:45,25556.8,0.1375,0.13167,0.12703,0.12366,0.119,0.11582,0.11307,0.11089,0.10970097241044106,0.10963,0.11049874211609503,0.11227403368267028,0.11478,0.11859,0.18665,0.1813,0.17556,0.16825,0.16157,0.15509,0.14902895461225174,0.14305,0.13636,0.13061,0.12534,0.11996,0.11524356305356923,0.11121999999999999
12-01-2026 10:50,25579.85,0.1222,0.11899,0.11375,0.11176091839717721,0.11033781732976822,0.10858,0.10623,0.1048,0.10456,0.10457,0.10559866543486528,0.10778,0.11086,0.11483,0.18856,0.18362183823122466,0.17769,0.17077,0.16419,0.15771,0.1512,0.14545,0.13918,0.13364,0.12852,0.12352908925428566,0.1187,0.11488
12-01-2026 10:55,25554.9,0.12813,0.12435,0.12022,0.11676349762983076,0.11395,0.1115,0.109,0.10761,0.10696,0.10694,0.1080090252616241,0.1101,0.11303893456574025,0.11692,0.18701,0.18147,0.17528863923493512,0.16896,0.16253,0.1562372310144622,0.1500451435204499,0.14384,0.13698,0.13174,0.1269,0.12209749518325318,0.11732,0.11255870190982158
12-01-2026 11:00,25550.75,0.12951012545195187,0.1261,0.12265718266789152,0.11932,0.1161131836292774,0.11307,0.11061,0.10912,0.10822739442111129,0.10824,0.10971,0.11170316411562073,0.11413,0.11806999999999998,0.18716113771905452,0.1807,0.1743653008016034,0.16802,0.16163,0.15508,0.14859,0.1422499941277079,0.13622,0.13101,0.12619275760683335,0.12148138694522809,0.11690198173194181,0.11248
12-01-2026 11:05,25538.1,0.13205671291489057,0.12782,0.1236,0.12018755201660028,0.11707873285829791,0.11426047924221311,0.11172,0.10985,0.10916,0.10888,0.1104,0.11198,0.11491,0.11861,0.18486,0.17966,0.1739,0.16726789352036942,0.16062,0.15433,0.14776,0.14223,0.13525,0.1301161059681545,0.12502,0.11987,0.11562,0.11145
12-01-2026 11:10,25544.8,0.12777762380835622,0.12331,0.11886,0.11651,0.11347,0.11101,0.10890074471306209,0.10721,0.10634824509959594,0.10691,0.10852,0.11041,0.1133,0.11741000000000001,0.18527,0.18024,0.17423,0.16813,0.16113,0.15506,0.14888484849536343,0.14269984856964965,0.13663,0.13121,0.1263,0.1209,0.11679,0.11303
12-01-2026 11:15,25528.8,0.12595,0.1217,0.1187629125691947,0.11598,0.11333,0.1110630435064474,0.10933598016934223,0.10818,0.10776,0.10781,0.10975,0.11188,0.11487,0.11907,0.18365,0.17819,0.17235,0.16591,0.15971,0.15341,0.14744,0.14174,0.1353,0.1302,0.12548,0.12065,0.11628,0.11298
12-01-2026 11:20,25512.25,0.13111,0.12465,0.11983,0.11831,0.11531,0.11282,0.11091,0.10965,0.10944,0.10972,0.11151,0.1133,0.11621069722307333,0.12045,0.18148,0.17667,0.17081,0.16375,0.15824,0.1518,0.14588,0.14013,0.13384,0.12869,0.1237931712697251,0.11902,0.11468,0.11114
12-01-2026 11:25,25509.25,0.12887,0.1246,0.12072932636910155,0.11729,0.11454,0.1123,0.11069,0.10934,0.10911,0.10999,0.11181,0.11361,0.11695,0.12117,0.18239179776557707,0.17614,0.1707,0.16363,0.15753964558157912,0.1515028632700874,0.14553,0.13962,0.13348,0.12841199174951312,0.12353,0.11867,0.11474,0.11088
12-01-2026 11:30,25496.15,0.12283,0.11979,0.11693,0.11543,0.11285,0.11124,0.11003,0.10937,0.10944,0.11028,0.11224,0.11446,0.11778,0.12226,0.18198,0.17615997150840834,0.17037723886567982,0.16462,0.15892,0.15261,0.14665,0.14131,0.13519,0.13044,0.12596,0.12101,0.11711,0.11420000000000001
12-01-2026 11:35,25487.1,0.12896,0.12352128465647931,0.11988,0.11806,0.11559671087397631,0.11321,0.11142605813581,0.11034,0.1103,0.11119,0.1131,0.11494,0.11853,0.12292000000000002,0.18093,0.17561,0.17024,0.16314,0.15702232204487976,0.15104,0.14520728439117678,0.1394,0.13317,0.12801774535724714,0.12347,0.11912127090873538,0.11508,0.11171
12-01-2026 11:40,25485.45,0.12395218866468884,0.12206737674493263,0.12019,0.11832,0.11599,0.11366,0.11195,0.11111,0.11123,0.11201,0.1137,0.11586,0.11937,0.12384999999999999,0.18081,0.17563,0.17025,0.16382,0.15778,0.15185101558803488,0.1459936450515363,0.14013,0.13359,0.12863,0.12393,0.11956,0.11567977684974952,0.11221
12-01-2026 11:45,25476.55,0.13517,0.12957,0.12533,0.12351,0.11952,0.11682,0.11481,0.11361,0.11317,0.11357,0.11488,0.11688,0.11992,0.12409,0.18025,0.17461,0.16924,0.16224,0.15605,0.14943,0.14365,0.13787,0.13125,0.12603,0.12139,0.11699,0.1129,0.10914999999999998
12-01-2026 11:50,25491.7,0.1293,0.12492,0.12093,0.11849,0.11593671589621049,0.11342,0.11164212517627743,0.11082954777571226,0.11052,0.111,0.11288,0.11482,0.11826,0.12270000000000002,0.18185,0.17591,0.17019,0.16313,0.15692,0.15086,0.14495,0.13939,0.13296,0.12789991810556448,0.12333,0.11901,0.11499,0.11149
12-01-2026 11:55,25495.85,0.13106,0.12537,0.12187,0.11957,0.11614,0.11382665402522961,0.11205,0.11089,0.11040914807598819,0.11102,0.11273,0.11467,0.11789,0.12012735235264156,0.18173,0.17556,0.1695858803769899,0.16363,0.15731,0.15068,0.14477,0.13922,0.13293,0.12779,0.12291,0.11856552859112499,0.11471,0.11063456739671577
12-01-2026 12:00,25499.2,0.12806,0.12433,0.11977,0.11788,0.11466,0.11248,0.11083,0.10986715001151837,0.10963,0.11033,0.11191,0.11395,0.11737,0.12170000000000002,0.18155,0.17572,0.1701,0.1634991780073067,0.15677,0.15024,0.14459,0.13903,0.13296,0.12752,0.12279,0.11867726875855929,0.115,0.1111283390268801
12-01-2026 12:05,25507.65,0.13197,0.12643,0.12244,0.1189967792890096,0.11613,0.11407,0.11219719117690961,0.11057,0.10990931080118373,0.11061,0.11212,0.11396,0.11724,0.12139,0.18194,0.1763,0.16986298376368175,0.16326,0.15656,0.14995,0.14383,0.1381,0.13178,0.12652,0.12189,0.11759122567274109,0.11337,0.10923
12-01-2026 12:10,25526.3,0.14473,0.1426,0.13664,0.13244,0.12752,0.12306,0.11967954413405595,0.11725,0.11547,0.11434,0.11538,0.11631,0.11832,0.12240999999999999,0.18329299949736894,0.17639,0.17031,0.1638,0.15643313912489917,0.1492,0.14285,0.13669,0.13021,0.12420094624565473,0.1186343262626793,0.1134,0.10862984203630706,0.10445000000000002
12-01-2026 12:15,25577.45,0.14302,0.13618,0.13037,0.12711,0.12239,0.11946,0.11592,0.11381815759874277,0.1127,0.11224,0.11269048950005825,0.11361,0.11532,0.11882999999999999,0.18443,0.17862,0.17238,0.16537,0.15893,0.15208,0.14584,0.13976,0.13325,0.12715,0.12234,0.11758,0.11315,0.10873768467780376
12-01-2026 12:20,25614.85,0.15144,0.1442713913491409,0.1381,0.13286613807425582,0.12816,0.12403,0.12111,0.11765,0.11628,0.11484,0.11474,0.11538,0.11710665877466926,0.11973,0.186,0.17815,0.17464,0.16816,0.16208,0.15542,0.1490208243128912,0.14266,0.136,0.13039672750908732,0.12488,0.11939,0.11495,0.11052772459806955
12-01-2026 12:25,25653.4,0.12650695048709343,0.12728,0.12805,0.12478,0.12093,0.11774,0.11503,0.11288,0.11166,0.11104,0.11111,0.11184398196019378,0.11325,0.11604,0.18872,0.18389,0.17771,0.17116,0.16556,0.15827,0.15227,0.14636,0.14013,0.1342,0.12904998241454385,0.12448,0.12027,0.11551
12-01-2026 12:30,25668.1,0.154,0.14368,0.13897,0.1340311446285314,0.12916,0.12486145742530678,0.1213,0.11878,0.11738,0.11624,0.11566,0.1161,0.11709,0.11738614197371262,0.188123022214192,0.18248,0.17816,0.17214,0.16583,0.15888,0.1533,0.14792,0.1408,0.13493,0.12999281960698617,0.12531308124539547,0.12038,0.11486999999999999
12-01-2026 12:35,25690.5,0.13488,0.12381,0.12445,0.12024,0.11698,0.11468,0.11213,0.11118,0.11031779809287323,0.10965,0.11016,0.11106876035391167,0.11232,0.11471,0.19113,0.18537,0.18081,0.17518,0.16841,0.16215947115190196,0.15617,0.15057,0.144526939824004,0.13864,0.13428,0.12937699357499424,0.12420999999999999,0.1192051699615767
12-01-2026 12:40,25684.35,0.15507,0.14918859524408426,0.14347,0.1378744138286039,0.13275,0.12895,0.12453,0.12115,0.119383226461426,0.11829,0.11735301082807822,0.11716,0.11832,0.11998999999999999,0.18826,0.1849,0.17793,0.17149,0.1654,0.15909433377152343,0.1526676068336652,0.14624533873912146,0.13995,0.13419,0.12962,0.12398,0.11884705584560346,0.11399999999999999
12-01-2026 12:45,25727.5,0.13318,0.12910781990557932,0.12466,0.11945,0.11652,0.11392392806712408,0.11154443908586861,0.10981,0.10915193012291412,0.10914,0.10926915721630764,0.10977,0.1111441954846118,0.11341999999999999,0.1931,0.18998,0.18359,0.17732,0.1711,0.16473776234769533,0.15835,0.15208174305057004,0.14586,0.1398,0.1350622862713826,0.13039,0.12570225336926308,0.12103
12-01-2026 12:50,25724.55,0.14204,0.1374461637565262,0.13291,0.1285,0.12508,0.12156,0.11854894538855872,0.11654,0.11567,0.11427,0.11384,0.11403,0.11481,0.11638,0.19309,0.18835,0.18208,0.17651,0.16953,0.16277,0.15723,0.1509692474780235,0.14472,0.13859,0.13453,0.12962,0.1253,0.12029
12-01-2026 12:55,25715.5,0.14309,0.13735,0.12998275500955273,0.12356,0.12039,0.11681,0.11462,0.11286562962328293,0.11168,0.11139,0.11133462856533727,0.11148,0.11248,0.11441,0.19219,0.18729,0.18184,0.17548,0.16905,0.16237,0.15666,0.1509828508456387,0.1453298300417297,0.1397019006415495,0.1341,0.12879,0.12389041964670802,0.11933
12-01-2026 13:00,25692.65,0.13268,0.13424,0.13095,0.12787991403670348,0.12484,0.12196,0.11816,0.11592,0.11449148276022346,0.11347784092330909,0.11292,0.11305278875002042,0.11398999999999998,0.11328700649261085,0.19101,0.18652,0.18014,0.17417,0.1675623877955491,0.16101,0.15571,0.1495819237685555,0.14321213432557406,0.13751,0.1327,0.1277,0.12285,0.11824
12-01-2026 13:05,25702.65,0.14577,0.1407687545697354,0.13579,0.13082102807909546,0.12591,0.12264,0.11964,0.11692,0.11573,0.11455,0.11356,0.11369,0.11481184361300704,0.11663,0.19162,0.1860917834906897,0.1805,0.17474,0.16830402298573408,0.16178,0.15598,0.14946913302262455,0.14297,0.13744,0.13288,0.12804806378551176,0.12314,0.11809
12-01-2026 13:10,25710.85,0.14323,0.13453,0.12998,0.128,0.12374,0.1201,0.117,0.11471,0.11291,0.11137,0.11141,0.1113,0.11240348147336686,0.11484,0.19088,0.18534,0.18005,0.17456,0.1683,0.16214,0.15586,0.15028,0.14341,0.1378733815234571,0.1327588517147456,0.12799,0.12361,0.11846
12-01-2026 13:15,25725.15,0.12758,0.12543,0.1204,0.11620829566501824,0.1132,0.11159,0.10979997383573017,0.10805,0.10708,0.10681249964326273,0.10713,0.10796664567057676,0.10927619129172299,0.111,0.19017174093898725,0.18479,0.18073,0.17517,0.16885,0.16266,0.15748,0.15140164682621393,0.1453,0.13979702771953184,0.13469491166215766,0.12999,0.12639,0.12280437129573218
12-01-2026 13:20,25697.4,0.14028972282373345,0.13529,0.13031,0.1262397613608592,0.1224,0.11874,0.11536,0.11443,0.11229,0.11137,0.1109294744671723,0.11101,0.11313,0.11325988882684539,0.18904,0.18412,0.17899,0.17303,0.16713521236716297,0.1612757610178866,0.15545,0.15004,0.1433,0.13781,0.13305,0.12716,0.1221473615842395,0.11772
12-01-2026 13:25,25704.15,0.12732,0.12404,0.11901,0.11655806635897105,0.11413,0.11166,0.10961417749835206,0.10819,0.10732674177075811,0.10714,0.10751,0.10825,0.10823315936589158,0.1082163824016293,0.18916,0.18468,0.17939,0.17361,0.16806,0.1622767992327793,0.1565,0.150754784557822,0.14505421391294668,0.13946,0.13445010730774673,0.12991,0.1254,0.12063000000000001
12-01-2026 13:30,25707.95,0.16035,0.15179664030634243,0.14463,0.13857367925020475,0.1329974183354101,0.1278320584970834,0.12301,0.11901,0.11727,0.11597,0.11518,0.1148,0.11578,0.11723,0.18884,0.1836515519469707,0.17838,0.17289,0.16635,0.16048,0.1545270417261064,0.1485,0.14168,0.13599,0.13076444921705094,0.12570245069245248,0.12086,0.11585698692135102
12-01-2026 13:35,25747.0,0.12697,0.13005,0.12265,0.12015117672494532,0.1178630215399674,0.11525,0.11212,0.11045444558412212,0.10947,0.10874,0.10825,0.10898,0.11004,0.11183,0.19147,0.18757,0.18138,0.17551,0.16951,0.16335,0.15791,0.15185,0.14597,0.140076672320423,0.13462,0.12970531776769834,0.12485,0.12000999999999999
12-01-2026 13:40,25745.1,0.14303862166710507,0.1348,0.12461258602322929,0.11842,0.1158,0.11363,0.11035,0.10893,0.10798,0.10742657752992514,0.1073319600610408,0.10789,0.10922,0.11090000000000001,0.19178,0.18636198341321608,0.18088092741956274,0.17528156291125088,0.16951,0.16359,0.15776,0.1521,0.14563,0.13943,0.13442046733744353,0.12999598181977282,0.12541,0.12045000000000002
12-01-2026 13:45,25739.05,0.14182,0.13243,0.1274,0.12355,0.11938,0.11529,0.11248,0.11011,0.1089,0.10768,0.10761,0.10793,0.10927,0.11099,0.19366306290365795,0.18738342151514206,0.18113,0.17536,0.16902,0.16257,0.15702,0.15116,0.1445275118642256,0.13813,0.13379,0.1287,0.12433,0.1199774451562082
12-01-2026 13:50,25735.6,0.13746290427010305,0.13349632989164084,0.12954540279004795,0.12561,0.12169,0.11822,0.11384,0.1118,0.1105,0.10937,0.10876460863666308,0.10914,0.11039,0.11193,0.19298,0.18672,0.18206,0.17617,0.16963584239843105,0.16319,0.15763,0.15127,0.14468,0.13839,0.13388,0.12816,0.12364,0.11821000000000001
12-01-2026 13:55,25743.25,0.13752,0.12317,0.1274,0.12181,0.11763,0.11525,0.11133,0.10985,0.10855,0.10761407738622418,0.10716,0.1077,0.10906752981768683,0.11096,0.19499097737021068,0.18885,0.18293168900211426,0.17691797297038125,0.17081,0.16449,0.15855,0.15269,0.14559,0.1399248323566257,0.13473,0.12993110662564716,0.12508,0.11957000000000001
12-01-2026 14:00,25734.9,0.13141,0.12459,0.1224283831744117,0.12034,0.11683143783507909,0.1130999299550817,0.11059,0.10946,0.10815,0.10718,0.10723,0.10801902986609659,0.10920055283535483,0.11075,0.19338,0.18746,0.18203617592183355,0.1766,0.17053,0.16404,0.15767317258356656,0.15142535208281266,0.14536527658582005,0.13956,0.13488,0.12952,0.12438253239933472,0.11936
12-01-2026 14:05,25732.75,0.13756,0.13142,0.12339,0.12785,0.12267,0.11871,0.11511370914452798,0.11212,0.11037167444162095,0.10958,0.10911794669238169,0.10908,0.1075271406760154,0.1059801522897638,0.19324,0.18731,0.18188,0.17644,0.16982,0.16312,0.15703465770695985,0.15116,0.14467333703529373,0.1384,0.13295503079930324,0.12785,0.12289,0.11768
12-01-2026 14:10,25739.35,0.1404894456474672,0.13049,0.12053,0.11597856622469162,0.11324,0.11198,0.10906,0.10643,0.10608,0.10546,0.10522,0.10593,0.10748719051116652,0.10963999999999999,0.19315,0.18786,0.18327,0.17697614070776715,0.17067,0.16446,0.15848,0.15258,0.1461998802617758,0.13985,0.1344844597177512,0.12965,0.12533,0.11911
12-01-2026 14:15,25729.15,0.13958,0.13351,0.12656,0.1222,0.11842,0.11527,0.1121375475336932,0.10986,0.10878,0.10763,0.10776,0.1082,0.10965,0.11154,0.19299,0.1865,0.18163,0.1754534309089874,0.16920582007594445,0.16309,0.15715,0.15097,0.14479,0.13865,0.13344,0.12854506461447832,0.12363,0.11826
12-01-2026 14:20,25736.35,0.1504228119407039,0.14464,0.13888,0.13311,0.1279,0.12306642450675633,0.11872,0.11572,0.11399,0.11222,0.11129921269380047,0.11128,0.11182,0.11129634509708149,0.19212,0.1869,0.18105,0.17619,0.1699,0.16246,0.15568108332933292,0.14920485703503383,0.14306893944147317,0.13731,0.1324,0.12651,0.12109492528709148,0.11595
12-01-2026 14:25,25762.75,0.13676,0.13189,0.12698,0.12283,0.11747,0.11438,0.11065,0.10897,0.1075,0.1065,0.10599,0.10634773786411522,0.10745999999999999,0.10749100727412618,0.19377,0.18807596939474078,0.1825,0.17716,0.17100968608572253,0.16475,0.15889,0.15268011535287135,0.14630486341529206,0.14034,0.13525,0.12988,0.12539,0.11969999999999999
12-01-2026 14:30,25753.1,0.12342441587919474,0.11977,0.11613,0.11389,0.11126,0.10888881539431526,0.10683,0.10553,0.10493,0.10422,0.10437094424642804,0.10536,0.10669,0.10845999999999999,0.19326,0.1880659981342081,0.18279,0.17731,0.17104298675488724,0.16471,0.15875,0.15268,0.14634,0.14043,0.13567,0.13022,0.1255,0.12037
12-01-2026 14:35,25716.7,0.15174,0.14512,0.13909,0.13307,0.12727,0.12346,0.11932,0.11609444686848158,0.11387205380607282,0.11235696457039364,0.11126,0.11126,0.10925856384225534,0.1072646945689524,0.19086,0.18502,0.17934,0.17431,0.16802,0.16121,0.15532,0.14895365984770415,0.1426,0.13638,0.13169,0.12575,0.12104,0.11634880244524945
12-01-2026 14:40,25749.0,0.14146,0.13314034105043376,0.12715,0.12317,0.11922443257948924,0.11552,0.11292,0.11058,0.10931,0.10795,0.10775,0.10821,0.10915912929697986,0.11043,0.19276,0.18761,0.18249,0.17659077314053023,0.1702,0.16401589280271223,0.15785,0.1516818987061708,0.14553,0.13957,0.13458,0.12875,0.12421,0.11968812380072891
12-01-2026 14:45,25763.85,0.13183,0.12663386932498916,0.12209,0.11817330415842517,0.11506,0.11314,0.11013,0.10793,0.10660783006475053,0.10591084116557285,0.10572026976516455,0.10592,0.10718,0.10669094020622624,0.19416,0.18743,0.18251239738651973,0.17764,0.17176,0.16465,0.15882,0.15287,0.14661450154530387,0.14051,0.13534,0.12992,0.12472298931520161,0.11967999999999998
12-01-2026 14:50,25774.05,0.14353,0.13758,0.13082,0.12617,0.12215129681194928,0.11819,0.11434,0.11136,0.10944408401073011,0.10794,0.10689,0.10686019205417663,0.10771398512544751,0.10915999999999998,0.19388,0.18866,0.1832202000212868,0.17722,0.1706,0.16408,0.1580930700864298,0.15221,0.14529,0.13945,0.13393893719241923,0.12857,0.12345,0.1183504391761523
12-01-2026 14:55,25796.15,0.14247,0.13767,0.13126,0.1254,0.12008,0.11677,0.11369,0.11074,0.10988,0.10782,0.10689959050691789,0.10694,0.10774,0.10874999999999999,0.19471,0.189,0.18312,0.17722,0.17063,0.16449159695228385,0.15838,0.15197873498493317,0.14561,0.1396977452461167,0.13418,0.12899220931981226,0.12416000000000002,0.11918002016037715
12-01-2026 15:00,25785.15,0.13593,0.13388,0.12688,0.1223,0.11803,0.11433,0.11181,0.10984,0.1080566097964043,0.10657780649767741,0.10578,0.10594,0.10639,0.10766,0.1955936233055245,0.1892836383681898,0.183,0.17702,0.17066,0.16441616211335164,0.1582,0.15202,0.14524,0.1393910231260848,0.13403130286028384,0.12898,0.12431,0.11883
12-01-2026 15:05,25789.75,0.1304,0.12499,0.12171,0.11729,0.11382,0.1119,0.1089,0.10756881541271265,0.10626,0.10491,0.10440963092327356,0.10472,0.10536,0.10686,0.1946084131054795,0.18854,0.18376,0.17824,0.1718943695431443,0.16532873926512848,0.15899,0.15311,0.14667,0.14017,0.13508,0.1300277003828465,0.12499,0.11971000000000001
12-01-2026 15:10,25785.05,0.13721473276388402,0.12841,0.11964,0.1167,0.11354298293363078,0.11045,0.10802,0.10645527001409112,0.10497,0.10326,0.10248416569645742,0.10294503670773589,0.10424868914525022,0.10601,0.19482,0.18819,0.18347815777715482,0.17836,0.17144,0.16481,0.15909,0.15268139608960268,0.1460295356922176,0.13992,0.13472,0.1292,0.12462,0.11945
12-01-2026 15:15,25782.95,0.14075267904924227,0.13489,0.12801412138925874,0.12200873335401928,0.11744,0.11417,0.11137,0.10853,0.10738,0.1052,0.10474,0.10481,0.10563,0.10704999999999999,0.19663,0.19127899591579434,0.1856122740203232,0.17933,0.17261,0.16587,0.16024,0.1535558050067652,0.14687,0.14062,0.13514,0.12983261551556666,0.12452,0.11877
12-01-2026 15:20,25786.05,0.1397568033059882,0.13408220913046556,0.12843,0.1228,0.11761,0.11465,0.1115,0.10893,0.10713,0.10521,0.1042578740733049,0.10448793980108242,0.10526,0.1067,0.19815,0.19091,0.18787,0.18119237235766777,0.17445738340509992,0.16785,0.16138019704789075,0.1549368831036729,0.14852,0.14213,0.13614,0.13,0.1242065761377762,0.11872
12-01-2026 15:25,25801.35,0.13043,0.12173,0.11775040997137994,0.11427415892338337,0.11127,0.1083986730735608,0.10605,0.10462,0.10349,0.10165,0.10145,0.10137,0.10221,0.10465000000000002,0.19547,0.19534,0.18691,0.18088,0.17392441106218326,0.16707,0.16224,0.15508,0.1484581258060189,0.14221,0.13697,0.13075,0.1252,0.11944
13-01-2026 09:15,25853.0,0.10138,0.10057,0.10156,0.10075561769322214,0.09975333840104782,0.09894,0.09834648830120325,0.09780138969544189,0.09738,0.09721284488206011,0.09726,0.09771,0.0992,0.10094,0.19934,0.19786,0.19012241009667982,0.1824,0.17542,0.16959,0.16328,0.15746,0.15049,0.14492587488312583,0.13946,0.13333,0.12841,0.12265999999999999
13-01-2026 09:20,25825.4,0.1301,0.12038,0.11652,0.11379,0.11063,0.10853,0.10573,0.105,0.10365,0.10229,0.10185,0.10238,0.10336,0.10516,0.20152823338761003,0.19459,0.18813,0.17948,0.17454,0.16867,0.16259,0.1560220378994626,0.14914525381614704,0.14263,0.13682122223000007,0.13143,0.12647,0.12052
13-01-2026 09:25,25818.35,0.07494,0.07585126905128257,0.07843,0.08284030183222105,0.08732,0.09071,0.09192,0.09345,0.09489,0.09538,0.09659,0.09772,0.09926,0.10186,0.20139171239331674,0.19492,0.19107,0.18192,0.1757813153482542,0.17018,0.16521498000953827,0.16014,0.15406601251437207,0.14795,0.14273465446081485,0.13807,0.13444,0.1289
13-01-2026 09:30,25766.85,0.09386,0.09599445064647104,0.09733,0.09798133498750707,0.0985,0.0989739919736243,0.09936,0.09957,0.09982195676289564,0.10013,0.10089188365187625,0.1022,0.10407,0.10676,0.19758,0.18681,0.1874,0.18077,0.17444,0.16772,0.1615,0.15514151897193068,0.14881,0.14315,0.13844,0.133,0.12898,0.12386999999999998
13-01-2026 09:35,25737.7,0.11826,0.11285910183926219,0.1101,0.11011,0.109,0.10795569972408224,0.10695676651340583,0.10605,0.10628,0.10556,0.10597,0.1067,0.10811,0.11024,0.19641,0.19402,0.1861403776847869,0.17834,0.17151,0.16504,0.15939,0.15322,0.14657,0.14058,0.13586,0.13051,0.125567410354765,0.12088
13-01-2026 09:40,25732.1,0.11840714057499742,0.11635,0.11413854285107566,0.11226,0.11080179634935666,0.1094,0.10754,0.10682,0.10672,0.10605,0.10663,0.10736,0.10873,0.11100999999999998,0.19531,0.1897,0.1851,0.17854,0.17119,0.16484,0.15903,0.15272,0.14566,0.13996,0.1353,0.12993,0.12517,0.12016999999999999
13-01-2026 09:45,25766.4,0.10985,0.10211,0.09862472944972503,0.09765,0.09883,0.09904,0.09925400375511095,0.09946770795630602,0.09968,0.09971,0.10075,0.10208,0.10395,0.10664999999999998,0.19563302916584294,0.18954,0.18651,0.17875,0.17198,0.16605,0.15962,0.15340085646291743,0.14721,0.14102,0.13691,0.1316,0.12743,0.12286000000000001
13-01-2026 09:50,25750.85,0.11754,0.11262,0.11364,0.10823,0.10611,0.10542,0.10416,0.10457,0.10446,0.10352,0.10426,0.10544517735534405,0.10695,0.10944,0.19685,0.19192790037319274,0.1858,0.17799,0.17208,0.165,0.15952,0.15320867835742658,0.14667998187886797,0.14069,0.13566,0.13018,0.12472196398677966,0.1192857165984657
13-01-2026 09:55,25731.0,0.10362,0.10571,0.10317,0.10456,0.10456981063152024,0.10433,0.10374,0.10378,0.10438,0.10435,0.10535,0.10636,0.10817,0.11081000000000002,0.19596,0.19028,0.18489,0.17873403355471223,0.17186642396517984,0.16491695555253846,0.1585,0.15331,0.14657,0.14124668540100344,0.13604,0.13094,0.1269,0.12208
13-01-2026 10:00,25714.65,0.14097,0.13349,0.13009,0.12686,0.12114,0.11849,0.11568,0.11373,0.11286,0.11147,0.1113,0.11182306756022506,0.11276,0.11280732324657347,0.1931,0.18816,0.18229,0.17698,0.16948481194035847,0.16188,0.15581,0.14965,0.14249,0.13684,0.13118,0.12617,0.12153,0.11621
13-01-2026 10:05,25746.85,0.12843,0.12569,0.11961,0.1167,0.11418,0.11206,0.11025,0.10891,0.10827,0.10803,0.10751,0.10817,0.10963718727817612,0.11162,0.19569,0.18741,0.18139453026954133,0.1758,0.17055,0.16428,0.15821,0.15229,0.14503,0.13955,0.13412465466915996,0.12879,0.12451,0.11968
13-01-2026 10:10,25759.95,0.10494,0.10371,0.10288,0.10202,0.10091,0.10211,0.101366961383972,0.10084,0.10126,0.10178,0.10247,0.1034,0.10505,0.10788,0.19744,0.1923,0.18608,0.17940943487628072,0.17265453099692715,0.16615,0.16016,0.15376906559131864,0.1475,0.1421099475504044,0.13695,0.1312,0.12764,0.12409421161466848
13-01-2026 10:15,25754.7,0.10612,0.10838,0.10433,0.10362,0.10244,0.10284,0.1022222684460648,0.10176,0.10236,0.10237,0.10308,0.10428,0.10568,0.10871,0.19659,0.19045,0.18549,0.18043,0.17189,0.16543,0.15933,0.1527842730809338,0.14641,0.14114,0.13617951351940247,0.13129898790379269,0.12656,0.12173885454813595
13-01-2026 10:20,25761.35,0.12196,0.11837331420677821,0.11421,0.10883,0.10757,0.1063274471459132,0.10509,0.1039,0.10396,0.10338,0.10386,0.10477,0.10632,0.10728522701831866,0.19667,0.19117910180312153,0.18512,0.17838251006922243,0.17169,0.16546,0.15956,0.15344,0.14623,0.14073,0.1351,0.12988,0.12551,0.12025
13-01-2026 10:25,25770.15,0.14012,0.13305,0.12665,0.12195,0.11838,0.11516660375200034,0.11211,0.10968,0.10903,0.10803,0.10721,0.10737,0.10855,0.11040999999999998,0.19716,0.19126850447685095,0.18548,0.17993,0.17266958295351087,0.16508,0.15866,0.1517263022225282,0.14506,0.13920976107649147,0.13348,0.12756,0.12274000000000002,0.11793924156817474
13-01-2026 10:30,25804.6,0.13282,0.11373723373690166,0.10534,0.10765,0.10653,0.10582,0.10306,0.10195000553530167,0.10126314515570083,0.10096703751210086,0.10103,0.10169,0.10330093962630937,0.10556,0.20026119243393736,0.19389,0.18871,0.18195,0.17508,0.16807,0.1618287272248509,0.15564,0.1494075629813748,0.14319552297771337,0.13714,0.1317034869540925,0.12664,0.12147
13-01-2026 10:35,25783.95,0.12325,0.1098,0.10718,0.10779,0.10526,0.10288,0.10219,0.10221,0.10218941299107537,0.10215647433955688,0.10214,0.10265,0.10405,0.10676000000000001,0.20073635398493514,0.19415944645660452,0.18761,0.18025,0.17383,0.1676630110239828,0.16149,0.1552,0.1487479648516723,0.14241,0.13709,0.13144,0.12632368184106568,0.12165000000000001
13-01-2026 10:40,25772.4,0.11286,0.10172,0.09986,0.10643,0.10474,0.10468,0.10303,0.10234,0.10255,0.10191,0.10239,0.10342385838502716,0.10494,0.10767999999999998,0.19788,0.19270639457854413,0.18696412048376126,0.18052,0.17303,0.16664,0.16044557366632997,0.15430721840711653,0.14816,0.14168,0.13610540160965462,0.13102,0.12613,0.12106999999999998
13-01-2026 10:45,25763.45,0.1323041783591714,0.11857,0.10489,0.11266,0.11010268693634265,0.1078,0.10651,0.10655,0.10529,0.10428,0.10453,0.10574,0.10617,0.10849,0.19601,0.19017215512164895,0.18463,0.17979,0.17084,0.16428,0.15841,0.15174,0.14493,0.13907,0.1341,0.12863776750022846,0.12323,0.1189
13-01-2026 10:50,25794.3,0.11933,0.11414,0.11134,0.10766229284862636,0.10345217362780872,0.0998576321773423,0.098,0.09792748262688816,0.09832,0.09864,0.09876,0.09983,0.10165,0.10429,0.197,0.19049,0.18559,0.17919,0.17247,0.1662,0.15938,0.15394,0.14715,0.14127,0.13627,0.13129009655609428,0.1263301526737695,0.12139
13-01-2026 10:55,25765.7,0.13704687138332503,0.1277,0.11839,0.11653,0.11209,0.11021868125583582,0.1084,0.10623,0.10569,0.10431,0.10434,0.10496,0.10638498745097034,0.10846,0.19378,0.18824,0.18328,0.17684,0.16974,0.16337718049981567,0.15729392392694855,0.15101,0.1442,0.13808,0.13279,0.12762,0.12277,0.11766
13-01-2026 11:00,25784.9,0.11114,0.11637,0.1004,0.10533,0.10417,0.10312307761274886,0.10209796283432955,0.10121,0.10136,0.10075,0.10117,0.10206,0.10350227107376465,0.10537,0.19581,0.19038973837054626,0.18426,0.17715,0.1711193189597793,0.16513,0.15832,0.15288,0.14577,0.13983,0.13496,0.12932,0.12422435736604262,0.11948
13-01-2026 11:05,25771.65,0.13216,0.11938,0.12029,0.11747,0.11378,0.11176,0.10933863941390619,0.10724,0.10636,0.10527,0.10501,0.10534,0.10616,0.10809,0.19504,0.18875,0.183,0.17643867244716824,0.16977,0.16355,0.15506,0.15072,0.14357,0.1381,0.13271102891731357,0.12739,0.12263,0.1178890020465792
13-01-2026 11:10,25787.85,0.11856,0.10777,0.11044,0.11006,0.10668,0.10586,0.10409,0.10327053240442108,0.10252,0.10135,0.1017,0.10224,0.10347540482961984,0.10541000000000002,0.19507,0.1893870181414361,0.18371,0.178,0.17081,0.1648,0.15819,0.15219,0.14495,0.13945,0.13397222228280736,0.12851648799632476,0.12308262043899211,0.11767044502544707
13-01-2026 11:15,25787.55,0.11479052748123604,0.11304682447525843,0.11131,0.10958,0.10777,0.10559,0.10327,0.10223,0.10211,0.10092,0.10121,0.10247,0.1027,0.10501,0.19481,0.18867,0.1835,0.17724,0.17046,0.16354,0.15748,0.1508955714689654,0.14437,0.13874,0.13399,0.12815,0.12385999999999998,0.11958712579408085
13-01-2026 11:20,25784.1,0.12704,0.11694,0.11314,0.10838,0.10646,0.10523,0.10245,0.10227,0.10176,0.10125489742593455,0.10077,0.10144,0.10261,0.10482,0.19456,0.18866,0.18282,0.1764,0.16948,0.16327,0.15648,0.15139,0.14396,0.13843,0.13358,0.12848822562493772,0.12338,0.11825
13-01-2026 11:25,25786.2,0.12557,0.12715,0.11235,0.11523,0.11204241699042054,0.10887,0.10572,0.10391,0.10284633757358626,0.10212,0.10181890515552927,0.10209,0.10326467965252674,0.10539999999999998,0.19449,0.18884,0.1827318129086544,0.17621,0.16914,0.1625,0.15639,0.1498601395575178,0.14336,0.13753,0.1323014327156346,0.12729,0.12252,0.11716
13-01-2026 11:30,25793.55,0.12837,0.12356,0.11864,0.1145248262788038,0.11179,0.11038,0.10826994293882178,0.10600514768824759,0.1041,0.1031,0.10283,0.10315,0.10381,0.10564000000000001,0.19482,0.18945,0.18277,0.17604,0.16887,0.16281,0.15675,0.15086,0.14333,0.13761,0.13242,0.12697,0.12213,0.11730932140870659
13-01-2026 11:35,25814.5,0.11175,0.1102626948221062,0.10854,0.10642,0.10504,0.10288,0.10123,0.09991,0.09918644838431358,0.09904,0.0994,0.1001101646271311,0.10101,0.10123173774435913,0.19755587438952865,0.19088901887550325,0.18425,0.17766312423685368,0.17099,0.1641,0.15813,0.15207,0.145,0.13937,0.13446,0.12945018442603753,0.12442,0.11932000000000001
13-01-2026 11:40,25811.5,0.09832,0.09788961052382673,0.09765214766589174,0.0976,0.09793,0.09766,0.09684,0.0965,0.09714,0.09663,0.09748,0.09813,0.09936,0.10197,0.19420872974231057,0.18823,0.18403,0.17714,0.17076,0.16403,0.15819,0.15126072518480405,0.14487,0.13994,0.13509,0.13018810034734754,0.12525,0.12026
13-01-2026 11:45,25782.05,0.12434,0.11605,0.1116277098054132,0.10915,0.10828,0.10657,0.10442004860787352,0.10265,0.10178,0.10097,0.10086011581534873,0.1017994955919707,0.10343716593920071,0.10543,0.1927355186525702,0.18644,0.18126,0.17477,0.16779,0.16189,0.15566,0.14976,0.14269,0.1372,0.13206,0.12708,0.12214899428577684,0.11725
13-01-2026 11:50,25785.0,0.0963,0.09354,0.09555,0.09782,0.09939,0.09804,0.09687,0.09688,0.09736,0.09746,0.09803066794740885,0.09908940802046462,0.10052,0.103,0.19372,0.18669,0.18075777194360862,0.17483,0.1686,0.16252291557902393,0.15652,0.15081,0.14368,0.13831,0.13315,0.12814,0.124,0.1198765269900921
13-01-2026 11:55,25762.65,0.13302,0.1138,0.10992697583681967,0.10695882201249939,0.10494,0.10345,0.10155,0.1008,0.10116,0.10053,0.10112,0.10179,0.10305,0.10553,0.19174,0.18471,0.17974,0.17282,0.1664,0.16066373205018095,0.15503,0.14909,0.142,0.13661,0.1315364205809686,0.12661,0.121927623760299,0.11746
13-01-2026 12:00,25747.9,0.11514,0.11089,0.10672,0.10734,0.10493,0.10426,0.10283,0.10234203911848395,0.10193,0.10157,0.10203,0.10267,0.10395,0.10659,0.19166,0.18595,0.179,0.17203,0.16573,0.15969,0.15404,0.14760921254788295,0.14122,0.13581,0.13089,0.12575,0.12098069629776965,0.11651999999999998
13-01-2026 12:05,25735.35,0.11577,0.11144157447942349,0.10927,0.10984,0.1081,0.10654,0.10499029557052603,0.10347,0.10359,0.10292,0.10355,0.10403,0.10514,0.10793,0.19184920412458087,0.18497,0.17843,0.17102,0.1647,0.1588,0.15296,0.14657172766799073,0.14019,0.13457023472747554,0.12941,0.12453,0.11972929041416748,0.11497
13-01-2026 12:10,25733.45,0.1146785545299432,0.10744,0.10023,0.0998399720037514,0.0996892420573958,0.09977,0.09999,0.09968,0.10002,0.1002,0.10123,0.10217,0.10362,0.10667,0.19005,0.18343,0.17914,0.17089,0.16596,0.15959,0.15405,0.1480776988793011,0.1421,0.13608,0.13199,0.12692,0.1224575768257228,0.11837
13-01-2026 12:15,25722.55,0.11631,0.11602753041315021,0.11484,0.11267,0.11004,0.10822,0.10642936121413248,0.10475,0.10468,0.10391,0.10394,0.10484,0.10608,0.10681493080596156,0.18896,0.18259,0.17786,0.17174,0.16536854318591143,0.15899486369437416,0.1527,0.14666,0.14003,0.13392,0.12907,0.12386,0.11959,0.11474
13-01-2026 12:20,25724.7,0.10816,0.10535,0.10462,0.10356,0.10227,0.1018253194976431,0.1016,0.10069,0.10113,0.10095,0.10163,0.10244,0.10438,0.10734,0.18941,0.1823,0.17826,0.1713912549733157,0.16474,0.15918,0.15358,0.14819,0.14142,0.13627956513099362,0.13122,0.12589,0.12206,0.11824528946184851
13-01-2026 12:25,25714.0,0.11595,0.12216,0.11939,0.11684,0.11278,0.11049840311319721,0.10864,0.10709,0.10658,0.10555,0.10563,0.1062,0.10724,0.10997,0.1876059445777971,0.18147,0.17615,0.17069,0.16444150604427624,0.15794421083765373,0.15143,0.14493924918183804,0.1385,0.13274,0.12767,0.12243,0.11784,0.11295
13-01-2026 12:30,25723.0,0.11512,0.11016,0.10486,0.10314,0.10241,0.10152,0.10044,0.1004,0.10038505436865554,0.10069,0.1015,0.10234,0.10429788655367196,0.10755999999999999,0.18932,0.18303076418697262,0.17682891433835057,0.1707025359310667,0.16464,0.15876,0.15327054919932145,0.14783,0.14097,0.13545830097022848,0.13052,0.12593597477910587,0.12144,0.11704
13-01-2026 12:35,25717.45,0.11999,0.11351,0.11092,0.10715,0.10522,0.10404,0.10306,0.10297951771570601,0.10301,0.10290766679183144,0.10282,0.10392,0.10589059044487076,0.10843,0.18786,0.18227,0.17647,0.16908,0.1631531068640875,0.15749522991803616,0.15204,0.14686,0.14059623766508567,0.13433,0.1291012619809739,0.12435,0.12008,0.11582704595354901
13-01-2026 12:40,25710.25,0.11488,0.10683,0.10567,0.1048,0.10327,0.10239,0.10145,0.10102,0.10138,0.10109,0.1021,0.10339,0.10503,0.10633083366278209,0.18732,0.18124,0.17612,0.169685877662064,0.16325,0.15736352868678435,0.1517,0.14634,0.14077697725984473,0.13512715579930634,0.12958,0.12462,0.12072,0.11683556890370984
13-01-2026 12:45,25702.9,0.09992,0.09901582541939709,0.09852,0.09849,0.09819,0.09857,0.09847,0.09857,0.09981,0.10014,0.10135260574021077,0.10301,0.10528,0.109,0.18883,0.18068,0.1776,0.17041,0.16469,0.15844,0.15306,0.148,0.14121,0.13628,0.13152,0.12642,0.12269,0.11824
13-01-2026 12:50,25667.1,0.10716,0.10802,0.10683848519354922,0.10546427803529618,0.10432,0.10344,0.10262,0.102,0.10292,0.10288,0.10416,0.10557,0.10796,0.11179,0.18652,0.1815189434420453,0.17586,0.1692098650135322,0.16278,0.1572,0.15163,0.14603,0.14012761016336084,0.13461,0.12979,0.12499,0.12093,0.11684
13-01-2026 12:55,25659.75,0.11791,0.11136160905174855,0.10762,0.10623524172044431,0.10512,0.10415,0.1032,0.10271,0.10309,0.10316,0.10418031011548821,0.10613,0.10698102889797839,0.10782884028771772,0.18717,0.18133,0.1739888505348058,0.16686,0.16311,0.157222225191761,0.15135,0.14546594366632898,0.13966,0.13456588933204858,0.12995,0.12522,0.12050895796669123,0.11581672253845672
13-01-2026 13:00,25645.05,0.10976,0.10878,0.1072,0.10506,0.10368,0.10279,0.10217,0.1016,0.10199,0.10237,0.10408,0.10585,0.10878630470379519,0.11306000000000001,0.18672,0.18015,0.17443636259728645,0.16881,0.16108,0.15626,0.15003,0.14537,0.13975172171259728,0.13388382999959275,0.12849,0.12396,0.12001,0.11595000000000001
13-01-2026 13:05,25639.05,0.12176976242779719,0.11676,0.11177,0.11205,0.10962,0.10814092897666253,0.10667,0.10521,0.10519,0.10545,0.10703,0.10849,0.11118000000000001,0.1130304571283336,0.18741,0.18135,0.1747982306993251,0.16832,0.16258,0.15642,0.1501,0.14493,0.13867366857741045,0.13266,0.12808,0.12301,0.11891,0.11472
13-01-2026 13:10,25669.25,0.10935,0.10859,0.10366,0.10559,0.10424682418737373,0.10302,0.1022,0.10165,0.10152584072780398,0.10236,0.10422,0.10579000000000001,0.10680713912359754,0.10782043272148115,0.18893,0.1837951688162352,0.17783,0.17107,0.16414,0.1583,0.1521622610839256,0.14597988573005988,0.14024,0.1351232386668083,0.13015,0.12503,0.12070369451664568,0.11724
13-01-2026 13:15,25650.75,0.12082,0.11121,0.11372,0.11219,0.10964,0.10786,0.10668049184052612,0.10575,0.10531,0.10564619062972933,0.10679038657777526,0.10858601946508162,0.11088,0.11512,0.18831694010220784,0.18215,0.17622499509874634,0.17021123796440266,0.16408,0.15777,0.15168,0.14627,0.1395,0.13440824675257657,0.12934,0.12428,0.11981662193673255,0.11605
13-01-2026 13:20,25659.9,0.1205,0.11735207075170145,0.11432506473165814,0.11136,0.10866,0.10703,0.10566,0.10491631599553955,0.10456,0.10459,0.10609,0.10748,0.10997,0.11170935062990325,0.18846,0.18292,0.17728,0.17132,0.16353,0.15754377405768297,0.15209624062036117,0.1462,0.13927,0.13374,0.12865867770523015,0.12385,0.1194642352174847,0.11548000000000001
13-01-2026 13:25,25660.75,0.12224,0.11729,0.11027,0.10601,0.10434033378952019,0.10322,0.10242,0.10167,0.10215,0.10236,0.10404,0.1057,0.10854196998648341,0.11278,0.18901,0.18301,0.1771894852039926,0.17141,0.16498587717990817,0.15809518716813808,0.15166,0.1463,0.14024423322673743,0.13425,0.12888,0.1242,0.12064,0.11627
13-01-2026 13:30,25661.85,0.11661,0.11306,0.11056,0.10983495927494753,0.10907,0.10743,0.10578,0.10449,0.10434,0.10429,0.10545,0.10696,0.10926,0.11328,0.1889722475358435,0.18271,0.1762569916940018,0.1698926868501046,0.16358,0.15744,0.15203,0.14567,0.13872,0.13321,0.12836,0.12335,0.11943,0.11493
13-01-2026 13:35,25679.45,0.11288,0.10962,0.10556,0.1049,0.10328,0.1020407676823614,0.10105,0.1006,0.1008,0.10102,0.10265,0.10423,0.10655,0.11074,0.19079,0.18416,0.17879,0.17237,0.1648,0.15870040413373168,0.1529,0.14733,0.14052,0.13489,0.1296120958623676,0.12491,0.12084,0.11675
13-01-2026 13:40,25665.55,0.11343,0.11269,0.1141,0.11191113429321808,0.1096,0.10766184966627593,0.10591,0.10478440630632747,0.10439,0.10455666602551827,0.10518,0.10639,0.10871,0.11277999999999999,0.19004754041061817,0.18305,0.17574,0.17036,0.16171,0.15582,0.14970983035148994,0.14360045033089203,0.13763,0.13215,0.12716,0.12221,0.11834,0.11372
13-01-2026 13:45,25671.3,0.11584,0.10982592632079351,0.10635,0.10582,0.10347,0.10247,0.10169152626239009,0.10104,0.10065897850849108,0.10129,0.10279,0.10425,0.10681,0.11089,0.18758,0.18354,0.17664280604100302,0.16905283759063336,0.16238,0.15706,0.15095,0.1455,0.13879,0.13343,0.12873,0.12374,0.12019,0.11665417169440268
13-01-2026 13:50,25672.15,0.11731,0.11294,0.10877,0.10733,0.10546,0.10394,0.10265,0.10185,0.10185551907353928,0.10238,0.10338,0.10528,0.10765,0.11184,0.18693,0.18363,0.17494,0.16847,0.16237333172813045,0.15629,0.15009760889908158,0.14386748496836832,0.13779,0.1324,0.12742,0.12257,0.11886,0.11428
13-01-2026 13:55,25662.15,0.11435,0.11479,0.1103,0.109046246939453,0.10766,0.10529,0.10379,0.10312,0.10307881494922062,0.10345,0.10442,0.10618,0.10874,0.11265,0.18616,0.18284,0.17494,0.16855,0.1620977704898169,0.15563904710535065,0.14926,0.14458,0.13805,0.13272,0.12796,0.12314,0.11868954910078837,0.11462
13-01-2026 14:00,25659.5,0.10596,0.10328723199532089,0.10224,0.1033,0.10247,0.10177114667336087,0.1011,0.10064,0.10092,0.10146,0.1032,0.10512,0.10781,0.11198,0.18695,0.18045068374799994,0.17410184466392692,0.1679171725641787,0.16191,0.15622,0.15019,0.14468,0.13894210604741192,0.1334,0.12892,0.12422,0.12043,0.11642
13-01-2026 14:05,25647.55,0.11484,0.1111,0.1089,0.10697,0.1057,0.10454468508892634,0.1034,0.10231,0.10272,0.10298,0.10447,0.10652514398894525,0.10889,0.11048845097327914,0.18578,0.18059319348752453,0.17455,0.16736,0.1613400971951033,0.15533,0.14912,0.14324293415270795,0.13755,0.13214,0.12782,0.12261,0.1193,0.11494000000000001
13-01-2026 14:10,25642.55,0.10278893139193176,0.10297,0.10360900366132599,0.10333,0.10191,0.10139,0.1002,0.09978,0.10039,0.10126525311850877,0.10243,0.10455,0.10748,0.11189,0.1854,0.1796,0.17396,0.16696,0.16049,0.15455957837823978,0.14894,0.14389,0.13718,0.13222070008211725,0.12731,0.12244,0.11873,0.11476
13-01-2026 14:15,25631.25,0.11749,0.11278,0.10971,0.10795,0.10585,0.10392,0.10293,0.10226,0.10228,0.10231,0.10350353327594101,0.10586,0.10873,0.11300000000000002,0.1839981550862586,0.17761,0.17227,0.16603,0.15857,0.1525,0.14705,0.14187,0.13524,0.12995,0.1250855368613129,0.12054,0.11695,0.1122
13-01-2026 14:20,25627.6,0.11066790103680225,0.10613,0.10161,0.10124,0.10023,0.09971,0.09921183819987234,0.09911,0.09991,0.10055,0.10272,0.10495,0.10815,0.11248,0.18352,0.17733,0.17161971113873606,0.16591,0.15892,0.15306,0.14796006766746342,0.14283,0.13634,0.13116,0.126800659379866,0.12252264164764615,0.11835,0.11427
13-01-2026 14:25,25619.65,0.10956,0.11014,0.1057,0.10475,0.10327589332322343,0.10202,0.10187,0.10119,0.10128850271585604,0.1022,0.10385418027125913,0.10613,0.10918,0.11368,0.18315,0.17736,0.17117303357549302,0.16474049062784613,0.15837210822106018,0.15237,0.14715,0.14137984341505394,0.13544275408626036,0.13005,0.12556,0.12083,0.11741,0.11306
13-01-2026 14:30,25622.55,0.12078,0.12092,0.11681,0.11413,0.11146798987584407,0.10886,0.10725,0.10601,0.10568,0.10572,0.10693,0.10864,0.11153,0.11541,0.18116,0.17762,0.17082,0.16392,0.15739,0.15062,0.14568,0.13977616572093102,0.1336595362861534,0.12828,0.1237,0.11921777379023314,0.11477999999999998,0.11034672453398843
13-01-2026 14:35,25644.0,0.12605,0.12063,0.11684444400927073,0.11338,0.11022,0.10835,0.10637,0.10478,0.10446,0.10439,0.10572,0.10767891695556153,0.10998,0.1114268776517358,0.18269830268988593,0.17643,0.17097,0.165,0.15839569024541458,0.15176,0.14553,0.14018,0.13362,0.12835,0.12352,0.11842,0.11481,0.11121441121599798
13-01-2026 14:40,25667.6,0.12795,0.12035409475645416,0.11577,0.11455,0.111415941950041,0.10854,0.10656292797318707,0.1051,0.10422,0.1038,0.10482,0.10636,0.1087,0.11237,0.18178,0.17905,0.17186,0.16506,0.15835,0.15321,0.14765,0.14174422256770822,0.13568538149828432,0.12977,0.12427013974528064,0.11926,0.1152,0.11019999999999999
13-01-2026 14:45,25695.95,0.1173,0.1098,0.10739,0.10562,0.10358,0.10225,0.1008,0.10039,0.10035818978260241,0.10059945874119412,0.10123,0.103,0.10582,0.10676925560768963,0.18457,0.18134,0.17374,0.16742,0.16129,0.15552,0.1492,0.14389,0.13759,0.13227,0.12738,0.12243,0.1183,0.11418648706982597
13-01-2026 14:50,25698.45,0.12994,0.121,0.11481,0.11213,0.10844,0.10629,0.1044,0.10284,0.10209,0.10146,0.10196,0.10374,0.10593,0.10921999999999998,0.18423,0.18012,0.17396,0.16765,0.16024,0.15479,0.14839636444141516,0.1418425035641939,0.13573,0.13023,0.12503,0.11963,0.11547,0.10993
13-01-2026 14:55,25717.05,0.10227,0.10131,0.10561,0.103,0.10178,0.10036671496795808,0.09903,0.09826279851793299,0.09788,0.09778,0.09901,0.10052,0.10309628470916309,0.10674999999999998,0.1889564485125603,0.18253982835054866,0.17615,0.1693567369568906,0.16292,0.15689,0.15066764768310165,0.14438405093519802,0.13826,0.13281,0.12778085527387725,0.12294525762736697,0.11832,0.11352861470524638
13-01-2026 15:00,25754.0,0.06496,0.08771,0.08152,0.08567,0.08764,0.08837356226329339,0.0891,0.08982,0.09066,0.09105,0.0928515124680031,0.09549,0.09849,0.10246999999999999,0.18914,0.18477512527242257,0.17916,0.17245,0.16566,0.15874,0.15333,0.14735066070509595,0.14124669700603343,0.13566,0.13092,0.12594,0.12166,0.11739708587381505
13-01-2026 15:05,25708.75,0.12503,0.11954,0.11510500460787035,0.11152,0.10881,0.10633756835875034,0.10404937235061143,0.10203,0.10078085283899861,0.1005778141546167,0.10117,0.10258,0.1048,0.10522835590551509,0.18537,0.18125,0.17479725004797797,0.16795,0.16079,0.15474,0.14881,0.14237016851071427,0.13604,0.13057,0.12534,0.12031177659247055,0.1153,0.1098
13-01-2026 15:10,25746.05,0.09601,0.09488880109897233,0.09434,0.09443,0.0941766987345356,0.09393,0.09376,0.09323,0.09365,0.09362,0.09474510465448512,0.09684,0.09966,0.10349999999999998,0.18712,0.18273,0.17699876216218877,0.17082,0.16424549251687912,0.15776,0.15168684429637,0.14567,0.13924,0.13403,0.12887,0.12397040965317387,0.11912,0.11362
13-01-2026 15:15,25745.9,0.09885,0.09442,0.09401,0.0927,0.09307,0.09267218089411478,0.09227,0.09186,0.09184516190221854,0.09258,0.09434,0.09663751862122515,0.09921,0.10067248766555985,0.18694587204895263,0.18117,0.17744,0.17144,0.16514270324960434,0.15878,0.15193,0.1466,0.14098613418636563,0.13538727260419697,0.12982,0.12433,0.11988,0.11426999999999998
13-01-2026 15:20,25730.9,0.10596,0.10365913434475463,0.1016,0.09989,0.09848173611648611,0.09735,0.09655,0.09557,0.0959,0.09549,0.09645098222243641,0.09835,0.10097,0.10470000000000002,0.18772,0.18297602628385579,0.17737,0.17104,0.16471,0.15806752796774814,0.15139,0.14642,0.13928,0.13342,0.1279985790512367,0.1228,0.11826,0.11245
13-01-2026 15:25,25730.8,0.10125,0.09819,0.09998,0.09608,0.09512,0.09402,0.09398,0.09364,0.09342519869957049,0.09339,0.09456,0.097,0.09919,0.10305,0.19098,0.18082,0.1789,0.17223,0.16751,0.15719,0.15183,0.14589784488678384,0.14019,0.13504577602982354,0.12995,0.12469893653201479,0.11937,0.11379000000000002
14-01-2026 09:15,25671.9,0.14959,0.12509480869083145,0.11174,0.10873,0.10765,0.10444,0.10288,0.10173,0.10139,0.10154335293507273,0.10239,0.10433,0.10685,0.10815147316009543,0.19276,0.18752,0.18191,0.17457,0.16868,0.16229672502055312,0.1558677979162713,0.14939,0.1427,0.13707,0.13117,0.12558,0.12053,0.11497
14-01-2026 09:20,25705.8,0.12363,0.12422,0.11267,0.10689,0.10436,0.10267,0.10126,0.10015,0.09998,0.09974,0.10063,0.10243,0.10524,0.10876999999999999,0.19452,0.18877,0.1834,0.1768161234368509,0.17003,0.16326,0.15622,0.15001,0.14306,0.13778,0.13156,0.12589,0.12102,0.11552
14-01-2026 09:25,25717.85,0.13317,0.12747411414422874,0.12118,0.11356,0.11106,0.10716,0.10495,0.10343,0.10229,0.10186,0.10202,0.1036,0.10598,0.10736260377475866,0.19526,0.18932,0.1829810397927555,0.17644,0.16975958703929153,0.16311,0.1565,0.14991,0.14267,0.1367195916786473,0.13089,0.1248,0.11955,0.11384
14-01-2026 09:30,25746.8,0.11272,0.10267,0.10078,0.10024,0.09959,0.09806,0.09683,0.09616,0.09616,0.09601,0.09703051092682317,0.09916,0.10189999999999999,0.10334832527693555,0.19805067029203632,0.19149,0.18593229284039925,0.17952,0.1719,0.1657,0.15915,0.15275,0.14641124290006452,0.14012349988932876,0.13387,0.1279,0.12301,0.11723
14-01-2026 09:35,25737.05,0.1012,0.11807,0.10043,0.10059196211189919,0.10049,0.09946,0.09825,0.09723,0.0971,0.0968,0.09815,0.09997,0.10261721778061261,0.10598,0.19606,0.19023,0.1843522626375699,0.17832,0.17179,0.16502,0.15814,0.15237,0.14522,0.1392,0.13298,0.12733,0.12206,0.11653
14-01-2026 09:40,25712.25,0.12103,0.10667,0.10128,0.10040340795715436,0.09942,0.09791,0.09694193968100333,0.09656,0.09661,0.09664,0.09797,0.09991,0.10275,0.10669,0.19464646448498008,0.18821,0.18256782818070028,0.17641,0.16968103967985004,0.16299,0.15661,0.15045,0.14342,0.13737146367078062,0.13157967073426452,0.126,0.12054468306424589,0.11524999999999999
14-01-2026 09:45,25691.85,0.10661,0.10863,0.1058235495604184,0.10313,0.10168,0.10053,0.09893,0.09828,0.09847,0.09854,0.09988,0.10168,0.10453,0.10839,0.19245,0.18703,0.18192,0.17525,0.16891,0.16235592130073528,0.1556323029236966,0.14892395858676274,0.14241121143329263,0.13627,0.13052,0.12473,0.11991,0.11441
14-01-2026 09:50,25701.2,0.1424143972874858,0.13609473379183273,0.1298,0.12353,0.119,0.1145,0.11092,0.10787,0.10619,0.10517,0.10541,0.10623,0.10826535859622335,0.1114,0.19429949710008404,0.18754564861653716,0.18082,0.17434,0.16731,0.16093,0.15422,0.14807,0.14127032863450997,0.13451,0.12822,0.1222,0.11692,0.11055000000000001
14-01-2026 09:55,25759.55,0.09956,0.08438,0.08875,0.09669,0.09529,0.09431,0.09485,0.094,0.09345460069720557,0.09393,0.09574,0.0974,0.1,0.10383999999999999,0.19687,0.19168,0.1855,0.17881180652545076,0.17221,0.16596,0.15952,0.15273,0.14534,0.13975,0.13392,0.1281,0.12319,0.11744
14-01-2026 10:00,25727.85,0.12568,0.11977,0.10681,0.10237432236695623,0.10037,0.09973,0.09769,0.09675,0.09648,0.09696937654557744,0.09783,0.09918,0.10196000000000001,0.10323526592840444,0.19351,0.1891,0.18215860059028047,0.17525,0.16857,0.16202,0.15568772145386126,0.14942,0.14235,0.13666,0.13071,0.12522,0.12025999999999999,0.11531980045189769
14-01-2026 10:05,25713.6,0.11955,0.11356731980699955,0.10843774487359205,0.10489,0.1025,0.09999,0.09863,0.09749,0.09764,0.0975,0.09833929971310838,0.10037119744601697,0.10322794340282161,0.10655,0.19239,0.18795,0.1817,0.17426,0.16809,0.16112,0.1554,0.14851,0.141988770390798,0.13578,0.12997427709321643,0.12439,0.11893373616323046,0.11359999999999999
14-01-2026 10:10,25697.45,0.12007,0.11399,0.11003597086356794,0.10673,0.103806652137501,0.10127,0.09953,0.09863,0.0985,0.09833,0.09982,0.10177,0.10448120693893868,0.10784,0.19167,0.18665,0.18039615511536639,0.17391,0.16730632332249923,0.16068,0.15396,0.14742002881178087,0.14106133892972653,0.1349,0.12901,0.12333,0.11843,0.11254
14-01-2026 10:15,25696.35,0.09694346532948589,0.0986,0.10025,0.09845,0.09721824943624001,0.09617,0.09559,0.09563486521535772,0.09583,0.0962,0.09798,0.10004,0.10297,0.10684,0.1927,0.1873,0.18138,0.1749842725326063,0.16823,0.16044,0.15501,0.14858,0.14157,0.13597,0.13009,0.12453,0.11934994904223997,0.11447
14-01-2026 10:20,25678.3,0.10372,0.10513,0.10303,0.10139133449828526,0.0996965372216974,0.09821215714310755,0.09719854641633517,0.09691,0.09739,0.09767,0.09961,0.10116,0.1043,0.10822000000000001,0.19099,0.18559,0.17988,0.17309,0.16652761421233658,0.15996,0.15296,0.14653,0.13984,0.1340067202732204,0.12823,0.12243,0.11720316599938288,0.11263
14-01-2026 10:25,25683.35,0.11226,0.1016,0.10787,0.10482,0.10177,0.10035,0.09895,0.09843,0.0983,0.09881389209051315,0.10006981099378606,0.10186,0.10456495826710005,0.10843999999999998,0.19243164605955393,0.18579,0.1799,0.17316,0.16608,0.159800230044484,0.15358,0.14678,0.13968,0.13383,0.12811,0.12257,0.11734195821105647,0.11239
14-01-2026 10:30,25678.05,0.12355879215432554,0.11626,0.10899,0.10656,0.10338,0.10162,0.09964,0.0987,0.09904,0.09899,0.10027,0.10246,0.10523,0.1073046014847764,0.19074,0.18515008373774103,0.179318618058948,0.17312,0.16651,0.15966,0.15311,0.14679,0.1393,0.13312263709787128,0.12744016818206336,0.12215,0.1173,0.11246936132897266
14-01-2026 10:35,25689.95,0.10832,0.09949,0.10136,0.10068,0.09928210542537848,0.09778232366660393,0.09648,0.09581,0.09623,0.09635,0.09811,0.10036529123001144,0.10299,0.10670999999999999,0.19281,0.1871675367159198,0.18115,0.17454,0.16705,0.16122,0.15447722454555535,0.14768,0.1408,0.13481,0.12932,0.12382,0.11923,0.11379
14-01-2026 10:40,25691.8,0.11136,0.10421009046202749,0.10051,0.10065,0.09858853956766864,0.09689,0.09613,0.0955,0.09586,0.09625,0.09803,0.10047860761077715,0.1033,0.10522271331835428,0.19000879653679184,0.18382,0.18047,0.17414350011496305,0.16723,0.15981,0.15412,0.14775,0.14032,0.13492,0.12911,0.12368,0.11915,0.11372
14-01-2026 10:45,25665.9,0.12,0.12893,0.12151209408548772,0.11447,0.11121,0.10756,0.10468,0.10287,0.10243,0.10173,0.10276,0.10481,0.10705,0.11056,0.18956,0.18173,0.17679788724000142,0.17155,0.16428,0.15752,0.15107,0.14471,0.1381162376520863,0.13147,0.12524631950604903,0.11951,0.11485,0.10912
14-01-2026 10:50,25695.5,0.1148603463992022,0.11226,0.10973006211066998,0.10709,0.10433,0.10152,0.09956846484855571,0.09879,0.09854,0.0981,0.09968,0.1015,0.10402,0.10765,0.19225,0.18417,0.1798056743570085,0.17509,0.16724,0.16078861390813903,0.15422,0.14724,0.14014,0.13414,0.1283475061114665,0.12272,0.11782,0.11208
14-01-2026 10:55,25706.35,0.12531207923943513,0.12225,0.1192,0.11476,0.11089,0.10792,0.10453,0.10279,0.10175,0.10116,0.10005310104782598,0.09895041886378388,0.09785192144192764,0.09675757713932964,0.19233,0.18808,0.18066,0.17386,0.16693,0.16001,0.15406,0.14736,0.14066995535545085,0.13401,0.1278,0.12218,0.11671496734846212,0.11133
14-01-2026 11:00,25720.95,0.12452,0.11411,0.11064,0.11044,0.10585,0.10416,0.102,0.10027,0.09959,0.09935274165589432,0.09964,0.1010026247920056,0.1034,0.10674,0.19353,0.1893,0.1819,0.17515556726287432,0.1684,0.16132,0.15525,0.14887,0.14143,0.13526,0.12984,0.12359,0.11881,0.1133
14-01-2026 11:05,25733.0,0.10822,0.10516059740375763,0.10324,0.10313,0.10013,0.09901,0.09724,0.09648,0.09623270872585381,0.09642411108726635,0.0972,0.09890710417000655,0.10148,0.10476,0.19424,0.18756,0.18203593502040744,0.17638,0.16928,0.1629,0.15666,0.14987,0.14271,0.13656,0.13075456558938428,0.12527,0.1207,0.11524
14-01-2026 11:10,25729.2,0.11725730697584642,0.11287,0.1085,0.10339,0.10069,0.10064,0.09866,0.09713,0.09661,0.09677,0.09802,0.09974,0.10185,0.10552000000000002,0.19367,0.18728,0.18163759342734537,0.17587,0.1686,0.16211412915641962,0.15559,0.14885133625973163,0.14213,0.13557,0.13036,0.1245,0.11983,0.11424
14-01-2026 11:15,25736.25,0.1227,0.11967,0.11314,0.109237115332222,0.10627,0.104,0.10153423917669684,0.09912,0.09782266224630043,0.09792,0.09883,0.10029,0.10227,0.10531,0.19426,0.18787,0.18279,0.1760059179821035,0.16923,0.16252731802825085,0.15583952602553533,0.1491974500483076,0.1426311625096417,0.13617,0.13027,0.12416,0.11944,0.11401000000000001
14-01-2026 11:20,25743.15,0.11527,0.10914177229453159,0.10532,0.10387,0.10150934268366642,0.09925,0.09741872042598629,0.09618,0.09572,0.09558,0.0966,0.09831,0.10072,0.10436,0.19780212015422677,0.19092169589278077,0.18407,0.17689,0.17059,0.16352,0.15673,0.1506,0.1438863596147052,0.13718,0.13115092807795264,0.12569,0.12109,0.11650836332232432
14-01-2026 11:25,25735.0,0.14145,0.13595,0.1283118017651403,0.12083,0.11546,0.11145,0.10785,0.10508,0.10308,0.1017,0.10185057562591585,0.1029,0.10451,0.10765999999999999,0.19335,0.18863199982671464,0.18274,0.17581,0.16879,0.16249,0.15525,0.14864,0.14139,0.13489582405776548,0.12887,0.1233908201562113,0.11791,0.11163
14-01-2026 11:30,25773.9,0.10956,0.1072710363295455,0.10518,0.10342,0.10105,0.0986,0.09694472258222077,0.09597,0.09510537116647164,0.09497,0.09599,0.09744,0.09956,0.10308,0.19735,0.19179,0.18553,0.17783,0.171327331613125,0.16517912965086673,0.15902415998370004,0.15251,0.14556,0.13901,0.13326,0.12717,0.12159206018810365,0.11643
14-01-2026 11:35,25764.1,0.11427,0.11474,0.10436,0.10325795870462436,0.1021,0.1000904797711964,0.09823,0.09693,0.09634,0.09635410258846507,0.09686,0.09809,0.10014,0.1038,0.19601,0.19035093058389455,0.18427,0.17768,0.17075,0.16422,0.15735285078682076,0.1503659681453286,0.14378,0.1376899808296382,0.13173,0.12584,0.12078,0.11574019965455702
14-01-2026 11:40,25766.75,0.11206,0.11197,0.10283,0.10070287930969347,0.09886231366672069,0.09738,0.09612,0.0951,0.09438,0.0944,0.09522,0.09699,0.09938,0.10103775188950159,0.19566,0.19057769225992222,0.18452,0.17749,0.1708,0.16376,0.15815,0.15119,0.14392,0.13791,0.13182,0.12638,0.12158,0.11576
14-01-2026 11:45,25761.25,0.11673,0.1271,0.12184,0.11623,0.11043,0.10852,0.10507,0.10246,0.10073,0.0992,0.09968,0.10056,0.10247203416800212,0.10536,0.19642,0.1903878696638652,0.18385,0.17684,0.16996,0.16334162434074123,0.15673,0.149945498151375,0.14317,0.1364,0.13012,0.12415,0.11887,0.11271
14-01-2026 11:50,25775.3,0.11506,0.114,0.10875,0.10564,0.10242,0.09981373530744544,0.0980144017991927,0.09677,0.09612,0.09582140018708045,0.09608,0.09743,0.09925,0.1031,0.19669,0.19148,0.18503,0.17804,0.17138,0.16455,0.15768,0.15144,0.14437,0.13776,0.13182,0.12587,0.12084,0.11583007989375912
14-01-2026 11:55,25774.6,0.11424552479297907,0.11031,0.10639,0.10405,0.1014159029375647,0.09915,0.09762,0.09612,0.09519,0.09483,0.09565,0.09697,0.099,0.10248,0.19695,0.19145,0.18547,0.17822,0.17144180298724884,0.16469,0.15796059132796014,0.15125,0.14432,0.1376,0.13150492274687411,0.12598,0.12121,0.11488
14-01-2026 12:00,25786.0,0.11914,0.11363,0.10792,0.1031,0.10041,0.09901,0.09688,0.09496,0.09519,0.09431,0.09502,0.09632,0.09834,0.10177,0.20079734846672267,0.19369,0.1862,0.1792,0.17253,0.1657,0.159221032177218,0.15274,0.14553,0.13882,0.13311,0.12742297792934518,0.12175874959547407,0.11611713301173664
14-01-2026 12:05,25782.1,0.09027,0.09366,0.0915,0.09297,0.09146,0.09081,0.09084,0.09005,0.09074,0.09041,0.09152,0.09303,0.09522,0.0968015204390171,0.19731,0.1934,0.1859,0.1789,0.17183,0.16591,0.15927021519469797,0.15254,0.14558678666981958,0.1388,0.13323,0.12721,0.12212,0.11650000000000002
14-01-2026 12:10,25757.05,0.10055,0.10634,0.09609,0.09666,0.09423,0.09342,0.09262,0.0922680658140265,0.09217,0.09183,0.093,0.09479185463061339,0.09712,0.10096000000000001,0.19533,0.18983,0.18385,0.17681,0.1701,0.16392,0.1571115813803888,0.15027,0.14363578687214754,0.13719,0.13121554661222265,0.12580304533627165,0.12074,0.1153005046170669
14-01-2026 12:15,25735.55,0.13328,0.12758,0.1184,0.11589,0.11096,0.1068,0.10404,0.1013,0.10004,0.09863,0.09886,0.09992,0.10181,0.10286134504719968,0.19479,0.1881,0.18209,0.17545,0.16846222868374017,0.16153,0.15534,0.14846,0.14112,0.13424,0.12800608905766053,0.12224,0.11707,0.11080999999999999
14-01-2026 12:20,25771.55,0.1023,0.1007898822145483,0.1001,0.101,0.09756,0.09538,0.09424,0.09268,0.09315,0.09221,0.09321,0.09496,0.0975010540031468,0.10063000000000001,0.19843650125424872,0.19163404922454283,0.18486,0.17808,0.17138,0.1647,0.15779,0.15149,0.14413,0.1375,0.13194,0.12591,0.12073,0.1149
14-01-2026 12:25,25768.3,0.1056,0.09486,0.09469749060165975,0.0953144609172416,0.09506,0.09382,0.09249,0.09184133536502309,0.09157,0.09139,0.09257,0.0943,0.09665,0.10069999999999998,0.19718,0.19055,0.18462,0.17826,0.17113,0.16479,0.15784,0.1508913317242441,0.14397,0.13743,0.13211,0.12609,0.12103,0.11485
14-01-2026 12:30,25761.1,0.11558,0.11165,0.10489,0.103,0.10078,0.09835,0.09628043112934784,0.095,0.09442,0.09373,0.09423,0.09596327279227378,0.09854190485278776,0.10178,0.19663,0.19055623300132613,0.18428,0.17767,0.17053,0.16379507479380814,0.15721,0.15086,0.14382,0.13687,0.13141,0.12570583402456376,0.11991,0.11385
14-01-2026 12:35,25772.4,0.10931,0.10434295112502162,0.10127,0.10001743250654989,0.09876,0.09708,0.09512,0.09429136950934373,0.09361,0.09275,0.09373,0.09505,0.09732,0.10095,0.19727,0.19108387449860464,0.18476,0.17821,0.17132,0.16501,0.1584,0.15149,0.14413,0.13741,0.13187,0.12605,0.12072,0.11455
14-01-2026 12:40,25773.6,0.10821,0.10386,0.09096,0.09282,0.09216,0.09167,0.09025,0.09012,0.09045,0.09024,0.09158,0.09359,0.09584,0.09976,0.1968,0.19185,0.18489,0.17812,0.17105,0.16496,0.15756,0.15147,0.14452,0.13765,0.1325,0.12644,0.12137,0.11562
14-01-2026 12:45,25759.5,0.11368,0.11393,0.09807,0.09706,0.09544263069405699,0.09381478496402024,0.09285,0.09254,0.09219,0.09209,0.09296,0.09488,0.09709,0.10092,0.1954,0.18913,0.18278,0.17652,0.16967,0.16304,0.15649,0.15006,0.14284,0.13609,0.13091,0.1249,0.11999,0.11407
14-01-2026 12:50,25748.9,0.10486,0.10811,0.10082,0.09988,0.097,0.09505,0.09366,0.09266,0.09275,0.09235,0.09354,0.09544516038736099,0.09774,0.09906641645000751,0.19487,0.1883,0.18241,0.17587,0.16858,0.16249,0.15557,0.14939,0.14237,0.13565,0.12996,0.12465656752787878,0.11933,0.11357999999999999
14-01-2026 12:55,25745.55,0.11091,0.10232,0.10093,0.1015,0.09815,0.09708,0.09539,0.09436,0.09441,0.09361,0.09441,0.09609,0.09843,0.10213,0.19463,0.18857597243675117,0.18215,0.17539,0.16871,0.16206374418794195,0.15545,0.14925,0.14182,0.13512,0.12983,0.12381,0.11820527205619322,0.11285
14-01-2026 13:00,25748.1,0.09798,0.10045,0.09859577300004672,0.09678,0.09641,0.094868174580134,0.09290131207375574,0.09184,0.09217,0.09207,0.09296885438289022,0.09489105159432465,0.09743,0.09859048212902587,0.19456,0.18828,0.18215,0.17563,0.16856,0.1621,0.15553,0.1495,0.14233,0.13641177525341605,0.13058,0.12426,0.1192,0.11346
14-01-2026 13:05,25745.45,0.11027,0.10808,0.10248,0.10342,0.10022,0.09776,0.09570680907354728,0.09438,0.09415,0.0935,0.09392839674835061,0.09561291454832502,0.09809,0.1023,0.19438,0.18967,0.18253256436816584,0.17543,0.16875,0.16242,0.1560525280078809,0.14955,0.1421,0.13525,0.12948183531037558,0.1242008184365435,0.11864,0.11245
14-01-2026 13:10,25759.75,0.10591,0.09716861070983604,0.09268,0.09214,0.09087,0.09034,0.09003492086639457,0.08977471323038763,0.08954,0.08952,0.09095,0.09299,0.09589990697664896,0.09952,0.19555,0.18954,0.18308449860774986,0.17643,0.16959,0.16298,0.15629,0.14989,0.14341072747484143,0.13692383825277243,0.13063,0.12479221007519395,0.11923,0.11368000000000002
14-01-2026 13:15,25750.25,0.11341667336300668,0.10412,0.09486,0.09505,0.09332225931705657,0.09183,0.09094,0.09045,0.09071,0.09141425042049366,0.0924686177321457,0.09384,0.09639,0.10060000000000001,0.19451,0.18906,0.1822378680092008,0.17521,0.168,0.16181,0.15514,0.14846,0.14183966841961218,0.1353,0.1292252837061077,0.1237,0.11871,0.11297
14-01-2026 13:20,25735.95,0.09059889108621579,0.09088,0.09116,0.08927,0.08931,0.08892,0.08832,0.08869083569973923,0.08918,0.08953,0.091,0.09341,0.09618,0.10013000000000001,0.19369,0.18739,0.18099,0.17447,0.168,0.16147,0.15483090732169802,0.14818,0.14151,0.13538984829321984,0.1298,0.1245120299248528,0.11922,0.11349999999999999
14-01-2026 13:25,25715.5,0.1063927129044547,0.10317,0.09996,0.09726,0.0955423453955798,0.09414,0.0929,0.09245,0.09268,0.09269,0.09386,0.09613,0.09727238507139785,0.09841045109630013,0.19148,0.18548,0.17932,0.17271972506103145,0.16606,0.16005,0.15318,0.14687,0.13997,0.13379548746821782,0.12802,0.12251857241531686,0.11702,0.11145
14-01-2026 13:30,25717.15,0.09890639608238083,0.09475,0.09061,0.09135,0.09055,0.09000492708799505,0.08954,0.08944,0.09027,0.09078,0.09261,0.09503,0.09794,0.10031149223980936,0.19223,0.18563,0.17948,0.17315,0.16648473928331767,0.15969689767895562,0.15304,0.14662,0.14002,0.13347,0.12811,0.12246,0.11762,0.11212
14-01-2026 13:35,25708.2,0.05948,0.07823,0.08042,0.08164060731099801,0.08287,0.08412649058077465,0.08537,0.08643,0.08774,0.08909,0.09137,0.09426,0.09755,0.1022,0.19065,0.18439,0.17798524717961275,0.1714811723904854,0.16508,0.15979,0.15256,0.14732,0.13992,0.13409,0.12937,0.12376,0.11973,0.11571608786716686
14-01-2026 13:40,25665.9,0.10071,0.09837,0.09493,0.09387,0.09312,0.09264,0.09251,0.09227,0.09331,0.09393,0.09605,0.09887,0.10199,0.10466917477614535,0.18757,0.18096,0.17549,0.16884,0.16204,0.1559,0.14907,0.14353,0.13648,0.13084,0.12553,0.12008,0.11569,0.1107
14-01-2026 13:45,25656.25,0.10367,0.10529,0.10259556718049916,0.0999,0.0979,0.09681,0.09591,0.0953,0.09579,0.09621,0.09753819423867895,0.10023879178895809,0.10384991174464205,0.10792,0.18711,0.18019,0.17471,0.16819005194288605,0.16169621072292317,0.15523,0.14879157313205646,0.14238,0.1360788459557475,0.12999371764043063,0.12415693133662858,0.1186,0.11398,0.10875
14-01-2026 13:50,25665.25,0.08603,0.08404,0.08582058061626857,0.08744,0.0877623816000067,0.08812,0.08863,0.08953,0.09086,0.0925,0.095,0.09819328401368047,0.10184,0.10613,0.18786,0.18174,0.17618,0.16967,0.16278,0.15688,0.14995,0.14441,0.13772,0.13229,0.12693,0.12203,0.11809,0.11319
14-01-2026 13:55,25642.0,0.1031590693305923,0.10086,0.09857,0.09824,0.0967,0.09515,0.09469,0.09448,0.09544,0.09621,0.09811320146950778,0.10106,0.10456,0.10902,0.18682798841196102,0.18037,0.17471,0.16832,0.16115,0.15548,0.14814,0.14237,0.13592216073219718,0.12968,0.12442,0.11964799467136844,0.11485,0.10964
14-01-2026 14:00,25653.3,0.09106,0.09305,0.09194,0.09174,0.09191,0.0917,0.09176,0.09207,0.09317,0.09423,0.09663,0.0998,0.10317,0.10782999999999998,0.1900096855383279,0.18305532422728468,0.17613,0.16951,0.16215,0.15569,0.149391548427206,0.1431625051529848,0.13705,0.13132,0.12603,0.12032,0.11666,0.11162000000000001
14-01-2026 14:05,25642.2,0.10871037626469518,0.10608,0.10346,0.1008,0.09905,0.09759235262414949,0.09658,0.09638363596921043,0.09667,0.09731,0.09943,0.10212,0.10515,0.10957,0.18748,0.18169,0.1752708548323271,0.16858,0.16157,0.15504759571711899,0.14877,0.14293,0.13565,0.1296329044111985,0.12408525077461299,0.11904,0.11449,0.10944
14-01-2026 14:10,25650.55,0.11123,0.10818,0.10361,0.10363,0.10124,0.09932362487059396,0.09766,0.09692,0.09754,0.09775,0.09953,0.1022,0.10529,0.10937000000000001,0.18791,0.18165,0.17572,0.16891,0.16218375900040777,0.15548,0.14853,0.14219,0.13568,0.129,0.1230378833510507,0.11783,0.1132,0.10799999999999998
14-01-2026 14:15,25666.25,0.09477,0.0910088087471479,0.09021,0.09398,0.09103,0.09079,0.09055,0.09071445955553353,0.09165578159473131,0.09333,0.09585,0.09888,0.10243000000000001,0.10543964175076737,0.1892,0.18297,0.17661,0.17028,0.16316,0.15707,0.15028,0.14447,0.13779449496849813,0.13139,0.1261,0.12108,0.11656,0.11181
14-01-2026 14:20,25637.25,0.09594,0.09529,0.09429,0.09333,0.0932,0.09245,0.09228,0.09263,0.09413,0.09507,0.09762,0.10069,0.10407,0.10859,0.18715,0.1816,0.17531,0.16882,0.16174,0.15595,0.14970543131408331,0.14326,0.13611,0.13071,0.12553,0.12068977761474374,0.11614,0.1114731326652636
14-01-2026 14:25,25618.75,0.11219,0.10809,0.10566,0.1036,0.10170358933157071,0.09998,0.09881,0.09824,0.09913,0.10033142278146501,0.102,0.10473,0.10795,0.11215999999999998,0.18682542904506752,0.18008,0.17398,0.16744,0.15996,0.15398,0.14712,0.14151,0.13442,0.12884,0.12349,0.11826,0.11355,0.10886
14-01-2026 14:30,25626.9,0.10999,0.11111,0.10739626485210245,0.10374,0.10118,0.09924,0.09838,0.09794,0.09835994037239304,0.0996574969853216,0.10151,0.10444,0.10563165856012174,0.10681881178412095,0.18745,0.18143479198587767,0.17513,0.16836,0.16088,0.15421001845145677,0.14774,0.14138132505834763,0.13513,0.12921,0.12382,0.11803999999999999,0.11228316639481509,0.10654931422246952
14-01-2026 14:35,25635.8,0.12229,0.11516,0.11152,0.10800418599882039,0.10454,0.10167,0.10004,0.0995497894464618,0.09944,0.09981,0.1019,0.10451,0.10780657720001006,0.11165,0.1871,0.1813,0.17496613313039946,0.16836,0.1615,0.15482903035321313,0.1483,0.14255,0.13502,0.12908,0.12364,0.11828,0.11329,0.10781
14-01-2026 14:40,25660.55,0.11727,0.10852,0.10562162393044257,0.10285,0.10016,0.09882,0.09748305292004847,0.09656,0.09711,0.09738,0.09949,0.10216,0.10515,0.10934999999999999,0.1897,0.18509,0.17715,0.17051,0.16369,0.15691351477529336,0.150181132207194,0.14349821743860997,0.13687,0.13062434404278025,0.12490594619273596,0.11945,0.11418940212440194,0.10926
14-01-2026 14:45,25696.2,0.10274,0.09888,0.09807452106887092,0.09742074143153988,0.09661,0.09562,0.09460985280796595,0.09361,0.09452,0.09618817604010897,0.0981408989767516,0.10042343699482564,0.10308,0.10702,0.19234,0.18584,0.17971,0.17297,0.16607,0.16036,0.15297,0.14626257441141433,0.13961,0.13304,0.12714181015930873,0.12184,0.11678000000000001,0.11174019965455673
14-01-2026 14:50,25697.1,0.109368059453057,0.10479,0.10023,0.09933,0.09631,0.09467288926954348,0.09363322642861342,0.0936,0.09423,0.09482,0.09688,0.09946667495881151,0.10241,0.10623,0.19216,0.18568,0.17935,0.17286,0.1656,0.15962,0.15294297964181341,0.14629,0.13961220533154642,0.13314,0.12776,0.12233839377504631,0.11689,0.11105
14-01-2026 14:55,25696.05,0.09894,0.09611941631209768,0.09381052504283276,0.09216,0.09111211100994114,0.09065,0.09068,0.09041,0.09135,0.09226,0.09483,0.09741,0.10069033845566015,0.10479000000000001,0.19065,0.18713,0.17834,0.17181374720180523,0.16540504859069688,0.15886,0.15208,0.14621,0.13942654833035886,0.13274,0.12697008465002885,0.1217,0.11691999999999998,0.11215908188711105
14-01-2026 15:00,25666.15,0.10545,0.10721,0.10359,0.10214,0.09894,0.09703,0.09587368634381728,0.09541,0.09563,0.09602,0.09841,0.10077,0.10414,0.10820999999999999,0.18941,0.18161,0.17703,0.17046,0.16314,0.15653525230874218,0.15014,0.14397,0.13713,0.13116870835509184,0.12537,0.11968,0.1144,0.10874
14-01-2026 15:05,25690.25,0.07851,0.09021,0.08915,0.09128,0.09116,0.09067,0.09081,0.09139,0.09267,0.09359,0.09631,0.09934832739717017,0.10261,0.10674999999999998,0.19082,0.18519278909713677,0.17908,0.17234,0.16507,0.15907,0.15278795598881884,0.14637,0.13923,0.13364,0.12816317058868107,0.12283,0.11837,0.11333999999999998
14-01-2026 15:10,25672.65,0.09847,0.09817,0.09722,0.09616391373348769,0.09517,0.0947,0.09444,0.09436,0.09494,0.09609,0.09814251581811903,0.10099,0.10445,0.10833999999999999,0.18913,0.18298,0.17669,0.16996793191957704,0.16318,0.15736,0.15017,0.1439773284998004,0.13802,0.13231,0.12719,0.12225545414192382,0.11733,0.11239
14-01-2026 15:15,25654.0,0.11178,0.10719,0.10592,0.10308223436901856,0.10052,0.09908,0.09815,0.09761557029849699,0.09775,0.09883135759498882,0.10062,0.10284,0.10571,0.11003,0.1885,0.18147,0.17584,0.16886,0.16139,0.15588,0.14957717334485335,0.14301,0.13577,0.13038928392603358,0.12509,0.11969,0.11511,0.1105482834817926
14-01-2026 15:20,25659.6,0.11563,0.1131,0.10901,0.10678,0.10388,0.10162,0.10026,0.09934,0.09887,0.09967371275633566,0.10162,0.1040715138594439,0.10700418938930804,0.11045,0.18926,0.18298,0.17657,0.16936,0.16209,0.15706,0.14917,0.14267884430694536,0.13668,0.13113,0.12552205647900308,0.11996,0.1153,0.11002
14-01-2026 15:25,25670.6,0.10416138614223028,0.10381,0.10346,0.10035,0.09914,0.0972,0.09624,0.09617,0.09556,0.09666,0.09979,0.10178999999999999,0.10395507048464236,0.10611195542806631,0.19156,0.1854421020649415,0.17797,0.16772,0.1662,0.15985,0.15004,0.145,0.13932218361446452,0.13353,0.12719,0.12262,0.1184,0.11419684635221938
16-01-2026 09:15,25709.45,0.14811,0.13601,0.13172,0.12472,0.11844,0.11432,0.11076,0.10759,0.10565300526963953,0.10501881091365245,0.10516,0.10618,0.10852,0.11261,0.19829,0.19189,0.18628,0.17943589342855104,0.17195694114224397,0.16440294317360957,0.15732,0.15113,0.14345,0.13686,0.1308326095525328,0.12493,0.11913041524191,0.11341
16-01-2026 09:20,25731.8,0.12105831811380846,0.11626,0.11058828717788598,0.10672,0.10463,0.10198098872130484,0.09945,0.09803,0.09715290161000348,0.09736,0.09879,0.1004,0.10317,0.10710999999999998,0.2002,0.19314,0.18643,0.17846023674807981,0.17063,0.16466,0.15817132063451728,0.15158,0.14456364552858106,0.1377,0.13216,0.126,0.12054118977299823,0.11561000000000002
16-01-2026 09:25,25713.95,0.13856,0.13033262526165343,0.12231,0.11478,0.11044876112043833,0.10721,0.10394,0.10164,0.09945,0.09887,0.09971,0.1012553351762991,0.1032,0.10421085374789277,0.19718,0.19095,0.183,0.17458,0.16717,0.16118,0.15412,0.14773,0.14131587929519,0.13492396762136424,0.12856,0.1223,0.11729,0.1114
16-01-2026 09:30,25717.25,0.12074,0.11467,0.10708,0.10515769367559011,0.10414,0.1011635571371769,0.09836,0.09631368743903918,0.09493145130639648,0.09457,0.09555,0.09727,0.09987,0.10408,0.19577987549674775,0.18833,0.1813,0.17333,0.16636,0.1596492429320748,0.15302780851572928,0.14636,0.13917,0.13305,0.12774,0.1223526199888676,0.11695,0.11158732709884925
16-01-2026 09:35,25703.5,0.12154,0.12388,0.11176,0.10671,0.10359,0.10087,0.09855,0.0969,0.09574,0.09533,0.09651,0.09877069523085975,0.10157571335534886,0.10491000000000002,0.19475,0.1872,0.1815,0.17441319158661656,0.16726610685903287,0.16004,0.15277,0.14565,0.13886,0.13325,0.12743514591964872,0.12168,0.11707,0.11247840324259037
16-01-2026 09:40,25700.0,0.14571,0.13989,0.1281,0.12149,0.11634,0.11163,0.10743,0.10382599027196257,0.10102,0.09973,0.09978,0.10071,0.10264,0.10359797376609052,0.1957,0.18768,0.18089,0.17314,0.1663181326847704,0.15998311999903345,0.15311,0.14438,0.13719,0.13049,0.1244,0.11798,0.11307,0.10710999999999998
16-01-2026 09:45,25718.5,0.13848,0.13252,0.1262704852938913,0.12012,0.11514,0.11078,0.1061,0.1033,0.1011799948060823,0.0996319918050106,0.09937,0.10053,0.1021,0.10582999999999998,0.19647,0.19022146206666535,0.18317,0.17508,0.16795,0.16145,0.15485,0.14697296111308006,0.13866,0.1313,0.12533306478779985,0.11949743792911038,0.11363,0.1077
16-01-2026 09:50,25745.0,0.13175,0.12499,0.11837,0.11263940738624337,0.10817280810548584,0.10462962643947347,0.10167707897273873,0.09899,0.09675419075520236,0.09574,0.0959734538557855,0.09708,0.09913,0.10256,0.19912,0.19287821834905441,0.18614,0.17893,0.17185251595382275,0.16483,0.15817,0.14905,0.14158,0.13425,0.1278,0.12176804054907016,0.11573,0.10952
16-01-2026 09:55,25750.1,0.12116,0.11572427784557207,0.11076198690507223,0.1063265282344026,0.10247,0.099346500815952,0.09694,0.09495282654894231,0.0934236468037194,0.09265,0.09316,0.0946,0.0940012637649591,0.09340479118838368,0.2005594037980227,0.19348,0.1864141810493422,0.1794,0.17245730216881422,0.16556,0.15846,0.15059991059105188,0.14261,0.13492,0.1286,0.12252309588167766,0.11650036877063831,0.11059
16-01-2026 10:00,25740.5,0.14949,0.14199,0.13227178143733387,0.12292,0.11662,0.11173,0.10763,0.10413824537505481,0.10133796108039618,0.09937,0.0992,0.10044,0.09882789590423935,0.09722188673454149,0.2,0.19269,0.18592150884077363,0.17918,0.17187,0.16518,0.15801,0.14887,0.14153,0.13353,0.12685,0.12,0.11433,0.10793
16-01-2026 10:05,25754.15,0.14244,0.1307,0.12569,0.11996,0.11346,0.10921451871467287,0.10556,0.10204,0.09952,0.09822,0.09824,0.09963,0.09966371308350112,0.09969729870702505,0.19997,0.19314,0.18648082974083652,0.17993409457422288,0.17338,0.16645,0.15836746290747078,0.15018,0.14269,0.1349,0.12799,0.12135,0.11577,0.11021227550838472
16-01-2026 10:10,25768.1,0.15031,0.14116350188721447,0.13218,0.12358,0.11732132390907157,0.11277,0.10856,0.10474,0.10237,0.10069100246612143,0.0998,0.10087,0.10326602607696196,0.10645000000000002,0.20237,0.19624966185682596,0.18954,0.18223,0.17517,0.16822,0.16104,0.1521,0.14493,0.13691,0.12983004165240417,0.12319,0.11695,0.11015
16-01-2026 10:15,25809.45,0.17053,0.1588985476262932,0.14845,0.13976,0.13346,0.12639,0.12041,0.11533,0.11258,0.10915,0.10741,0.10778,0.10879,0.11139,0.20705568088887238,0.20007,0.19377,0.18647,0.17941,0.17247,0.16494595185719527,0.15695870332243528,0.14892,0.14084,0.13404,0.1272,0.12082,0.11367
16-01-2026 10:20,25841.8,0.15819,0.14716,0.13899,0.13187,0.12373,0.11825388464580158,0.11434,0.11091086039072003,0.10763,0.10463,0.10322,0.10351,0.10483018769584099,0.10678,0.2109303092339345,0.2039,0.19723,0.18991,0.1831,0.17630219493057123,0.16939,0.16174253273082773,0.15362,0.14545,0.1383481522441392,0.13178,0.12547,0.11796000000000001
16-01-2026 10:25,25852.75,0.16242,0.14949,0.13853691811130484,0.12939,0.12252,0.11715,0.11283,0.1087,0.10527489649982662,0.1027,0.10127,0.10126,0.10209,0.10456,0.2119,0.20486,0.197991838493205,0.19119,0.18432024040991404,0.17734030955921037,0.17022,0.16149,0.15399124544994028,0.14685,0.14009,0.13271,0.12637,0.11887
16-01-2026 10:30,25857.6,0.15034,0.13945,0.13079,0.1247782901192631,0.11883,0.11293,0.10892,0.1052,0.10288,0.10016,0.0989,0.09916,0.09982,0.10275,0.21194,0.20495,0.19833,0.19135,0.18429892147594537,0.17715,0.1694471357208355,0.16177,0.15466,0.14751,0.14044155698548264,0.13347,0.12712,0.11996
16-01-2026 10:35,25863.75,0.14994702979958016,0.14056,0.13121,0.12583,0.11980963553510235,0.114,0.10955,0.10609,0.10326,0.10069,0.09935,0.09950982177030913,0.1008090480465487,0.10294,0.21288,0.2055,0.19868542942399325,0.19191,0.18505808173349966,0.1782,0.17108,0.16276,0.15562,0.14813,0.14179,0.13504743406203285,0.12811,0.12131098560817959
16-01-2026 10:40,25871.4,0.11897,0.11633,0.10899,0.10727,0.10349,0.10199,0.0993,0.09705,0.09528,0.094,0.09377074081981412,0.09435,0.09576,0.09883,0.213104201041845,0.20618,0.1999,0.1929,0.1858958236672172,0.17892,0.17202,0.1635,0.15638,0.1494477316886644,0.14258,0.13585872242379246,0.12916,0.12225000000000001
16-01-2026 10:45,25855.55,0.13518081190939607,0.13244,0.12971,0.12357,0.11755,0.11201,0.1082,0.1044,0.10165,0.09939,0.09839,0.09844,0.09942,0.10234,0.21216427474041438,0.20522,0.19817299898222746,0.19125,0.18446,0.17775,0.17015608953600575,0.16223,0.15479361629664837,0.14768,0.14126,0.13454014912866208,0.12765,0.12038000000000001
16-01-2026 10:50,25847.05,0.14577,0.13897,0.13045783014563975,0.12192,0.11503,0.11031,0.10605,0.10261,0.10005,0.09817,0.09713,0.09751221883706265,0.09917741955227821,0.10168,0.2108,0.20382,0.19754,0.19054,0.1831480970459392,0.17574894631660917,0.168378039534599,0.16107,0.15383700660443825,0.14671,0.14015,0.13314,0.12674,0.11969
16-01-2026 10:55,25842.9,0.14318,0.1324,0.12265960555201638,0.11551,0.11107,0.10684,0.10328746790355392,0.10054375300430658,0.09825,0.09643475810408347,0.09575,0.09636,0.09760999999999999,0.0973921352076117,0.2113830939262605,0.20428172150781593,0.19721,0.18991,0.18287,0.17618,0.16946,0.1609,0.15371,0.14662,0.14015,0.13338985113801693,0.1265,0.1194
16-01-2026 11:00,25831.1,0.14914,0.13721522078780343,0.12683,0.1186,0.11283,0.10897,0.10495,0.10159,0.09892970140765336,0.09711383303211886,0.09635,0.09695,0.09832,0.10148,0.20992,0.20217,0.19686,0.1892,0.1821,0.1756,0.16792732432366897,0.1602,0.15294,0.14593,0.13922,0.13244831874428467,0.12568006149372943,0.1189
16-01-2026 11:05,25828.0,0.15898,0.14145,0.13754,0.1275,0.11895,0.11351,0.10883,0.10513,0.10239,0.1001459765373884,0.09879,0.09902,0.09998,0.10281,0.2093,0.2023,0.1963,0.18895,0.18185,0.17459065905031196,0.16727768635297965,0.15993,0.15249,0.14534,0.13853,0.13165,0.12519,0.11875578849178589
16-01-2026 11:10,25825.7,0.13287,0.12163,0.11516,0.11241,0.10781,0.10493,0.10202334533664421,0.09914,0.09708270090904089,0.09583,0.09518,0.09622,0.09783,0.10110000000000001,0.20835,0.20105,0.1943107247180047,0.18761,0.18088,0.1747,0.16794,0.15954,0.15263,0.14559,0.13948,0.13255,0.12667,0.12009000000000002
16-01-2026 11:15,25823.0,0.1348,0.11791,0.11802,0.11308,0.10815,0.10492,0.10160617745253545,0.09876,0.09692,0.09503,0.09467605507070467,0.09583,0.09765,0.10110000000000001,0.20775,0.20086949677436347,0.19365,0.18588,0.17904,0.17256,0.16557,0.15775,0.15076830872433042,0.14429,0.13832,0.13183,0.12611,0.11986999999999999
16-01-2026 11:20,25813.0,0.1374,0.12177,0.12075,0.11476,0.10972,0.10533,0.1025,0.09990923734943395,0.09758580087831345,0.0959,0.0957472297888173,0.09673,0.0982,0.1015,0.20547685794472406,0.19854,0.19159862298098201,0.18472418270602442,0.1779,0.17119,0.16423,0.15643,0.14972,0.14286,0.13693,0.13067706889474234,0.12445,0.11825000000000001
16-01-2026 11:25,25811.55,0.14089,0.1292,0.12487,0.11889,0.11332,0.10936,0.10597,0.10248,0.1002,0.09808,0.09763,0.0981185405798513,0.09942,0.10261,0.20686,0.19845,0.19273,0.18494,0.17796770288011585,0.17108,0.16435,0.15612,0.14943,0.14258,0.13612552998830038,0.12987,0.1236938013487755,0.11760999999999999
16-01-2026 11:30,25823.8,0.15411,0.113,0.11435,0.10898,0.10510939391027718,0.102,0.09995,0.0975,0.09647,0.09487,0.09483,0.09594,0.09743,0.098301764683418,0.20831,0.19913,0.19347,0.18572,0.17835,0.17155890940150065,0.16483,0.15688,0.15027,0.14366,0.13741,0.13085,0.12501,0.11873
16-01-2026 11:35,25810.0,0.12446,0.11962150237455514,0.11493,0.11031820848631771,0.10626,0.10419,0.10133,0.09905,0.09732,0.09597,0.09571673269265382,0.0965,0.09825,0.10141999999999998,0.20388,0.19723,0.19164,0.18424,0.17716,0.17024,0.16336,0.15612479415868902,0.14879,0.14201,0.13596539676877092,0.12997,0.12389,0.11762999999999998
16-01-2026 11:40,25806.75,0.1389,0.12465,0.11794,0.11159480418581984,0.10622,0.10315,0.10062,0.09812,0.09705,0.09605138218637554,0.09532,0.09634,0.09806,0.10154,0.2045,0.19813,0.1924,0.1843,0.1769,0.16997,0.1628674626485662,0.15572467952040822,0.14868,0.14202,0.13598,0.12931,0.12373,0.11758
16-01-2026 11:45,25794.7,0.14051,0.13091,0.12356807599897675,0.11682,0.1107,0.10674,0.10367,0.10097,0.09913,0.0973,0.0968,0.09763,0.09919,0.10271999999999999,0.20353,0.1979,0.19172,0.18358,0.17642,0.16943182470408635,0.16245,0.15443,0.14754,0.14069,0.13437,0.12782,0.12164908928837198,0.11579
16-01-2026 11:50,25794.65,0.14526,0.13098,0.12389,0.11757583222039514,0.1119,0.10766,0.10416,0.10134,0.09948,0.09772,0.0971,0.09817,0.09991,0.10361,0.20397,0.19820769764398868,0.19142,0.18361,0.17616,0.16918338194178337,0.16225,0.15425,0.14738,0.14055,0.13438,0.12772,0.12185,0.11541
16-01-2026 11:55,25797.25,0.11631,0.11333,0.10804,0.10403,0.10069,0.09881,0.09713,0.09555,0.09487,0.09344,0.09407346496114373,0.09565,0.09765,0.10157000000000001,0.20337,0.1978,0.19064530415266354,0.18355,0.17697,0.17019,0.16317,0.15574894253133825,0.14836,0.1416,0.1351987599035259,0.12902,0.12276784114671767,0.11654064107783675
16-01-2026 12:00,25774.5,0.15318457434762886,0.14442,0.13569,0.12757,0.12104,0.11543,0.11063,0.10685,0.1044,0.10161,0.10087601846672001,0.10162,0.10292,0.10614999999999998,0.20194,0.1949593911573194,0.18796728320011505,0.18098,0.1739982613543838,0.16691,0.15966738140813355,0.1524,0.14513,0.1386,0.1323987971428072,0.12630372961598502,0.12011,0.11355000000000001
16-01-2026 12:05,25790.15,0.14874598021362204,0.14723,0.14572,0.13608,0.12841,0.12167,0.11576,0.11156387695046009,0.10792,0.10457,0.10314,0.10357,0.10446,0.10716,0.2034374341878713,0.19612,0.18942,0.18174,0.1744496532236132,0.16733,0.16055,0.1531841353035164,0.14594,0.13939,0.1326875708136652,0.12604,0.11975051923653181,0.11380000000000001
16-01-2026 12:10,25810.95,0.15056,0.1474104567744683,0.14114,0.13138,0.12354,0.11753,0.11260289264600462,0.1085,0.10514195659221547,0.1027389178631834,0.1017,0.10199,0.10283,0.10548999999999999,0.20417,0.19712,0.19123,0.18259,0.17569,0.16842,0.16154,0.15399,0.14702,0.1405,0.13394313249246745,0.12742,0.12188,0.11636211582732119
16-01-2026 12:15,25821.3,0.13938,0.13234,0.12675,0.11879,0.11084,0.10838,0.10457569165032124,0.1012,0.09924272070804854,0.09792,0.0971,0.0978,0.09951,0.10261999999999999,0.20592,0.19919,0.19158245751973552,0.18384,0.17603,0.16828,0.16178,0.15432,0.14760757861652704,0.1412,0.13499348349413018,0.12887803152518273,0.12287871616953591,0.11702
16-01-2026 12:20,25815.75,0.14513,0.1334,0.1256515410543361,0.11959,0.11459540407595149,0.10992366700361247,0.10576,0.10238,0.1004,0.09856,0.09786,0.09855,0.09994,0.10298,0.20463,0.19844044266807637,0.19134,0.18306,0.17587,0.1685571215278417,0.1613,0.1542435296698921,0.14733,0.14068,0.13489,0.1288218682095674,0.12264,0.11623
16-01-2026 12:25,25811.0,0.07388,0.07556,0.07403,0.08059,0.0818,0.08406,0.08529,0.08605,0.08702,0.08707,0.08859,0.09116,0.09448527252660831,0.0983,0.20357504436689733,0.19641,0.19061,0.18234,0.17548,0.1685,0.16209,0.1553971038860997,0.14875,0.14264923810359167,0.13706022827801842,0.13180999999999998,0.12620865827824088,0.1206296772615874
16-01-2026 12:30,25738.6,0.15064,0.14403,0.13703,0.12998,0.12139,0.11635,0.11184,0.10782,0.10574,0.10304,0.10235,0.10337,0.1046,0.10804,0.19902349323167248,0.19115,0.18304,0.17546,0.16765,0.16045,0.15343060579208942,0.1465,0.13973528647850286,0.1333,0.12759,0.12143,0.11626,0.11068
16-01-2026 12:35,25771.0,0.13271,0.11957,0.11999,0.11437,0.11042996314382328,0.10658318716723071,0.10309939189024844,0.10024203519934206,0.0982684537165241,0.09743,0.09780180236366325,0.09898,0.10074,0.10431,0.2018228704714366,0.1939900828130351,0.18619,0.17795,0.1699,0.16309,0.15609,0.14932,0.14276,0.13619,0.13013642294154962,0.12469,0.11993,0.11418
16-01-2026 12:40,25768.5,0.12044029705656768,0.11783,0.11523,0.11094,0.10513,0.10293,0.10049,0.09904093038065441,0.09773,0.09643,0.0967,0.09827,0.10039,0.10439,0.20164109159523208,0.19373,0.18564,0.17742,0.17032,0.16289,0.15638,0.14954,0.14292,0.13661,0.13136,0.12545,0.12058,0.11512
16-01-2026 12:45,25759.4,0.13574,0.12873,0.11727,0.11155,0.1062,0.10334218261515497,0.10183,0.10020985680942339,0.09876289334449588,0.09762,0.09773,0.09913304957823094,0.1015,0.10533,0.19968,0.1918,0.1839762713607856,0.17633,0.16985,0.16292,0.15605,0.14955,0.14262,0.13604,0.1300489347065354,0.1246,0.11957,0.11427
16-01-2026 12:50,25750.05,0.15113,0.1299,0.13151,0.12439,0.11706,0.1124,0.10845,0.10559,0.1031568451747715,0.10154,0.10151589163452605,0.10258,0.10427,0.10777,0.19893,0.19105,0.18448,0.17589,0.16936,0.1618497343928471,0.1545,0.14786,0.14082,0.13403,0.12818,0.12194,0.1167,0.11113
16-01-2026 12:55,25759.95,0.13098,0.11788,0.10878,0.10406562593947828,0.10147,0.10013,0.09845711843810899,0.09701,0.09661,0.09593,0.09607,0.09866,0.10065,0.10459000000000002,0.20021,0.192639113730168,0.18499,0.1771,0.17085,0.16355,0.15686,0.14965,0.14307,0.13680979571663318,0.13093,0.1255435193638454,0.1202,0.11467
16-01-2026 13:00,25740.05,0.11584,0.11504,0.11073395740355442,0.1065,0.10353,0.10136,0.09962,0.09832098941465099,0.09749353120035585,0.09708,0.09784,0.09999,0.1022,0.10613999999999998,0.19848777502094456,0.19105,0.18404,0.17607,0.16912,0.16179,0.15459,0.1476,0.14118,0.13492490214199693,0.12886778532760287,0.12322,0.11839,0.11323000000000001
16-01-2026 13:05,25723.25,0.13718,0.1279544130591041,0.12073,0.11549,0.11086,0.10673,0.10355,0.10198,0.10077,0.0998,0.10027,0.10199,0.10432,0.10811999999999998,0.19679,0.18752,0.18262,0.17478889459722435,0.16707,0.15978,0.1526,0.14583,0.13886,0.13222,0.12679,0.12034,0.11499708491693669,0.11048
16-01-2026 13:10,25717.95,0.13072815848930602,0.12359,0.11648,0.11189,0.10762,0.10473,0.10199,0.10044,0.09986,0.09863,0.09951,0.10155,0.10385,0.10775000000000001,0.19595,0.18846,0.18113,0.17322,0.16633,0.15906,0.1519,0.14494,0.13801,0.13187,0.12626,0.12043,0.11581,0.11035999999999999
16-01-2026 13:15,25715.5,0.12546,0.12116,0.11565,0.1126,0.10896,0.10405,0.10139997931679325,0.09984,0.099,0.09931695619573921,0.10019599213909601,0.10146,0.10356,0.10763,0.1958786316311286,0.18828,0.18058,0.17317342469848204,0.16584,0.15805,0.15146,0.14411,0.13760884395481837,0.13139558118838926,0.12538,0.11965,0.11476,0.10943
16-01-2026 13:20,25705.4,0.12947,0.11802,0.11258,0.10834,0.10500944698642382,0.10232,0.10035,0.09896,0.09863,0.09858717637323426,0.09917,0.10128,0.10405,0.1082,0.19409,0.18625,0.17938,0.17117,0.16438,0.15730037479298967,0.15032,0.14401,0.13719,0.13125712681928645,0.12549,0.11984,0.11567,0.11151664675088976
16-01-2026 13:25,25670.15,0.1390326886048794,0.13375092659882684,0.12849,0.12299379425176289,0.11803,0.11384,0.11018561579938267,0.10745,0.10562,0.10372,0.10444,0.10609,0.1063000330903406,0.10650927210282994,0.19162,0.18438147621445264,0.17675,0.16848,0.16129,0.15437346516276643,0.14757419478762238,0.14091,0.13484,0.12774,0.12256,0.11649,0.11182,0.10669
16-01-2026 13:30,25701.15,0.12559548518891522,0.12167,0.11776,0.11068,0.10665,0.10372,0.10152,0.10011,0.09928,0.0984,0.09946,0.10177,0.10453,0.10864,0.19291,0.18635,0.17811460438449395,0.17016,0.1634805533295933,0.15684,0.14993573181924702,0.14324,0.13718,0.13102,0.12596,0.1209258419470188,0.11591188999216141,0.11092000000000002
16-01-2026 13:35,25687.3,0.14434,0.13011,0.12208,0.11812484835578083,0.11418,0.11021,0.10674,0.10463,0.10289,0.10196206433245422,0.10239,0.10459,0.10764375869277898,0.11112000000000001,0.19179,0.18521,0.17755,0.169,0.16225,0.15562,0.148675102657651,0.14164233824490824,0.13532,0.1298,0.12427,0.11912640085894649,0.1141,0.10873
16-01-2026 13:40,25701.3,0.12657558384709447,0.12015512827017119,0.11376,0.10739,0.10685,0.10394,0.10172,0.09989148950770538,0.09871906023198591,0.09871,0.10011550438261559,0.10235,0.10490000000000001,0.10538598845358085,0.1943,0.18661052899565173,0.17877,0.17057,0.16381,0.1569,0.15027,0.143787504220949,0.13759,0.13178247052003608,0.12613,0.12059,0.11633,0.1111
16-01-2026 13:45,25699.7,0.1373,0.13042,0.11779,0.11529,0.10943,0.1053,0.10285,0.10143,0.10042,0.09952,0.10051,0.10286,0.10561,0.10982,0.1942,0.18648545213560827,0.17866,0.1702668577969943,0.16244,0.15595,0.14943,0.14305392778125384,0.13674,0.13033,0.12474,0.11878,0.11483,0.10907
16-01-2026 13:50,25712.85,0.096,0.09541,0.09935,0.09913,0.09681,0.09661,0.09558,0.0950474449123911,0.09499283975702387,0.09559,0.09745,0.10022,0.10331,0.10788999999999999,0.19489,0.18785,0.18054,0.17231,0.16487,0.15825,0.15232,0.14546,0.13945,0.13404566889365288,0.12872,0.1229,0.1191,0.11438
16-01-2026 13:55,25689.85,0.12024,0.11693,0.11188,0.10916,0.1054,0.1031098149924989,0.1014,0.10011,0.09981,0.09981727687223087,0.10065,0.10302,0.10586,0.11021,0.19343,0.18692435983726424,0.17932,0.17,0.16322602438940112,0.15665627686620098,0.14998,0.1431,0.13705,0.13101,0.12583,0.12037,0.11540194550462789,0.11085000000000002
16-01-2026 14:00,25681.95,0.12937,0.1228,0.11186,0.10728,0.10449,0.10222,0.10041,0.09939,0.09870491883377544,0.09873,0.1004,0.10286,0.10605,0.11041999999999999,0.1928,0.1849,0.17867,0.16968,0.1625,0.15605,0.14951,0.1429015955908532,0.1363,0.13023,0.12524,0.12027008053720352,0.11532008064473119,0.11038984128346149
16-01-2026 14:05,25682.85,0.11697,0.10862,0.1064,0.10298821463746233,0.10009,0.09877,0.09777623652693117,0.09708,0.0973,0.0978567875652136,0.09919,0.10199,0.10529,0.10988,0.19376,0.18657,0.17982,0.17176514281118702,0.16379,0.15719,0.15029,0.14367,0.13742,0.13134,0.12618,0.1206,0.11655,0.11155
16-01-2026 14:10,25684.7,0.12427,0.11599,0.11313,0.10929146141933882,0.10579,0.10318,0.10086,0.09999,0.09936,0.09903,0.10061,0.10323,0.10453785348345623,0.1058407623294642,0.19436,0.18752,0.18102,0.17225,0.16485,0.15764,0.15094,0.14418892535371913,0.13746,0.13112,0.12593,0.12005,0.11561,0.11118772459806968
16-01-2026 14:15,25676.95,0.1296,0.11748,0.11738,0.11231119100991464,0.10781,0.10494,0.10251,0.10111,0.10068,0.1001,0.10156,0.10398,0.10693,0.11139999999999999,0.1929,0.18651,0.18004,0.17128,0.16389,0.15694258854915383,0.15001,0.14276,0.13599456088355613,0.13007,0.12489,0.11961747263471299,0.11431,0.10881999999999999
16-01-2026 14:20,25689.4,0.13376,0.12117,0.11415,0.11165,0.10693,0.10432,0.10156,0.10039,0.09957939100929904,0.09924,0.10062,0.10293670080710575,0.10594,0.11044,0.19482,0.1876,0.18081,0.17175,0.16439253842425952,0.15734,0.15051,0.14377,0.13728,0.13077,0.12483808626659819,0.11961,0.11523,0.11086748507647415
16-01-2026 14:25,25707.1,0.10563,0.10337,0.09999,0.09979157655612948,0.09989,0.09852,0.09679,0.09635,0.09596,0.09605,0.09786,0.10066,0.10379000000000001,0.10637179587042893,0.19591,0.1902492343973343,0.18305,0.17365,0.16691,0.15974,0.15263,0.14607,0.13954,0.13287,0.128,0.12273932025185856,0.11731999999999998,0.11201199753621022
16-01-2026 14:30,25688.2,0.1291,0.12584,0.11783,0.11225,0.1086,0.10543,0.10269,0.10131,0.10008,0.0997,0.10106,0.10332808610968454,0.10627,0.11062000000000001,0.19434352309109162,0.18678,0.18041,0.1717,0.16468,0.15736920006290347,0.15022,0.1435,0.13669,0.13054,0.12518,0.11931,0.11504,0.10955
16-01-2026 14:35,25708.0,0.0988,0.10609693151649818,0.10769,0.10343,0.10132,0.09913,0.09727,0.09614961530401138,0.09596,0.09659186682195009,0.09808467704698814,0.10027423696281941,0.103,0.10364549915631999,0.19666050320342007,0.18888,0.18215,0.17312,0.16617,0.15883,0.15184,0.14478,0.13916,0.13226,0.1263563033417731,0.12094182292061566,0.11597620327054262,0.11142
16-01-2026 14:40,25706.4,0.13025,0.11776,0.11254,0.10775,0.10445,0.10217,0.10016640959919762,0.09848,0.09765,0.09744,0.09866,0.10081,0.10407,0.10625653794647485,0.19508,0.18877,0.18134,0.17234,0.1649019842706057,0.15791,0.15124,0.14424,0.13752442676346038,0.13152,0.12614,0.12079074451111468,0.11546,0.10992
16-01-2026 14:45,25707.8,0.11305,0.11086211140818499,0.1079,0.1037,0.10136660100396547,0.09932,0.09747,0.09656,0.0962,0.096,0.09755,0.10030460806321913,0.10367178816060059,0.10762999999999999,0.19566,0.18720666353717808,0.1791074183670633,0.17146762802980503,0.16439,0.15805,0.15116,0.14419,0.13795,0.13183,0.12668,0.12112,0.11591355847891863,0.11095000000000001
16-01-2026 14:50,25692.95,0.12547,0.11918,0.10981,0.1093,0.10592,0.10255,0.10015,0.09932,0.09851,0.09818,0.09941,0.10159,0.10482,0.10908,0.19487,0.18735903882841023,0.17988,0.17242652213546117,0.1650012074422113,0.15761535926556897,0.15028,0.14363,0.13705,0.13132534514987687,0.12599,0.12031,0.11583,0.11136788427913338
16-01-2026 14:55,25700.95,0.12221817432012626,0.11812601582054878,0.11405,0.10999,0.10651115108616817,0.10338630063932899,0.1006510152182483,0.09834,0.09736,0.09789,0.09887,0.1009,0.10365,0.1081,0.19471,0.18681,0.18024,0.17093,0.16334511826022252,0.15639,0.15009,0.14316,0.13697,0.13133,0.12612,0.12090377133698438,0.11571,0.11053999999999999
16-01-2026 15:00,25706.3,0.11793,0.10192,0.10295,0.10135586892269821,0.09969,0.09792,0.09651,0.09594,0.09545,0.09534,0.09684,0.09922,0.1025,0.10705,0.19519,0.18809,0.17962711366070286,0.17142,0.16433,0.15744,0.15132,0.14473,0.13875,0.13248,0.12735610863791014,0.12240650912337077,0.11743,0.11238
16-01-2026 15:05,25694.05,0.11281,0.1108,0.10746,0.10416,0.1024,0.09971,0.09806,0.09725,0.09693,0.09638,0.09761231963373115,0.10026,0.10341,0.1081,0.19419,0.18704488714154505,0.1797,0.17197022791210004,0.16397089640078755,0.15637,0.15045,0.14318,0.13701996218185192,0.13156,0.12665,0.12167313363323123,0.11665,0.11126
16-01-2026 15:10,25691.6,0.11496,0.11011,0.10436,0.103,0.10074972021163978,0.09867,0.09737,0.09678,0.09653,0.09608,0.09782,0.10012,0.1032,0.10803,0.19358,0.18659726925054917,0.17879,0.16985,0.16215,0.1559,0.14978,0.14276,0.137,0.1315781355967587,0.1262616125031714,0.12112,0.11638,0.11165892220604748
16-01-2026 15:15,25691.75,0.12581,0.11931783601229327,0.11411,0.11006515286781299,0.10641,0.10313,0.10126,0.09949,0.09848257004820461,0.09864109282633406,0.09963,0.101639311651555,0.10484,0.10931000000000002,0.1944226162507588,0.18655,0.17919,0.16989,0.16246124155722746,0.15566,0.1491658779451361,0.14282806807528015,0.13686,0.1312151540521148,0.12571258328338691,0.12036,0.11511799139643582,0.11
16-01-2026 15:20,25695.9,0.12636,0.11841,0.11262,0.10848331005180291,0.10512,0.10249,0.10053,0.09897067530538116,0.09793,0.09807220073787556,0.09946,0.10206,0.1023298718850095,0.10259872345799953,0.19487,0.18654195629671802,0.17853508550477545,0.17096,0.16377549314585801,0.15688,0.15019608869064852,0.14363,0.13721455462226181,0.13107,0.12544219197161266,0.12023,0.11537,0.10972
16-01-2026 15:25,25697.65,0.12031,0.1104,0.1066,0.10453,0.09976,0.09915,0.09722,0.09583,0.09506,0.09531,0.09719,0.10021,0.1019287747754987,0.10364105133217737,0.19461,0.1898,0.18118,0.17114,0.16431,0.1551,0.14895,0.14256,0.13677,0.13126,0.12625,0.11962,0.11517,0.10954
19-01-2026 09:15,25549.65,0.14245,0.13519,0.12974082674410306,0.1251039072012927,0.1214,0.11899,0.11806,0.1181034061007532,0.11852,0.11961,0.12266,0.12681079674891113,0.13143229712891633,0.13657,0.20612,0.19843,0.1915,0.18321,0.17385,0.16623,0.15889,0.15008,0.14249,0.13593483253493277,0.12989,0.12419563996038611,0.1187,0.11346
19-01-2026 09:20,25596.45,0.08441,0.08932,0.09374,0.09633,0.09736,0.09921869555030656,0.1011,0.10234,0.10559,0.10930246402719047,0.11308,0.11716,0.12239120105424184,0.12876,0.21017,0.20166,0.19502,0.18657,0.17775,0.17067,0.16256,0.15405,0.14665468208586838,0.14047,0.13504,0.12996,0.12594,0.12152999999999999
19-01-2026 09:25,25570.45,0.1024,0.10142,0.10257,0.1030344125055856,0.10335750079236984,0.10368015461616605,0.10414,0.10522,0.10833,0.11195888893407548,0.11586532469822615,0.12016,0.12552112789405784,0.13211,0.20873,0.20057,0.19328,0.18469,0.17673,0.16852,0.16075,0.15227207225153244,0.14424,0.13812,0.13237,0.12696,0.1231,0.11855
19-01-2026 09:30,25544.4,0.1437,0.13407,0.12910467605691445,0.12442,0.11993,0.11696,0.1149761699463922,0.11492,0.11679,0.1189,0.12285,0.12687,0.13188000000000002,0.1361430660007428,0.2072757782090714,0.19894,0.1910943045709038,0.18313,0.17507227489433877,0.16690072670728018,0.15866159498620297,0.1504,0.14143,0.13439,0.12771083602417685,0.12151,0.11662,0.11102
19-01-2026 09:35,25579.4,0.09938,0.09619,0.09934,0.09997514426010169,0.10057363889437038,0.10124,0.102,0.10339,0.10655,0.10958,0.11355401298338111,0.11861,0.12437,0.13092999999999996,0.21264,0.20463,0.19773,0.18849,0.18053,0.17254,0.16418,0.15554350121271426,0.14696,0.13985,0.13366038087825946,0.12832,0.12423,0.11922
19-01-2026 09:40,25551.95,0.12474,0.12028,0.11453,0.11254,0.11043,0.10946450937914673,0.10928,0.1094,0.11187,0.11453,0.11809204435766407,0.12276224484726729,0.12803,0.1318030629841099,0.20806,0.20021,0.19271,0.18437250639872652,0.1757381083831926,0.1672,0.1588249539715782,0.15052578443598072,0.1424546493936038,0.13476,0.12888,0.12377550179594388,0.11862,0.11313
19-01-2026 09:45,25560.95,0.11745,0.11174,0.11006,0.10947,0.10771,0.10715,0.10706,0.10726,0.11016,0.11282,0.11645435648698373,0.12107,0.12643,0.13280999999999998,0.20898,0.20053311908417223,0.19227703347054392,0.18423,0.17651,0.16847,0.16008,0.15174,0.14344,0.13618,0.13053,0.12461,0.12019,0.1149
19-01-2026 09:50,25558.35,0.09813,0.10065709071719012,0.10203,0.10231,0.10235,0.10252,0.10324,0.10514724844565337,0.10771,0.11077,0.11496437385926792,0.12005,0.12593,0.13257,0.20877,0.2017182076168122,0.19383,0.18471,0.17721,0.16877,0.16055,0.1521,0.14406,0.1369016454072606,0.13081533780720858,0.12572,0.12158,0.11685000000000001
19-01-2026 09:55,25558.2,0.10221,0.10014,0.10124520966061308,0.10229,0.10223,0.10271548603176567,0.10338,0.10459,0.10823,0.11146,0.11594,0.1209,0.12669609693529124,0.13321,0.20929,0.20139,0.19461,0.18508,0.17753,0.16879,0.16056,0.15232,0.14407,0.13753727947343627,0.1319,0.12601,0.12211,0.11727
19-01-2026 10:00,25520.6,0.11102,0.10743,0.10734,0.10683,0.10585,0.10534192517160886,0.10601,0.10822795835823827,0.11123,0.1146,0.11929,0.12411,0.13013,0.13675,0.20707,0.19896,0.19193,0.18325,0.17535,0.16608,0.15775457442447213,0.14947,0.14123,0.13504,0.12974,0.1241,0.1192312574149451,0.11506
19-01-2026 10:05,25510.95,0.12572651489457198,0.12154,0.11737,0.11438136442081716,0.1124,0.11138,0.11069,0.11147,0.11459,0.11821341070784963,0.12207251585686192,0.12648,0.13215,0.13871,0.2057,0.19803,0.18988,0.18129,0.17407,0.16455,0.15632,0.14801604766562573,0.13978,0.13291,0.12671167536178035,0.12118,0.11689,0.11164999999999999
19-01-2026 10:10,25528.25,0.11377,0.11102,0.10945,0.10865,0.10732,0.1069,0.10676,0.10798,0.11157,0.11463,0.11918,0.12409,0.12999,0.13649,0.20882580997807,0.20022,0.19168,0.18279,0.1744602032785292,0.1662,0.15799087758369101,0.14982,0.14134,0.13535,0.13002,0.12434,0.12024,0.11615636730902819
19-01-2026 10:15,25530.4,0.12141,0.11548,0.11096,0.10914607022444925,0.1083,0.10775476636934751,0.1075,0.1084,0.11225,0.11533,0.11953534619854501,0.12455,0.13037,0.1348721712683732,0.20674,0.19922,0.19156,0.18271,0.17444651363566221,0.1662,0.15764618531510996,0.14908,0.14128,0.13458025320617176,0.12880790563509925,0.12367,0.11966,0.11566600802663501
19-01-2026 10:20,25543.9,0.10527,0.10863,0.10872,0.10740064741383513,0.10618,0.10562,0.10593,0.10742,0.1109,0.1139,0.11814,0.12307309985839261,0.12856,0.13525,0.20859,0.20121790488669827,0.19336,0.1850452688699508,0.1765,0.16769,0.15962,0.15065,0.14289,0.13678,0.13111,0.1262,0.12128,0.11615
19-01-2026 10:25,25526.15,0.09784,0.10189,0.10238082699802298,0.10252,0.10243,0.10311,0.10435,0.10618,0.11058,0.11444540101825758,0.11839,0.12352000000000002,0.12772840125560303,0.13192089169343532,0.20783,0.20095,0.19232,0.18335,0.17583,0.16711,0.15904,0.15084,0.14335,0.13761,0.13253,0.12716,0.12338,0.1189
19-01-2026 10:30,25515.7,0.11207,0.11108,0.10904,0.10873,0.10713,0.107,0.10726,0.10887,0.1126,0.11579,0.12020013179845976,0.12525,0.13067,0.13722,0.2084251842735316,0.19983966825154553,0.19129,0.18263,0.17446,0.16575,0.15768,0.14928,0.14280959073174354,0.13703698496467115,0.13171465259300155,0.12660095336836574,0.12146,0.11627
19-01-2026 10:35,25513.9,0.10926320792916147,0.10845,0.10764,0.10713,0.10687,0.10626,0.10705,0.10863,0.11265,0.11595,0.12018,0.12515296567969397,0.13066,0.137,0.20627179238081733,0.19815,0.19151,0.18248,0.17431,0.16585,0.15774,0.14968,0.14227,0.13622515421738202,0.13106877231330324,0.12639,0.12195615284888094,0.11797
19-01-2026 10:40,25500.4,0.12671,0.12105,0.1175774967435953,0.11492,0.11304,0.1120453510026901,0.11166,0.11259,0.11596,0.1186,0.12238,0.12702,0.13226,0.13833,0.20643090118024984,0.19795531009274722,0.18951510779758676,0.18111,0.17319,0.16441,0.15625,0.14777,0.14052,0.13466721498974787,0.12906,0.12365,0.11946,0.11466
19-01-2026 10:45,25525.55,0.11111,0.10924,0.10772,0.1078,0.10706256789536707,0.10635,0.10664,0.1084,0.11199,0.1149,0.11900694128629767,0.12381,0.12913,0.1355,0.20887,0.20024,0.1917549412423806,0.18344,0.17591,0.16744,0.15888,0.15089,0.14323,0.1376073717832149,0.13255,0.12684,0.12298,0.11822999999999999
19-01-2026 10:50,25515.9,0.1225352871685965,0.11866,0.1148,0.113,0.11051,0.10984,0.10947,0.11058,0.11388,0.11648,0.12059708000323052,0.12544,0.13063,0.13669,0.20749,0.19889,0.19183,0.1828,0.17492,0.16565,0.15761,0.14864,0.14145,0.13566,0.1298,0.12429,0.11994,0.11560736531567639
19-01-2026 10:55,25526.35,0.13233,0.12637,0.12184112487113938,0.11786427555941575,0.1144,0.1118,0.11078,0.11158381453825592,0.11350375913994391,0.11657,0.12053,0.12501,0.12999,0.13624,0.20857,0.19956,0.19221,0.1834833800977879,0.1746483268952589,0.16603,0.15766,0.1491977676060824,0.14085,0.13438,0.12854,0.12257,0.11808,0.11313
19-01-2026 11:00,25550.1,0.12151,0.11932,0.11655003265548512,0.11367,0.11115563130335876,0.10919217200163708,0.10837358326131899,0.10928,0.11236,0.11481,0.1185,0.1230399332046853,0.12812,0.13209979078279116,0.21143,0.2029918283749758,0.1943,0.18508,0.17745,0.16863,0.15997220416722252,0.15139,0.14332,0.13704,0.13131,0.12541,0.12046,0.1154
19-01-2026 11:05,25561.85,0.10899,0.10138,0.10069,0.10252,0.10207423537707933,0.10169,0.10215,0.10318,0.10665,0.11039240902369318,0.11449,0.11959,0.12517,0.13184,0.2114137800911047,0.20326988813392424,0.19516,0.18634,0.1785285806483403,0.17074,0.16283,0.15491450900659479,0.14716,0.14106,0.13515,0.12992,0.1251816868443549,0.12077000000000002
19-01-2026 11:10,25540.3,0.11046,0.11083,0.10827,0.10789,0.10588,0.10491,0.10473863764789988,0.10638,0.10954,0.11268,0.11737,0.1223,0.12767,0.13403,0.20769,0.20022,0.19262,0.18414,0.17678,0.16846140785763808,0.16,0.15135,0.14463,0.138,0.13236,0.12694,0.12227,0.11743
19-01-2026 11:15,25533.8,0.10798,0.10731,0.1053,0.10503,0.1036,0.10349,0.10402,0.10558,0.10894,0.11228,0.11706,0.12214,0.12774,0.13422,0.2066,0.19961,0.19276,0.18385,0.17612,0.16777,0.16004565213888372,0.1527916906262806,0.14594921725468926,0.13946071179592598,0.13327,0.12778197427122986,0.12329,0.11832990031941762
19-01-2026 11:20,25513.75,0.12529,0.11862,0.11527439320318322,0.11262889574987814,0.11069436489189334,0.1094813298864293,0.109,0.10982,0.11303,0.11594,0.11987793926182828,0.12501599306124125,0.13082,0.13504319675071833,0.2063013067702271,0.19808,0.19148,0.18214,0.17405035598692303,0.16600769294755158,0.15801,0.14995077358269848,0.14218,0.13622,0.13042,0.12512943271621532,0.12023,0.11554999999999999
19-01-2026 11:25,25514.95,0.12155,0.11847692635237168,0.11555047817452291,0.11269,0.11016,0.10919,0.10884,0.10989,0.11307,0.11606,0.12056,0.12524,0.13056,0.13686,0.20677,0.19908,0.19201,0.18296,0.17563,0.16681,0.15861,0.1503,0.14252,0.13653,0.13071,0.12558209488117306,0.12058,0.11544000000000001
19-01-2026 11:30,25517.75,0.1164,0.11895,0.11447,0.11202912511072796,0.11014,0.10897520228154257,0.10842,0.10934,0.11251,0.11579,0.12019,0.1249,0.13011,0.13484059343589977,0.20709,0.1994,0.19234,0.18389538211971085,0.1754,0.16715,0.15874,0.15046,0.14299138396161945,0.13664,0.131,0.12568501062978807,0.12045321739490188,0.11537
19-01-2026 11:35,25523.55,0.13105,0.12514,0.11925,0.11609,0.11285,0.11088,0.11006308867927074,0.1104,0.11229975779805546,0.11588,0.11647790372899595,0.11707352972398073,0.11766689527332046,0.11825801746929304,0.20675,0.19971145547219937,0.19187,0.18327,0.17488,0.16705,0.15852,0.14979,0.1420908367232028,0.13564,0.12973,0.12382,0.119,0.11349
19-01-2026 11:40,25536.55,0.12496,0.12074,0.11594,0.11329,0.11037,0.10856,0.10765,0.10846,0.11115,0.11382,0.11815,0.12287,0.12793,0.13466,0.2093940892454764,0.20095,0.19398,0.1854180317560422,0.1767832939223644,0.16824,0.15966993270017182,0.15120013219254475,0.14335,0.13701,0.1309,0.12512,0.12048,0.115858523003388
19-01-2026 11:45,25537.25,0.11701,0.11709,0.11407492471520352,0.11106,0.10883,0.10754,0.10676,0.10777,0.11073,0.11367,0.11808,0.1229,0.12826,0.13492,0.20866,0.20064,0.19372,0.18477,0.177,0.1688360551301337,0.16057,0.15202,0.14431,0.13781,0.13158,0.1257,0.12097,0.11573
19-01-2026 11:50,25541.5,0.11366003960406372,0.11365,0.11364,0.1105,0.10792,0.1068,0.10637,0.1072,0.11035,0.11317,0.11783,0.1226429163656967,0.12762,0.13443,0.20815,0.20067,0.19268,0.18491,0.17719,0.16884,0.16039,0.15234,0.1448369872734169,0.13809,0.13205,0.12577,0.12127,0.11592
19-01-2026 11:55,25540.75,0.10867,0.10743,0.10536,0.10369,0.10266,0.10272,0.10312,0.10515601646114474,0.10829,0.11183,0.11658797785869554,0.12165,0.12697,0.13378,0.20798118046868358,0.2002,0.19379,0.18487,0.17745,0.1690677816145589,0.1608,0.15333712865151883,0.14627390125564313,0.1395483595340428,0.1331,0.12732,0.12284,0.11794
19-01-2026 12:00,25527.0,0.10974,0.10841,0.10674,0.10549,0.10385,0.10401,0.10449,0.10618,0.11004,0.11411898625739278,0.11844,0.12351,0.12898999999999997,0.1336480178221501,0.2073,0.20016,0.19242,0.18348,0.17506704137076745,0.16684900708913222,0.1589398528896234,0.151450719575279,0.14449,0.13815615614795945,0.13228,0.12672,0.12176575905732315,0.11728
19-01-2026 12:05,25522.1,0.11262823132539934,0.11073,0.10808139309454046,0.10615686173149623,0.10508,0.1049326048280758,0.10558,0.10727,0.11101,0.11529349841517736,0.11968589468717936,0.1243,0.1281470779093634,0.13197961106601697,0.20782,0.20045067904608477,0.1927,0.18434,0.17697,0.16887,0.1608226545494938,0.15282496952623256,0.14489,0.13817,0.13251,0.12657,0.12221,0.11694
19-01-2026 12:10,25521.0,0.12433,0.11889,0.11494,0.11236,0.11004688222357546,0.10817,0.10804,0.10903,0.1125,0.11537,0.11986,0.1248,0.13040993175853205,0.13657,0.20775,0.2009592239414172,0.19335,0.18459,0.17717,0.16903,0.16024,0.15184,0.14431,0.13714,0.131,0.1247,0.11998,0.11443
19-01-2026 12:15,25533.2,0.13678,0.12256,0.11838,0.11453,0.11132,0.10931,0.10839,0.10893,0.11202,0.1148,0.11916,0.12362,0.12856,0.13528,0.20755,0.20033662333083566,0.19279,0.18496384672226993,0.17679,0.16833642661459536,0.15986,0.15134,0.14366,0.13692,0.13042,0.12428,0.11911,0.11353
19-01-2026 12:20,25542.4,0.11411,0.10654975826016667,0.10266,0.10198,0.10102,0.10115,0.10161,0.10353,0.10747,0.11081,0.11558660360893028,0.12093,0.12651,0.13326,0.20970103091332895,0.20187,0.1949,0.18591,0.17898,0.1707,0.16196532879437303,0.15342,0.14596,0.13906,0.13334,0.12723,0.12264,0.11806832340205851
19-01-2026 12:25,25526.05,0.11773,0.11337,0.11022,0.10788,0.1059,0.10495045136620682,0.10506,0.10649,0.10989,0.11301,0.11802,0.12303,0.12859,0.13372560206329712,0.20865689743004287,0.20069,0.19363,0.18491,0.17726,0.16944,0.16091,0.15195,0.14452,0.13732,0.13175,0.12558,0.12117,0.11557000000000002
19-01-2026 12:30,25524.6,0.1156,0.11206,0.10906183041035641,0.10649,0.10471,0.10398,0.10478,0.10605,0.10988,0.11311,0.11825,0.12325,0.12894,0.13414904174364964,0.20828,0.20126081082625924,0.19352,0.18479,0.17714,0.16883960367564876,0.16056,0.15239921463303951,0.14437,0.13743,0.13158,0.12566,0.12037099542329778,0.11576
19-01-2026 12:35,25520.4,0.11317,0.11032364098792502,0.10806,0.10634,0.10473,0.10458,0.10512,0.10677,0.11044,0.11385,0.11905,0.12427,0.12963,0.13648,0.2079,0.20021,0.19313,0.18528354447927675,0.177144897784727,0.16889,0.16035620767414913,0.15193,0.1447,0.13842469428185336,0.13223,0.12613,0.12098560388019917,0.1169
19-01-2026 12:40,25513.2,0.12541,0.11795,0.11543,0.11233,0.10978,0.10803156506700427,0.10769521877552611,0.10951,0.1127,0.11583,0.12062,0.12569,0.13135041756873403,0.13754,0.20748028788471348,0.19952,0.19169,0.18334,0.17599,0.16763,0.15912,0.14958,0.14208,0.13552,0.12947,0.12357,0.11899,0.11338
19-01-2026 12:45,25525.45,0.11245,0.11086,0.10752,0.10625,0.1046,0.10419,0.1049,0.10643,0.10960436644982893,0.11370462507152959,0.1183,0.12333,0.12913920806860463,0.13545000000000001,0.20849,0.20163,0.19299,0.18466,0.17734,0.16901,0.15942,0.15063,0.14358,0.13708,0.13145,0.12577,0.12132,0.11636999999999999
19-01-2026 12:50,25519.95,0.13225,0.12577,0.11927,0.11491,0.11157,0.10981,0.10898,0.11024012489414382,0.11256,0.11547,0.12006,0.12495,0.13004,0.13486300626736583,0.2076642715589643,0.19944,0.19209,0.18312,0.17518059643362505,0.16716,0.15768,0.14943,0.14178,0.13477,0.12875,0.12287,0.11815,0.11251
19-01-2026 12:55,25545.2,0.11676,0.11437,0.11059,0.10847,0.10618,0.1051182815709953,0.10519,0.10619,0.10869947316061294,0.11253,0.11723,0.12192,0.12727,0.13344999999999999,0.21005,0.2030022143031559,0.19547,0.18745365684646148,0.17924,0.17076378691538882,0.16204888682610938,0.15345171096574095,0.14532,0.13827855559833088,0.13208,0.12633,0.12177000000000002,0.11722820364126063
19-01-2026 13:00,25548.85,0.10962,0.11163,0.10948769114913606,0.10731,0.10568525432387202,0.10433,0.10439,0.1063904432631757,0.10896,0.11199,0.11655261216264462,0.12166,0.12697,0.1314950833053408,0.21235,0.20434742382973292,0.19642450246789817,0.18855,0.18082,0.17245,0.16317212454297278,0.15421,0.14696,0.1401186976524612,0.1335,0.1276,0.12278,0.11718999999999999
19-01-2026 13:05,25553.0,0.11105,0.1082,0.10615,0.10522,0.10357,0.10322713201070058,0.10356,0.10459,0.10837,0.11157,0.11633,0.12113,0.12647,0.13272,0.21327,0.20541,0.19782,0.18902,0.18215,0.17319,0.16354,0.15452,0.14662422648789808,0.1398,0.13362,0.12765,0.12291,0.11818892220604736
19-01-2026 13:10,25544.5,0.10337,0.10265,0.10198,0.1013,0.10012,0.10054,0.10159,0.1032,0.10731,0.11082,0.11531435987925379,0.12056055369661348,0.12627,0.13267,0.21384833793574065,0.20557690078156932,0.19734,0.18881,0.18155,0.17253,0.16360757444666021,0.15470424598807953,0.14645263939876738,0.13947,0.13366,0.12777,0.12327,0.11802
19-01-2026 13:15,25530.5,0.12054,0.11933,0.11433,0.11157,0.1088,0.10705,0.1063149756936253,0.10769,0.11106,0.11411,0.11878,0.12347,0.12873,0.13502999999999998,0.21156,0.20401,0.19485,0.18673,0.17924,0.17003,0.16063,0.1516,0.14386,0.13678,0.1306,0.12447,0.11935,0.11371
19-01-2026 13:20,25540.05,0.11052169532163578,0.10854,0.10656242137099324,0.1046,0.10267,0.10224,0.10289,0.10447,0.1084,0.11177,0.1165,0.12158,0.12702,0.13326,0.21433,0.20503,0.1966,0.18842,0.18086,0.17187,0.16286564350569296,0.15391,0.14603,0.13924,0.13318125229924843,0.12744849823431767,0.12202892744748384,0.11691
19-01-2026 13:25,25531.0,0.11509,0.11219933472877622,0.10948540660658937,0.10686,0.10463,0.10398,0.10429,0.1064054023809473,0.10936,0.11284,0.11758483479771253,0.12271,0.12805,0.1327297252058309,0.21303,0.20448451888964916,0.19606,0.18782,0.17992,0.17115,0.16142,0.15289,0.14481,0.13759,0.13151,0.12532,0.11979752736530758,0.11497
19-01-2026 13:30,25535.2,0.12707,0.12045,0.11491,0.11121,0.10838,0.10671,0.1062717402889532,0.10745,0.11038,0.11392291006336755,0.11785,0.12253277522050275,0.12795,0.13200506402865317,0.21217,0.20341,0.19546,0.18734,0.17957,0.170529040522826,0.16126,0.15263,0.14467,0.1373,0.13107,0.12529239961921146,0.11976,0.11413888503132384
19-01-2026 13:35,25552.1,0.11146,0.11216,0.10796,0.10693,0.10432,0.10337,0.10342,0.1046,0.1082,0.11146,0.11573009940757331,0.1209,0.12651795449200298,0.13269,0.21298,0.20558,0.19688,0.18916,0.18172,0.17305,0.1639080485141413,0.15501,0.14706,0.13943,0.13343,0.1278518433261538,0.12225,0.11648
19-01-2026 13:40,25558.15,0.10084,0.10167232983552028,0.10206197281894912,0.10217,0.10122100872103115,0.10044,0.10139708291329036,0.10337052723072458,0.10605,0.10954,0.11444,0.11938,0.12445,0.13120000000000004,0.21455,0.20664,0.19828,0.18984,0.18241,0.17425,0.16413,0.15593,0.14815,0.1405,0.13392686199033707,0.12854,0.12393,0.11829
19-01-2026 13:45,25544.95,0.14487,0.13666,0.12756,0.12092412749536874,0.11614,0.11251,0.11062,0.11052,0.11243,0.11496,0.11903,0.12358,0.12837,0.13281381592875827,0.20948,0.20197,0.19316,0.18546,0.1781,0.16909944300710697,0.16012,0.15118,0.14295,0.13564896454380235,0.12862,0.12181,0.11596,0.11013335335556461
19-01-2026 13:50,25583.5,0.12838,0.12116,0.1163215460856871,0.11228,0.10902,0.10688640977232783,0.10557,0.10556,0.10766,0.11011,0.11413169451906968,0.11876,0.12347,0.12958,0.21282,0.2061033007565372,0.19832,0.18915,0.18136438017571846,0.17343,0.16467,0.15624,0.14823,0.14042,0.13434,0.12716,0.12208,0.11702027949508872
19-01-2026 13:55,25602.3,0.1106,0.1098,0.10677,0.104,0.10217782448842364,0.10155181490555895,0.10185285010520927,0.10281792214397557,0.10419,0.10667,0.11075409841942563,0.11533,0.12046,0.12655,0.2172,0.20913,0.20067,0.19324,0.18519,0.17687,0.16751,0.15864906749440788,0.15022294408043432,0.14258,0.136,0.12898,0.12389,0.11756
19-01-2026 14:00,25605.6,0.12322,0.12234168312543182,0.12019,0.11659,0.11217,0.10884,0.10719227874191649,0.10699842467764988,0.10793,0.10968256008922964,0.11282,0.11712,0.12165,0.12738,0.21757,0.20907,0.20144,0.19357207362946802,0.18558,0.17699,0.16718,0.15838,0.1496842782369335,0.14124,0.13488,0.1275,0.12188,0.11534
19-01-2026 14:05,25625.95,0.12169,0.11189,0.10650127870401419,0.10345,0.10222,0.10043,0.09994,0.09999,0.10203,0.10432,0.10822,0.11282,0.11773,0.12217866838020612,0.21874407851915814,0.21071,0.20395,0.19544,0.18738870594213805,0.17924,0.16971,0.16106471455361016,0.15254,0.14421,0.13787,0.13055,0.12433726024697396,0.11896
19-01-2026 14:10,25615.15,0.10025118812191164,0.09995,0.09965,0.09834,0.09748,0.09712,0.09703,0.0976,0.10044,0.10344207688809025,0.10738,0.11256,0.11777,0.12431,0.22004,0.21226,0.20365,0.19573,0.18818,0.17891,0.16981049188312855,0.16079179206581148,0.15187,0.1439,0.13771,0.13078,0.12571999999999997,0.12068019965455673
19-01-2026 14:15,25589.9,0.13766,0.13118,0.12342,0.11812,0.11379,0.11051,0.10828,0.10703,0.10803,0.10946,0.11277,0.11743,0.1226017418055117,0.12802999999999998,0.21646908129676845,0.20806,0.20148,0.1935312027683636,0.18514898032971108,0.1762,0.16675,0.15760202517675226,0.14877,0.14065081681203304,0.13335084326419291,0.12657,0.12068,0.1148135130366283
19-01-2026 14:20,25610.85,0.11315,0.11321,0.10957,0.10694,0.10476,0.10277,0.1015298244584477,0.10149,0.10277540341878184,0.10535,0.10893,0.1136,0.11863,0.12504,0.21923,0.21064,0.2033,0.19293,0.1854093479133667,0.17771,0.16863,0.1600042171318478,0.15143,0.14296,0.13683,0.1295,0.1243,0.11837
19-01-2026 14:25,25607.6,0.10579,0.10267,0.10032,0.10001,0.09933,0.09871988372541718,0.0982,0.09834863207588697,0.09988826000693078,0.10301,0.10743,0.11224,0.11779000000000002,0.12266735169880742,0.21751,0.21036,0.20186642123888712,0.19334,0.18599,0.17685,0.16782,0.15877,0.15127,0.14339,0.13723,0.13016,0.12513999999999997,0.1201400399734932
19-01-2026 14:30,25603.8,0.12084,0.11134,0.10881,0.10532,0.10358,0.10147,0.1003,0.10042,0.1026,0.10453,0.10834,0.1135,0.11882,0.12532999999999997,0.21718,0.20826,0.20189,0.19380212637053,0.18532,0.17655274640135102,0.16768,0.15837,0.15067,0.14323438949715897,0.13596640203541077,0.12894,0.12288819838856756,0.11795999999999998
19-01-2026 14:35,25599.55,0.12345,0.12152,0.11567,0.11125,0.10814,0.10541,0.10360671844901281,0.10339,0.10504,0.10738392569108769,0.11035,0.11455112375545323,0.12008469841898577,0.12651,0.21657211092998774,0.20833,0.2015,0.19188,0.18429,0.17573342002386957,0.167,0.15792,0.15039,0.142,0.13561,0.1285,0.12231029403830075,0.11684
19-01-2026 14:40,25614.95,0.11206267330039107,0.10885,0.10565,0.10395,0.10221,0.10078,0.09969,0.09987,0.1021,0.10379,0.10764,0.11244,0.11784,0.1245,0.21837,0.20946,0.20110056394299478,0.19316,0.18627,0.17764178126756908,0.16874,0.1597,0.15185,0.1446364529026723,0.13747,0.13037,0.12507,0.11929999999999999
19-01-2026 14:45,25620.55,0.11037,0.10708,0.10642,0.10373,0.10236,0.10072,0.09984726149424239,0.10005,0.10140376961915695,0.10383,0.10731,0.11241,0.1174,0.124,0.21897,0.21131961138388855,0.20335,0.19511226155071892,0.18659,0.17784,0.16918143035999902,0.16058,0.1521924888895795,0.14412,0.1368460081005871,0.1307,0.12563,0.11969
19-01-2026 14:50,25623.15,0.1085,0.11035,0.10789,0.10536,0.10345,0.1020019448497464,0.1008,0.10025,0.10186,0.10386,0.10726,0.11208,0.11747,0.12387000000000001,0.22025,0.21127,0.2029529575344829,0.19481,0.18695204782408767,0.17899,0.16996,0.161367701513744,0.15287,0.14462,0.1383,0.13097,0.12523,0.11951291423263964
19-01-2026 14:55,25624.2,0.10733,0.1052265135708066,0.10322348450732995,0.10127,0.09954,0.09874,0.09781,0.09807,0.09950222136462271,0.10196067436049522,0.10572,0.11066,0.1161,0.123,0.22151806906073696,0.21316,0.20647,0.19636,0.1889,0.17969,0.17091647953076822,0.16236,0.15414,0.14574,0.13925,0.1319,0.12646,0.11994
19-01-2026 15:00,25629.95,0.07571,0.08335,0.08974,0.09084,0.09119951338968865,0.09157,0.092,0.09314,0.09523953145470465,0.09833,0.10272,0.10806500921777185,0.1141,0.12154,0.22197,0.21378,0.2071,0.197,0.19015,0.18152846202529796,0.17272,0.16368,0.15576,0.14772,0.14142,0.1343,0.1282490041931226,0.12304
19-01-2026 15:05,25604.15,0.09258,0.09554,0.09658,0.09568,0.09561,0.09525604764426227,0.09489,0.09552,0.09752397128729366,0.10054,0.10469,0.11057,0.11701251030141707,0.12372,0.21802,0.21062317755215348,0.20222,0.19224,0.18469,0.17621,0.16796,0.1595,0.15167,0.14429,0.13815,0.13117,0.12627,0.1205
19-01-2026 15:10,25595.95,0.09948,0.10101,0.10084,0.09878,0.09738,0.09655,0.09606997293266135,0.09673,0.09952,0.10255283585158485,0.10649,0.11201,0.11776,0.12506,0.21773,0.20871,0.20256,0.19349439105864547,0.18448,0.1766650789497085,0.16875,0.16006,0.15216,0.14468,0.13797444070293755,0.13201,0.12721,0.12057
19-01-2026 15:15,25590.9,0.07844,0.08438448869258106,0.08901969896260545,0.09114,0.09153,0.09184,0.09221,0.09384,0.09699,0.10038,0.10536219640425915,0.11103,0.11673,0.12435,0.21822,0.20996,0.20319,0.19338,0.18504122801104933,0.17701,0.16920675091149243,0.16151133615951088,0.15395695345468463,0.14657598162764016,0.1394,0.1332,0.12822,0.12252000000000002
19-01-2026 15:20,25561.25,0.09778968316749022,0.09787,0.09795,0.09701,0.09614,0.09589,0.09574935808613005,0.097,0.10062,0.10386,0.10847,0.11473,0.11938717130718704,0.12402673511939107,0.21484,0.20616,0.19979,0.18962,0.18234,0.17327,0.16539,0.15724293010120166,0.14912,0.1416,0.13589,0.12968,0.12511,0.11944000000000002
19-01-2026 15:25,25558.3,0.09554,0.09861,0.09696,0.09634,0.09561,0.09436,0.09364076743206821,0.09501,0.09899,0.10247,0.10776,0.11369873222644014,0.12024,0.12881999999999996,0.21267,0.20797,0.19916,0.18901,0.18177,0.17368515628205392,0.16556763802071037,0.1576,0.14997,0.14292206033373986,0.13666,0.13105,0.12566,0.12062
20-01-2026 09:15,25559.3,0.10911510892422015,0.10782,0.10653,0.10482605767702331,0.10309,0.1019,0.1017,0.10278,0.10608,0.10934,0.11357600032209834,0.11936120665659333,0.1261628308122218,0.13346,0.21699,0.20807973968401774,0.19940360121841752,0.19097575692171026,0.18281,0.17515,0.16689815477960812,0.15866,0.15119257516869442,0.14448,0.13891,0.13211,0.12705,0.12128
20-01-2026 09:20,25552.55,0.0847231507664953,0.08687,0.0892900595981946,0.0914234184629104,0.09326,0.09455,0.09593622903279066,0.0986,0.10298,0.10721,0.11258,0.11887698868548215,0.12579999999999997,0.1315252599649599,0.2143696197049144,0.20639,0.19768450657671274,0.18967,0.18249,0.17475,0.16647,0.15859,0.15205,0.14598155190760032,0.14001,0.13427,0.12977,0.12469
20-01-2026 09:25,25506.85,0.10561,0.10672,0.10505269742144824,0.10338,0.10249,0.10253,0.10265,0.10513,0.10934,0.11327,0.11882,0.1255,0.13235,0.14021,0.2123,0.20324769033325085,0.19446,0.18606,0.17821,0.17054,0.16225,0.1547,0.14799,0.1406,0.13579,0.13023,0.12517129314963948,0.12042999999999998
20-01-2026 09:30,25488.8,0.11948,0.11639,0.11324,0.11045,0.10868,0.10743357139807684,0.10704,0.1092,0.11322,0.11751338288944092,0.1223,0.12846074672911917,0.1357,0.14346,0.21217,0.20224053377487652,0.19305,0.18456,0.17625,0.16882,0.1603299282982353,0.15211,0.14485,0.13766,0.1315290330616688,0.12653,0.12177,0.1169
20-01-2026 09:35,25481.8,0.10618023762438233,0.10612,0.10606,0.10502,0.10486,0.10485455085760328,0.10551044103720164,0.10807,0.11262,0.11688,0.12256760750439245,0.12934,0.13647,0.14437,0.21414,0.20424,0.195,0.18618,0.17789,0.16979,0.16114,0.15342092276692715,0.14609,0.13917,0.1344,0.12895,0.12492,0.12092999999999998
20-01-2026 09:40,25461.45,0.1239,0.12095,0.1183,0.115,0.11282,0.1114,0.11103,0.11318549413983524,0.11716,0.12176657037023114,0.1269292302084609,0.1328,0.13961902217434266,0.14751,0.2138060223403301,0.20484,0.19571,0.18670644818384777,0.17786,0.1694,0.16066,0.15234,0.14484,0.13754,0.13193,0.12643,0.12149041474902864,0.11714999999999999
20-01-2026 09:45,25463.25,0.11886,0.11763,0.11452,0.11247675039287279,0.11093,0.11004,0.10994,0.11251,0.11668,0.12084,0.12599155931285028,0.13257135843984588,0.13976,0.14772,0.21617,0.2068,0.19749,0.18816,0.17992,0.17097,0.16206,0.15357,0.14623,0.13888,0.13272639864958233,0.12791,0.12344,0.11877
20-01-2026 09:50,25462.3,0.10280691088302972,0.10359,0.10437,0.1047,0.10478,0.10524,0.10628,0.10976,0.11486,0.11966,0.12551,0.13248,0.13991,0.14806,0.21566,0.20717,0.19781,0.1887310303890107,0.17986,0.17141,0.16265,0.15482,0.14771,0.14109,0.13572953422055672,0.13128,0.12741,0.12355544914291196
20-01-2026 09:55,25459.95,0.12017,0.11734,0.11509,0.11309,0.11168,0.11066,0.11082,0.11301,0.11729,0.12141,0.12645,0.13352,0.13992,0.1482,0.21354,0.20408865349516184,0.19488,0.18602065519212715,0.17719,0.16798,0.15917,0.15126,0.14375,0.13703,0.1318,0.12653,0.12218847328966737,0.1189
20-01-2026 10:00,25467.2,0.12078040576631706,0.11817,0.11524179862530615,0.11298,0.11161,0.11080091984809926,0.11064,0.11255,0.11591195983720896,0.12051,0.12626880364543214,0.13244,0.13902,0.14695,0.21533,0.20575177328224714,0.19651,0.1877,0.1793,0.17022,0.1615,0.15279,0.14495228439142088,0.13836575348848787,0.13245,0.12718,0.12286,0.11927
20-01-2026 10:05,25465.6,0.12575,0.12217,0.11847,0.1155,0.11323,0.11169,0.11138,0.11299,0.11669,0.12120335580578276,0.12608300558062432,0.13143,0.13808,0.14301290179953544,0.21274,0.20373,0.19436,0.1854,0.17664,0.16787,0.15919,0.15038,0.14302,0.13565,0.1304,0.1248,0.1205,0.11612
20-01-2026 10:10,25484.8,0.1074,0.10682,0.10632,0.10583,0.10569,0.10526,0.10616,0.10868,0.11282,0.11673,0.12245,0.12917,0.13582000000000002,0.14217018860590858,0.21481,0.20536,0.19732,0.1883,0.18013,0.17126,0.16273,0.15463,0.14738,0.14062,0.13526,0.13050744749995247,0.12608999999999998,0.12153247353998582
20-01-2026 10:15,25468.6,0.12772,0.12327,0.11949,0.11605,0.11314,0.11173,0.1112789082144765,0.11295,0.11646,0.11995,0.12512,0.13118711892654783,0.13793,0.1461,0.21212,0.20321,0.1947212363779763,0.18619,0.17738,0.16858,0.16035,0.15144,0.14432,0.13723,0.1311,0.12532,0.12078,0.11595
20-01-2026 10:20,25485.6,0.11154,0.10884,0.10774,0.10619,0.10572,0.10550008794211317,0.10573,0.10814,0.11168949725757192,0.11595,0.12138,0.12801,0.13389,0.1418,0.21395,0.20507,0.19666,0.1880554747499509,0.17934,0.1703,0.16192,0.15335,0.14566,0.13856,0.13311,0.1275,0.12343,0.11944999999999999
20-01-2026 10:25,25487.25,0.10661,0.10795,0.10761,0.10587,0.10469,0.10423,0.10470755186725333,0.10713,0.11101,0.1149,0.12005760047317593,0.12653,0.133288104515539,0.14058,0.21445301836052694,0.20576,0.19731,0.18871,0.17989,0.1711,0.16216,0.15401,0.14591,0.13916684528394926,0.13349,0.12787,0.12335965972275889,0.11984
20-01-2026 10:30,25478.75,0.11189,0.11147,0.10921,0.1076878938712641,0.10666,0.1061593556520509,0.10672252395164492,0.10901,0.11309,0.11659,0.12183,0.12783,0.13375,0.14165,0.21488,0.20556429765182752,0.19653962150591864,0.18781,0.17961,0.17074961966058746,0.16191,0.15362,0.14548688185299907,0.13855,0.13287,0.12723,0.12353,0.1192
20-01-2026 10:35,25473.7,0.13031168551814845,0.12579,0.12106282939381668,0.1168,0.11332,0.11134,0.11109,0.11261242828038258,0.11489,0.11793,0.12257,0.12839,0.13405,0.14165,0.21389,0.20442,0.19551,0.18693,0.17812,0.16919489284811198,0.16038,0.152,0.14354,0.136319513748296,0.13003,0.12406,0.11976,0.11477
20-01-2026 10:40,25492.55,0.10672,0.1075,0.10644,0.10503,0.10373,0.10351,0.1044941985648665,0.10662,0.10975909308932738,0.11392,0.11913,0.12533,0.13116,0.13874000000000003,0.21694,0.20647,0.19766058345284637,0.18906,0.18062,0.17163119336902657,0.16265,0.1537,0.14615,0.13932,0.1333,0.12777,0.12399,0.11969
20-01-2026 10:45,25480.45,0.11358,0.11198,0.11056,0.10835,0.10654,0.10603,0.10659,0.10910307027683012,0.11211,0.1154,0.12059800203555329,0.12682,0.1331670513637014,0.1398,0.21571,0.2057,0.19716,0.18776,0.17897,0.16961,0.161,0.15226,0.14411,0.13716,0.13185,0.12677762137081391,0.12186,0.11749
20-01-2026 10:50,25478.05,0.10456,0.10528310813142899,0.1052,0.10423,0.10371,0.10367,0.1047,0.10718,0.11123,0.11475,0.12058944370048329,0.12687,0.13248,0.14035,0.21586813496330234,0.20685,0.19856,0.18942755061548103,0.18033,0.17134,0.16222,0.15388,0.14507,0.13858,0.133,0.1275,0.12352,0.11933999999999999
20-01-2026 10:55,25465.4,0.11001,0.10908473072244838,0.10812926431534889,0.10717,0.10613,0.10588,0.10683,0.10981501878241302,0.11304,0.11638,0.12194,0.12796,0.13458582973631067,0.14169,0.21569,0.20598,0.19799,0.18832,0.17922720528136457,0.17018,0.16098,0.15227280806004778,0.14432832453449743,0.13726794260374378,0.1312100298711768,0.12627,0.12217,0.11789
20-01-2026 11:00,25459.55,0.10868,0.1079049732274192,0.10691,0.10551,0.10506,0.10499,0.10609,0.10852,0.11267,0.1165,0.12191,0.1283,0.13487,0.14197,0.21444583238023113,0.2054,0.19631451516011544,0.18736,0.17861,0.16953,0.16085753106937925,0.15227,0.14379,0.13738,0.1317,0.12624,0.12208,0.11829
20-01-2026 11:05,25453.55,0.11082,0.10903,0.10753332728079562,0.10626349372563229,0.10513,0.10492,0.10594765255975508,0.10871,0.11321,0.11702,0.12277,0.12924546883319424,0.13604,0.14341999999999996,0.21420573989663638,0.20524,0.19601,0.18708,0.17858,0.16914,0.15997989251016234,0.1511671037451498,0.14305,0.1366,0.13097,0.12559,0.12122,0.11696
20-01-2026 11:10,25452.35,0.11276724754366109,0.11093,0.1091,0.10713,0.10588982801636161,0.10565,0.10673,0.10914,0.11382,0.11773,0.12347,0.13009,0.1366,0.14428,0.21249,0.20293,0.19392,0.18522,0.17663,0.1674,0.15857,0.15016329740093434,0.14242,0.13592,0.13029,0.12545127723333058,0.1209,0.1166
20-01-2026 11:15,25445.65,0.12009,0.11449272263870464,0.11068,0.10879,0.10753509732741873,0.10679,0.10767,0.11018,0.11439,0.11865,0.12418,0.13069,0.13729,0.1449,0.21128393977627832,0.20226,0.19364,0.18416,0.17559,0.16637744657908105,0.15732,0.14903,0.14108,0.13456514548327686,0.12892,0.12356,0.11900484745652982,0.11507
20-01-2026 11:20,25449.95,0.11642,0.11418,0.11154,0.10934,0.10777,0.10728854459775505,0.10791,0.11005,0.11411,0.11805,0.12370140751815335,0.13031,0.13678,0.14464,0.21234,0.20231,0.19334,0.18431,0.17548,0.16635,0.15739,0.1489392145506888,0.14115,0.13428,0.12837,0.12298,0.11879,0.11461
20-01-2026 11:25,25447.1,0.12413188555419853,0.12057392508535399,0.11703,0.1135,0.11081,0.10950926453576978,0.10955,0.11127,0.11507,0.11942904292623818,0.12429,0.13025,0.13698,0.14503,0.21107,0.20205,0.19284091841771886,0.18367,0.17454,0.16541806344847568,0.15634,0.14866,0.14012,0.13309,0.12699,0.12179636348536581,0.11676,0.11183000000000001
20-01-2026 11:30,25458.7,0.1142295049752933,0.11182,0.10942,0.1076,0.10639,0.10603118966113009,0.10682155500328239,0.10885,0.11230305898902078,0.1172,0.12297,0.12923,0.13594,0.14388,0.21286,0.20420668327533073,0.1952,0.18574,0.17671480853608873,0.16773,0.15875,0.15054,0.14234,0.13524,0.12935,0.12438158282211223,0.11971,0.11532
20-01-2026 11:35,25466.4,0.11355,0.11138,0.10887,0.10647,0.1051,0.10478,0.10551,0.10848670311919177,0.11214,0.11609,0.12192,0.1284019718177407,0.13519999999999996,0.14101522613066855,0.21340983952434012,0.20421,0.19568,0.18664,0.17681,0.1678,0.15921,0.15068,0.1423,0.13516,0.12912,0.12373,0.11943,0.11498000000000001
20-01-2026 11:40,25461.5,0.12097,0.11626468530735305,0.112,0.10852,0.10679,0.10562,0.1063,0.1084,0.11251,0.11636,0.12252,0.12877,0.13566,0.14361,0.2118467361802237,0.20279,0.19376112786118999,0.18483014387267738,0.17596,0.16727,0.1579,0.14947,0.14098,0.13353037201271642,0.12741438742813183,0.12192,0.11721,0.11251880244524957
20-01-2026 11:45,25463.2,0.12048,0.11557,0.11228,0.10909,0.10673460651701375,0.10589,0.1065181186675214,0.10860622171722294,0.11206825672703694,0.11682,0.12256,0.12889,0.13567,0.14366000000000004,0.21245,0.20393594249560523,0.19501,0.18563,0.17653,0.16721,0.15814,0.14946872709219117,0.14123,0.13391,0.12791,0.12175,0.11723,0.11238
20-01-2026 11:50,25474.5,0.11774,0.11478,0.11119511468553929,0.10766,0.10586,0.10502689464902976,0.10512,0.10724,0.11143,0.11565,0.12162,0.12822774561412462,0.1352,0.14297,0.21369,0.20379,0.19501,0.18616,0.17706507907273017,0.16797,0.159,0.15025,0.14183785739657023,0.1341639581187304,0.12763,0.12212985974530671,0.11707,0.11217999999999999
20-01-2026 11:55,25481.0,0.10771,0.103,0.10276,0.10132,0.10055,0.10028,0.10191588022172941,0.10526514680705217,0.10935,0.11412,0.12074,0.1275,0.13459,0.14305,0.21513828250176725,0.20603702513657382,0.19697376895662239,0.18794819794236858,0.17896,0.16935,0.16058,0.15217,0.14355,0.13664,0.13013,0.12432,0.12024,0.11575
20-01-2026 12:00,25467.5,0.09915,0.09916,0.09962,0.09945,0.09935,0.09996,0.10203037671525068,0.10539676795684012,0.10965,0.11489,0.12143,0.12857,0.13616,0.14475,0.21422476777479257,0.20503,0.19685,0.18735,0.1778,0.1687,0.15996210162258798,0.15162,0.1438746325540744,0.13679365430344456,0.13011,0.1244,0.12066,0.11678
20-01-2026 12:05,25450.2,0.09507,0.09683,0.09809,0.09795,0.09876,0.09977,0.10170927471572846,0.1057,0.1111,0.11635,0.12323,0.13027,0.13801,0.14649,0.21282,0.20368,0.1954,0.18582,0.17652,0.16785,0.1592,0.15096,0.14268,0.13537749964122567,0.12987,0.12537760992247549,0.1211,0.11695
20-01-2026 12:10,25433.1,0.1132,0.11044,0.10853,0.10653,0.10577,0.10538,0.1068,0.10975,0.1145,0.11952,0.12627,0.13302,0.14059,0.14884,0.213,0.20233,0.19356,0.1843,0.17520447455969043,0.16616,0.15694,0.1484586449603846,0.14095383193923453,0.13424642088180203,0.12816149757247558,0.12252827546045919,0.11718,0.11337
20-01-2026 12:15,25439.15,0.10619,0.10565,0.10443312028555651,0.10336,0.10326,0.10351,0.10532,0.10852,0.11348,0.11845,0.12495,0.13179,0.13911172351206036,0.14682,0.2137,0.20348,0.19506,0.18538,0.17628,0.16697372409465056,0.1577,0.14904640625558427,0.14148,0.13493,0.12875,0.1233,0.11787184374597601,0.11246535683606523
20-01-2026 12:20,25436.4,0.10623305215569924,0.10512433926172504,0.10402,0.10292,0.10264,0.10370690078083224,0.10592966947470817,0.10908886669606094,0.11297,0.11805,0.12472,0.13187,0.13929,0.14763000000000004,0.21345,0.20383315547092468,0.1942904555918453,0.18480995588444732,0.17538,0.16608,0.15717,0.14894,0.14065,0.13405,0.12774,0.12213,0.1182,0.11411000000000002
20-01-2026 12:25,25423.6,0.1208,0.11588,0.11273,0.1099,0.10793,0.10746225151833541,0.10829,0.11071,0.11505795271676195,0.12048,0.12691,0.13422,0.14152,0.14967999999999998,0.21067622362334493,0.20144,0.19343,0.18337,0.17426,0.16461,0.15543,0.14757,0.13902,0.13232,0.12569,0.11981,0.11395356719749371,0.10812051343047072
20-01-2026 12:30,25431.55,0.10947,0.10738696801677355,0.10553,0.10408,0.10356,0.10387,0.10576,0.1087,0.11315123780573144,0.11914,0.12623,0.13368,0.14167,0.15026,0.21301702429785802,0.20347358842521207,0.19397,0.1843,0.17522,0.16558,0.1569,0.1486,0.14075,0.13438,0.12794,0.1215259155630441,0.1151375389483103,0.10877466490290397
20-01-2026 12:35,25423.05,0.11390902972652855,0.11162,0.10934,0.10753168791327372,0.10628,0.10592815503395377,0.10720112399951648,0.11054,0.11542,0.12063,0.12705040811322127,0.1345752578264838,0.1426,0.15113,0.21080432846509065,0.20148,0.19346,0.18374,0.17425449585237582,0.1649,0.15614,0.14836,0.14033,0.13389,0.12714,0.12128,0.11663228566332581,0.11297
20-01-2026 12:40,25423.5,0.10643,0.10618,0.10536549966957727,0.10452,0.10418,0.1047,0.10697,0.11016,0.11521,0.12102664268506096,0.12754,0.13497,0.14277,0.15133,0.21018199611711305,0.20113,0.19266824023399104,0.18383,0.17468,0.16555558067349951,0.15647,0.14846,0.1411899550618895,0.13438818398321317,0.12806,0.12269,0.11854,0.11480999999999998
20-01-2026 12:45,25416.4,0.11852,0.11428,0.11149,0.10896,0.10773,0.10729,0.10892,0.11188,0.1167,0.12145,0.12829,0.13531,0.14295,0.1516,0.2089624245664191,0.19996,0.19164,0.18237,0.17329,0.16435263786321613,0.15559555184704593,0.14701,0.13937,0.13277,0.12663,0.12093,0.11667,0.11242700603328296
20-01-2026 12:50,25426.5,0.11311,0.11122,0.10906,0.10681,0.10565150136221006,0.10587,0.10744,0.11062,0.11457552803213633,0.11979,0.12638123747158364,0.13337,0.14056,0.14862,0.21124,0.202,0.1928,0.18391,0.17467525435966455,0.16542,0.15643,0.14851,0.14039,0.13381,0.12721,0.12141,0.1171,0.11314
20-01-2026 12:55,25428.95,0.1147,0.11217,0.10951220352180022,0.10689,0.10592,0.10607,0.10751,0.11028,0.11486,0.11946,0.1261,0.13324,0.14029,0.14881000000000003,0.21106,0.20141,0.19312,0.18387,0.17481,0.1652,0.15629,0.14784,0.13991,0.13364,0.12696,0.12130411580189199,0.11649,0.11240999999999998
20-01-2026 13:00,25428.55,0.11009,0.10856,0.1069,0.10542,0.1045,0.10516,0.10749055415102751,0.1107079198908948,0.11462,0.11955,0.12619,0.13349,0.14118769673850315,0.14912,0.21205,0.20320163737183936,0.1943,0.18527,0.17592401191589993,0.16656,0.15769,0.14962,0.14138,0.13494,0.12799,0.12204,0.11751,0.112998083880463
20-01-2026 13:05,25423.7,0.11124,0.10875625776223954,0.10683388637091792,0.10539,0.10453721797588535,0.1048,0.10666,0.1096,0.11432,0.11944,0.12623,0.13368,0.14101999999999998,0.148184122517936,0.21158,0.20228,0.19419,0.18511,0.17568439918208842,0.16629,0.15714,0.14924,0.14094,0.13456,0.12772,0.12199569435739945,0.11728,0.11361
20-01-2026 13:10,25424.7,0.1078,0.10677,0.10565,0.10431,0.10396,0.1043,0.10644,0.10939,0.11380025491125005,0.11943,0.12599,0.13342,0.14130693384819557,0.14945,0.21222,0.20243,0.19363984297335918,0.18492,0.17599,0.16618,0.1578265281456378,0.14959,0.14143,0.1343330527652211,0.12811,0.12231,0.11772734710222714,0.11415
20-01-2026 13:15,25413.05,0.11682128715816065,0.11396,0.11111,0.10903,0.1073,0.10742,0.10895,0.11184,0.11580045294874014,0.12138,0.12825553684138782,0.13515,0.14205,0.15068,0.2115,0.20264258207810482,0.19348,0.18399,0.17438,0.16511,0.15615,0.14777,0.14044322036935566,0.13339,0.12652,0.12065086262823849,0.11593609952150614,0.11188000000000001
20-01-2026 13:20,25432.95,0.10549,0.10521,0.10463,0.10332,0.10306,0.10396609759531374,0.10583,0.10895,0.11362,0.11943209879771856,0.1254957168433737,0.13176,0.13839,0.14622000000000002,0.21272,0.20298,0.19458,0.18595,0.17660610871832108,0.16723,0.15861,0.15051,0.14321679486378278,0.13619,0.12938,0.12385,0.11940304268294682,0.11571
20-01-2026 13:25,25422.0,0.11166,0.11031,0.10826,0.10659,0.10591,0.10591,0.10723283121292206,0.11048,0.11505,0.11937,0.12564,0.13239,0.13918,0.14686,0.21146576799264022,0.20228,0.1938,0.18474099764250426,0.17549,0.16598,0.15731,0.14858,0.14068,0.13388141958636945,0.12769,0.12213,0.11761397989133027,0.1139
20-01-2026 13:30,25415.05,0.10348,0.10326,0.10286,0.10234,0.10244,0.10378,0.10643,0.10968,0.11420045990324193,0.11975,0.12607,0.13332,0.14008,0.14774,0.21187,0.20201,0.19422,0.1848360856705524,0.17533,0.16572,0.15696,0.14927,0.14108,0.13419852073366476,0.12852,0.12354263371000544,0.11927,0.11595
20-01-2026 13:35,25392.3,0.10629,0.10578,0.10436,0.10439,0.10435,0.10572,0.10828772226521721,0.11231,0.11748,0.12272,0.12934,0.13666,0.14399,0.15221,0.21263,0.20288,0.19494,0.18565,0.1764,0.1668,0.15868,0.15101,0.14296,0.13658,0.13079,0.12511,0.12114,0.11718584834557143
20-01-2026 13:40,25365.4,0.1195,0.11614,0.11303,0.11111,0.10982,0.11059,0.11295,0.11636,0.12121,0.1265,0.13288,0.14036,0.14718,0.15527,0.21106474229532232,0.20149,0.19393,0.18288,0.17352,0.16381,0.15514,0.14686,0.13962838509785325,0.13282,0.1262,0.12081,0.116231123630379,0.11217
20-01-2026 13:45,25372.15,0.11362,0.11193,0.10892,0.10755,0.10657,0.10757,0.11044,0.11415,0.11937,0.12474,0.13185,0.13917,0.14658,0.15474,0.21139,0.20267,0.193627983539743,0.18461,0.17568,0.16583,0.15704923340856433,0.14928,0.1422546084544977,0.13548,0.12896,0.12333,0.1187,0.11453
20-01-2026 13:50,25364.1,0.11807064323477674,0.11542,0.11241726775147382,0.11015,0.10898,0.10929,0.11172,0.1156,0.12060409389899356,0.12629326676352096,0.13298,0.14043,0.14763,0.15574999999999997,0.21097,0.20219,0.19320209339796499,0.18412291219875246,0.17502051537498442,0.16596129177828567,0.15701,0.14819205710364577,0.14016,0.13401,0.12738,0.12171,0.11726,0.11303
20-01-2026 13:55,25368.4,0.11888727583043651,0.11596,0.11241136815398589,0.11014,0.10900895478440771,0.10947,0.11184,0.11536,0.12047,0.12582,0.13258,0.13973,0.14713,0.15527,0.21065,0.20234,0.19506,0.18455,0.17557,0.16568,0.15698845460415,0.14869,0.14079,0.13478,0.12791,0.1224,0.11736,0.11303
20-01-2026 14:00,25369.7,0.11510219805162632,0.11201,0.10893,0.10744,0.10673,0.10818,0.11086,0.11473,0.12021,0.1258584461389755,0.13214,0.1396,0.1468,0.15515,0.21334,0.20365,0.1959,0.18624256456469296,0.17621365693137842,0.16678,0.15798,0.14922,0.14073,0.13489000000000004,0.12907359602392657,0.12328059816337052,0.1175108187934028,0.11176407253611152
20-01-2026 14:05,25359.55,0.113919386163102,0.11154,0.10917,0.10798,0.10734,0.10897,0.11175,0.11592,0.12161,0.1275719457739663,0.13384,0.1413,0.1494834869609813,0.15807999999999997,0.21273251718781722,0.20364,0.19509,0.18532,0.17684,0.16732,0.1586,0.14999,0.14228,0.13639,0.12966,0.12411,0.11977,0.11544732539541046
20-01-2026 14:10,25355.15,0.1183,0.11485,0.11245,0.11071512427254802,0.11,0.11108669632355764,0.11373,0.11751,0.12316,0.1295889123373853,0.1362660855966112,0.14323547229731987,0.15054,0.15888999999999998,0.21223,0.20319,0.19414293696260393,0.18513,0.17616243583983565,0.16724,0.15862,0.15010087423956053,0.14221,0.13597,0.12932,0.1235690589975805,0.11868846001431438,0.11436
20-01-2026 14:15,25366.45,0.11159819266185647,0.11021,0.1086288179087815,0.10745,0.10704,0.10866,0.11137,0.11521,0.12039166598180696,0.12634,0.13298,0.1403371568387968,0.14814000000000002,0.15465134657949722,0.21077047085248188,0.20194,0.19271,0.18421146964759857,0.17576,0.16672,0.15844,0.15094394690856916,0.14376760108097075,0.13675,0.13014,0.12499934930223051,0.12065,0.11665
20-01-2026 14:20,25356.3,0.12201,0.11807,0.11520692208341983,0.11293,0.11176,0.11254101357211091,0.1147,0.11805,0.12277,0.12807,0.13424,0.14166,0.14925,0.15629172498344304,0.21,0.20085,0.1926,0.18335,0.17458,0.16573,0.15718,0.14903,0.14153,0.13538,0.12847,0.12274,0.11845,0.11392
20-01-2026 14:25,25378.65,0.12105,0.117,0.11372757641168009,0.11102,0.10963,0.11063,0.11258,0.1163934628785883,0.121,0.12604,0.13239,0.13931,0.14648,0.15474,0.21293,0.2034,0.19521,0.186303712691979,0.17705,0.1674,0.15813,0.14975,0.14249612289406316,0.13547,0.12861,0.12265,0.11805,0.11323
20-01-2026 14:30,25385.8,0.11073,0.10874,0.10714971703411413,0.10602063709064644,0.10555,0.10716,0.10991581942577631,0.11346,0.11788974414312244,0.12355,0.13016,0.13685000000000003,0.14261320376144843,0.1483546184207519,0.21419,0.20425,0.1952313461380436,0.18659,0.17846,0.169,0.16006,0.15221,0.1453042194376523,0.13853,0.1319,0.12654,0.12214,0.11784
20-01-2026 14:35,25374.45,0.10874,0.10747,0.10589,0.10523,0.10530710648842018,0.10647,0.10924,0.11288,0.1175998660629198,0.1233,0.12981,0.1366185725731955,0.14366,0.15159999999999998,0.21543,0.20562,0.19772,0.18902,0.17987,0.1709,0.16238,0.15404,0.14676284607121723,0.14024,0.13360505416788782,0.12795,0.12368,0.11927
20-01-2026 14:40,25356.7,0.11079784160461688,0.10881,0.10683,0.10605675365450216,0.10637,0.1082,0.11121,0.11492,0.12054,0.12572,0.13238,0.1394,0.14656,0.15455,0.2163388676121235,0.20743,0.19928,0.18959,0.18121,0.17213,0.16356,0.1549,0.1474,0.14077,0.13453,0.12876,0.12406,0.11977
20-01-2026 14:45,25345.55,0.11529,0.11294,0.11041,0.10887886643049263,0.10864,0.10987,0.11265,0.11615,0.12115870707433508,0.12711354054093044,0.13376,0.14068,0.14752,0.15514,0.21677,0.20717,0.19801,0.1883,0.17987,0.16997,0.16096,0.15256,0.14532900251142444,0.13852,0.13195,0.12642,0.12178,0.11732
20-01-2026 14:50,25348.5,0.10425,0.10393,0.10305,0.10290308512332698,0.10348,0.10534,0.10893,0.11387776592667842,0.11893,0.12412,0.1315,0.13842,0.14581,0.1543,0.21856,0.20883,0.19911715407670044,0.18946,0.18009834175234343,0.17097,0.16189,0.153,0.14558,0.1391,0.13254,0.12707272858940546,0.12282,0.11798912135318036
20-01-2026 14:55,25335.5,0.09571,0.09742,0.09848,0.09992,0.101,0.10445,0.10817,0.1129,0.118331440306446,0.12474,0.13244,0.13951,0.14673,0.15479,0.21849,0.20917345452809802,0.199678070852825,0.19002376977545643,0.18023,0.16993,0.16071,0.15238,0.14526,0.13876,0.13306,0.12801,0.12455,0.12171
20-01-2026 15:00,25288.25,0.1044,0.10407,0.10406,0.10487,0.10668500892161849,0.10966,0.1139,0.11894,0.1255,0.13236505430121756,0.13934590359585944,0.14653,0.15427248931575643,0.16264999999999996,0.2131,0.20251,0.19301,0.18224,0.17393,0.1639,0.15496,0.14722,0.14049,0.13464,0.12906050656049922,0.12433,0.12107,0.11819
20-01-2026 15:05,25289.95,0.09732524751235347,0.09853,0.09973,0.10149,0.10418,0.1078,0.11255,0.11733,0.12391,0.13068048918064684,0.13753752013517978,0.14491,0.15284,0.16084000000000004,0.21652,0.20664086008308336,0.19639,0.18535,0.17685,0.16757229231275284,0.15847,0.15071,0.14413,0.13867,0.1335,0.12859,0.12512092746317102,0.12318999999999998
20-01-2026 15:10,25245.35,0.09945,0.10061577150349793,0.10240119115331923,0.10516,0.1089,0.11311,0.11855,0.12438909536836831,0.13062,0.1373428055329239,0.1442,0.15119,0.15931,0.16759,0.21653,0.2042,0.19461,0.18401,0.17462,0.1657543975070084,0.1576,0.15086,0.14497,0.14046,0.13613,0.13301,0.13092,0.1288383433355778
20-01-2026 15:15,25238.75,0.10515,0.10596,0.10699,0.10871,0.11216,0.11623415319184055,0.12091,0.12637192967926833,0.13248494366840363,0.13918,0.1462680431960544,0.15373,0.16161,0.16897000000000004,0.22738,0.21506,0.20374103479854205,0.19277,0.18203765163956837,0.17182,0.16316,0.1552732437835584,0.14824,0.14265,0.13774990723031974,0.13320999999999997,0.12851839590023986,0.12384552080880623
20-01-2026 15:20,25191.85,0.12125,0.11886,0.11737,0.11769222586658232,0.11975,0.12281701423288005,0.12685,0.13185,0.13761,0.14411,0.15051,0.15709,0.16425231693566392,0.17198,0.21954157891759446,0.20918,0.20017,0.18901,0.17864158968253938,0.16855,0.15906,0.15054666105695577,0.14289,0.13612,0.13026,0.12498,0.12099,0.11734
20-01-2026 15:25,25185.2,0.1356752408203882,0.13268171600665762,0.1297,0.12673,0.12581,0.12786,0.12951,0.13413741935810844,0.13935,0.14396,0.15021057773170887,0.15751,0.16495,0.17188999999999996,0.21988719679099733,0.2088,0.19656,0.18717,0.17528,0.16647,0.15823,0.15255,0.14239,0.1339,0.12805,0.12057,0.11523999999999998,0.1099312775017368
21-01-2026 09:15,25171.75,0.15884987818000515,0.15294,0.14619584345991832,0.14119,0.13853,0.13825,0.1395,0.1427770103576274,0.14727,0.15271,0.15908500328677996,0.16575,0.17272,0.18004,0.22163,0.21205,0.20214,0.19239,0.18253,0.17277,0.16299,0.15324,0.14406,0.13532,0.12661,0.11838,0.11024,0.10134999999999998
21-01-2026 09:20,25204.0,0.14489,0.13684,0.13149,0.12897,0.12792,0.12825,0.13111,0.13522,0.14083,0.14681,0.15371,0.16135,0.16841,0.17651,0.22981,0.2192140621421792,0.20887,0.19878,0.18866,0.17864358670519193,0.16874324208668312,0.15893,0.14964,0.14123,0.13293,0.12507,0.11766,0.11031
21-01-2026 09:25,25249.5,0.11239,0.10958739510243076,0.10841,0.1092,0.1108315451792375,0.11359,0.11814568157975133,0.124,0.13056,0.1378,0.14569,0.15395,0.16214,0.16992,0.23932,0.22872,0.21852545773042933,0.20844,0.19844,0.18850305355261737,0.17863619947434595,0.16883,0.15985,0.15212,0.14385,0.13775,0.1322,0.12667215574758728
21-01-2026 09:30,25231.8,0.13669,0.12962291294025566,0.12412,0.12087,0.12038,0.12183873126991389,0.12475,0.12956,0.13608,0.14246,0.15005,0.15783,0.16532,0.17284999999999998,0.23563029991981504,0.22511642222798048,0.2146464439445186,0.20422,0.19388,0.18338,0.17313318832666486,0.16297,0.15255,0.14322,0.13429,0.12583,0.11875,0.11057
21-01-2026 09:35,25229.95,0.10823869478443007,0.1083495660738275,0.10846,0.10857,0.11044526207643339,0.11357,0.11819,0.12409,0.1309,0.13852,0.14688915147486106,0.1555,0.16438,0.17240999999999998,0.2393,0.2281271162249006,0.21739,0.20703,0.19672994541979855,0.18647,0.1758,0.16575,0.15633,0.14788,0.13944,0.13261,0.12591,0.12057
21-01-2026 09:40,25195.85,0.12739394063043008,0.12386,0.12034,0.11914,0.11944,0.12178,0.12572,0.13117328716858254,0.13744,0.14442,0.15206,0.16001167001484454,0.1680662740015359,0.17625,0.23126,0.22039,0.20921,0.19894,0.18912,0.17868,0.16825776118519403,0.15788,0.14814,0.13936,0.13038,0.12255,0.11511000000000002,0.1076997006778465
21-01-2026 09:45,25195.8,0.12578330696541073,0.12241,0.11905,0.11758,0.11857537323133113,0.12115,0.12508,0.13066,0.13675873540382946,0.14369,0.15164,0.15968791959721246,0.16779,0.17631,0.23002559966960492,0.21955,0.20885,0.19848803958549188,0.18822,0.17803,0.16792541203673575,0.15791,0.14843,0.1399,0.1314,0.12326,0.11657,0.10994
21-01-2026 09:50,25185.15,0.12236,0.11795,0.11577386181540003,0.11528,0.11642641595774252,0.11966,0.12458840189899327,0.1304,0.13697,0.14439,0.15238,0.16083,0.16916,0.17728999999999998,0.22539,0.21541,0.20434,0.19499,0.18528,0.17565,0.16525,0.15601,0.1469,0.13821396120754692,0.13028,0.12308765682717858,0.11641,0.11009000000000001
21-01-2026 09:55,25177.9,0.11379,0.11152,0.11089593708335359,0.11141,0.11346,0.11718,0.12215,0.1284,0.1359965051076473,0.14394752685721868,0.1521894311310032,0.16066,0.16945,0.17728340779584048,0.22504,0.21521,0.20467,0.19515741223886066,0.18569763510776385,0.17627,0.16686505739873683,0.1575,0.14867,0.14081,0.13336313758952179,0.12667,0.12103,0.11569999999999998
21-01-2026 10:00,25151.55,0.12546,0.12229316719429993,0.12009932889109595,0.11892,0.11961,0.12284,0.12739,0.13308,0.13961,0.14673,0.15487,0.16346,0.17209,0.18049269423048603,0.22193,0.21176,0.20168824122127618,0.19167,0.18148,0.1718,0.16211,0.15239,0.14399,0.13558,0.12784,0.12142,0.11507039227110848,0.10876
21-01-2026 10:05,25168.3,0.11653455446732806,0.11538,0.11423,0.11445,0.11667750651610473,0.1202306552927523,0.12496768968528674,0.13075,0.13746,0.14494,0.15349,0.16138,0.16973,0.17714,0.22286,0.21264,0.20243,0.19279,0.18268,0.17313,0.16324,0.1546,0.1458,0.13816,0.13112,0.12476,0.11912,0.11439
21-01-2026 10:10,25142.55,0.12749,0.12315,0.12023,0.12039,0.12189,0.12482,0.12981573751057404,0.13563,0.14202,0.14983764625905943,0.15767,0.16529,0.17225,0.18029,0.21797,0.20761,0.19766222856613574,0.18776,0.17788,0.16848,0.15916591776646755,0.14989,0.14065,0.13289,0.12515,0.11804,0.11153,0.10527
21-01-2026 10:15,25145.8,0.12333,0.11947,0.1175,0.1175144917851778,0.11928,0.12282,0.12764,0.13377,0.1409,0.14860661465503575,0.15653,0.16493,0.1719,0.17995,0.22032,0.21,0.19992862437006284,0.18993,0.1799953798993059,0.17012,0.16051,0.15135381924330385,0.1427034359133954,0.13445,0.12696,0.1204,0.11402,0.1085
21-01-2026 10:20,25143.35,0.1079,0.10745,0.1083,0.11044,0.11423,0.11941758172190459,0.1254,0.13227,0.14021,0.14801,0.15664,0.16499,0.17225,0.18071,0.22032,0.21089,0.20145,0.19248,0.18309,0.17442,0.16525,0.15763,0.14974,0.14271,0.13565,0.13077,0.12584,0.12254999999999999
21-01-2026 10:25,25100.4,0.12159,0.11908,0.11899,0.1201,0.12283,0.1269291616446001,0.13228,0.13878,0.14571,0.15384,0.1622230900637071,0.17048,0.17831,0.18593,0.21872,0.2089,0.19884,0.18907,0.17952,0.1700063855250842,0.16056,0.15206,0.1438,0.13602,0.12931,0.12317,0.11783373627698789,0.11316
21-01-2026 10:30,25093.35,0.12125372278198984,0.12031,0.11937,0.12075,0.12372,0.1282,0.13354,0.13982054923233378,0.14693,0.15483,0.16325,0.17122438063100384,0.17894163275684638,0.18642,0.21712,0.2065,0.19696,0.18695,0.17740184500374995,0.1679,0.1584,0.14965,0.1415,0.1341240528537847,0.12719830930868428,0.12053,0.11435,0.10948000000000001
21-01-2026 10:35,25094.5,0.11848,0.1171,0.11731,0.11916757578923182,0.12243078118754004,0.12727,0.133255033449052,0.1398358157176073,0.147,0.15472,0.16342,0.17133,0.17914,0.18757,0.2166,0.20606,0.19642,0.18667,0.17674,0.16751,0.15863596253355508,0.15015,0.14241,0.13525,0.12902,0.12337,0.11888,0.11440792419939942
21-01-2026 10:40,25076.8,0.10928543853563966,0.1126,0.11556497151302826,0.11919,0.12378,0.12957,0.13582,0.14283,0.14989,0.15783,0.16683,0.17510733707509454,0.18316,0.19098,0.21921,0.21009,0.20117,0.19196,0.18360220460454338,0.1754,0.16699,0.16,0.15276,0.14706,0.14198265051888934,0.13814,0.13602,0.13435
21-01-2026 10:45,25011.65,0.12991,0.12886,0.12996,0.13271,0.13656,0.1416143190799864,0.1476,0.15431,0.16135,0.16871,0.17751,0.18442,0.19216186847026367,0.199874467046581,0.2134,0.20348,0.19441,0.18465,0.17497,0.1664,0.15781,0.14998,0.14243,0.13560911181196578,0.12961145080073905,0.1243,0.11945,0.11483999999999998
21-01-2026 10:50,25009.05,0.1201,0.12206,0.12558610888088517,0.1298,0.13479,0.14058675492987865,0.14727,0.15478574837075063,0.16232,0.16956,0.17816,0.18631,0.1941282857521538,0.20171999999999998,0.22256,0.21319,0.20412,0.19505790577364499,0.18603,0.17748420942133641,0.16974295384299581,0.16268953250325952,0.15621,0.1511,0.1474,0.14463,0.14192,0.14173
21-01-2026 10:55,24957.3,0.14328,0.1416168371195576,0.14171,0.14384,0.14722,0.1518,0.157,0.16300733591205907,0.16965,0.17684,0.184492131917456,0.19209,0.19924,0.20689,0.22052,0.21072437876438255,0.20088,0.19093,0.18127,0.17207438558384744,0.16314,0.1544,0.14602,0.13843,0.13093815862770064,0.12349999999999998,0.11607991004137491,0.1086894412791817
21-01-2026 11:00,24996.3,0.1347,0.1342965535434269,0.13532,0.13812,0.14231,0.14755,0.15363,0.16007,0.16697,0.17401,0.18197,0.18865,0.19583,0.20379,0.22455,0.21423,0.2040183229272221,0.19389,0.18403,0.17505437528061465,0.16654,0.15824,0.15060352934698412,0.14372,0.13755054299850356,0.13204,0.12724,0.12245916172764289
21-01-2026 11:05,24985.75,0.1363148118676525,0.13763,0.13894,0.14137,0.1458,0.15085,0.1568,0.16288,0.16942,0.17636,0.18417,0.19065,0.19721,0.20514000000000002,0.2196,0.20915,0.19872821968150137,0.18833883300687926,0.17801,0.16867,0.15964798560928553,0.15128,0.14394,0.13636,0.12993,0.12302,0.11732872633772722,0.11276999999999998
21-01-2026 11:10,25017.2,0.13738723296538685,0.13884148483703418,0.14029,0.14093657033550916,0.14317,0.14704,0.15151,0.15699464471270397,0.16355,0.17068648875670805,0.1778,0.18489,0.1916,0.19976999999999998,0.22119,0.21052,0.20085,0.19069,0.18073,0.17053,0.1613,0.15209,0.1432,0.13358,0.12519473790345578,0.11749,0.11042,0.10184999999999998
21-01-2026 11:15,25046.1,0.14397,0.14016,0.13882863605912651,0.13908,0.14103,0.14436,0.14881,0.15391,0.15965,0.16606,0.17377,0.18004,0.18735,0.1947,0.22158,0.21124,0.20104,0.19101,0.18117,0.17146843701672895,0.16191,0.15273,0.14403,0.13539,0.12731,0.12038,0.11276,0.1051704192426331
21-01-2026 11:20,25060.3,0.13169,0.12981,0.1297,0.13102,0.13391,0.13809,0.14326324468517734,0.14952,0.15659875046958227,0.16365604368903983,0.17068,0.17767000000000002,0.18424443862697787,0.19079402109395927,0.22501,0.215486484995938,0.20584,0.19596,0.18562,0.17611,0.16717,0.1585,0.14967,0.14173,0.13515,0.12908,0.12283,0.11697
21-01-2026 11:25,25041.3,0.12924,0.12753,0.12769,0.12964,0.13366,0.13824,0.14359,0.14983,0.15679,0.16395,0.17192,0.1789,0.18698,0.19456,0.22775,0.21815,0.20868,0.19892,0.18899,0.17966,0.17054,0.1622,0.15436200937835287,0.14682,0.1395920981614197,0.13311,0.12778,0.123
21-01-2026 11:30,25041.05,0.13283,0.13058,0.13052956385553802,0.13195,0.13501,0.13941,0.14475418490908207,0.15084,0.15762793035931094,0.16494,0.1728,0.17992,0.18742,0.19481967231099137,0.22611,0.21629723166813825,0.20658884069060418,0.19697849303949805,0.18746,0.17814,0.16906779831981308,0.16022,0.15174,0.1437,0.13617,0.12995,0.12374,0.11760000000000001
21-01-2026 11:35,25049.35,0.13118,0.12936,0.12957,0.13118,0.13391,0.13844,0.14389,0.14995,0.15668,0.1642169987774254,0.17176,0.17910617815956642,0.18645,0.19452999999999998,0.22696,0.21746511564544752,0.20769,0.19761,0.18773,0.17863,0.16983,0.16134,0.15305815139167395,0.14528,0.13856,0.13231,0.12686,0.12162000000000002
21-01-2026 11:40,25042.9,0.13227162376661256,0.13186,0.13145,0.13247,0.13537,0.1397901575908978,0.14483,0.1505,0.15708,0.16411,0.17186,0.17917,0.18658,0.19412,0.22612,0.21626,0.20649,0.19653,0.18629,0.177,0.16772,0.15908,0.15079,0.14328,0.13635363807452197,0.12979,0.12372,0.11767423160141526
21-01-2026 11:45,25045.15,0.13190910949327647,0.13206,0.13138765391546078,0.13236,0.13523,0.13924,0.14427,0.1499,0.15644,0.16362,0.17162,0.1783,0.18635,0.1939,0.22687,0.21664,0.20673,0.19655,0.18659,0.17713,0.16783,0.15919,0.15089924367241825,0.14292,0.13557,0.12887,0.12235000000000001,0.1158560280133816
21-01-2026 11:50,25057.75,0.13374,0.13061,0.12978,0.1313,0.13417,0.13801,0.1433,0.14884,0.15563,0.16264,0.17054,0.17769,0.18521,0.19284999999999997,0.22699,0.217,0.20698889822856914,0.19697471511518785,0.18704,0.17742404039902548,0.16813,0.15925,0.15112,0.14337,0.13526,0.12839,0.12245,0.11627
21-01-2026 11:55,25064.55,0.13047,0.1286,0.12848,0.12994,0.13295,0.13718,0.14238,0.14817,0.15471,0.16176,0.1697,0.17657,0.18406,0.19165999999999997,0.22742,0.21717,0.20723597967072002,0.19738,0.18712,0.17786,0.16849,0.15966,0.15135035671586133,0.14356271175599594,0.13634,0.12976955781606683,0.12378,0.11829
21-01-2026 12:00,25081.9,0.14194,0.13712,0.13497,0.13424,0.135663594724098,0.13853,0.14254,0.14778398564572237,0.15337,0.15944,0.16694,0.17378,0.18123,0.18878,0.225,0.21461,0.2048,0.1945789583261693,0.18429087878267938,0.17414,0.16427,0.15487,0.14552,0.13666653391283834,0.1284839267382393,0.1206,0.11306,0.10483
21-01-2026 12:05,25117.2,0.12873,0.12563,0.12408,0.12487579381812335,0.12718,0.13056,0.1351,0.14051,0.14695,0.15358,0.16063666399415902,0.16809,0.17581,0.18372,0.2282574564577746,0.21847,0.20894,0.1989773889681164,0.18906,0.17998,0.17017,0.16139,0.15266,0.14483,0.13702,0.13023,0.12375,0.11801999999999999
21-01-2026 12:10,25113.35,0.13919,0.13376,0.13116,0.13082,0.13145,0.13404,0.13797,0.14342400094661542,0.14912,0.15502,0.16263,0.16926,0.17671000000000003,0.1838257627642011,0.22408,0.21377,0.20384,0.19380230353452088,0.18377089798836602,0.17402,0.16463,0.15525,0.14665,0.13796,0.12963,0.12258,0.11519571000473688,0.10767000000000002
21-01-2026 12:15,25129.25,0.14212,0.13645,0.13301531304359623,0.13138,0.13217,0.13466446176251645,0.13796,0.14234,0.1479,0.15374,0.16084,0.16697,0.17331,0.18063,0.22605455014906156,0.2158,0.20614,0.19586,0.18557320273482095,0.17534,0.1656,0.15635,0.14722,0.13817,0.13001,0.12186,0.11408,0.10638
21-01-2026 12:20,25163.0,0.13704,0.13153,0.12818754478089892,0.12705,0.12792437022417943,0.130072917842838,0.13361,0.13822,0.14354,0.14955,0.15667,0.16311453053909364,0.16958,0.17663999999999996,0.23038,0.22027,0.21058,0.20048,0.1907167652323674,0.18101,0.17114,0.162,0.15272,0.14432,0.13626,0.1279,0.12033000459094989,0.11349
21-01-2026 12:25,25166.9,0.11646,0.11482,0.11454,0.11565,0.11826,0.12228979038226549,0.12722,0.13303,0.13967,0.14655,0.15443,0.16135,0.16878,0.17608542587098142,0.23888,0.22894,0.21913939099777857,0.20945,0.19993,0.19064,0.18145,0.17271526218003505,0.16459821696147733,0.15690088249775758,0.14943,0.14255,0.13679,0.13199999999999998
21-01-2026 12:30,25153.65,0.14411,0.13760388913786983,0.13294,0.13066,0.13051,0.13202,0.13490595195417737,0.13924,0.14482,0.1501,0.15725,0.16402,0.17046,0.17743,0.23409,0.22385,0.21446,0.20462289949206897,0.19472351748914826,0.18477,0.17467,0.16519,0.15566,0.14664,0.13804,0.12914,0.12071,0.11266999999999999
21-01-2026 12:35,25191.3,0.1472,0.14047,0.13539,0.13212,0.13147757224312398,0.13255,0.13494,0.13883,0.14335,0.14828,0.15471,0.16102,0.16740183047853716,0.17383,0.2341,0.2241,0.2142007513494354,0.20440338380954629,0.19469,0.18542,0.17552,0.16609,0.15689,0.14758,0.13896,0.13075,0.12259,0.11460999999999999
21-01-2026 12:40,25225.6,0.1338612962730407,0.1311,0.12776733036970778,0.12561,0.12506,0.1262,0.12875,0.13261794567875718,0.13711,0.14219,0.14804,0.15492,0.16058,0.16847,0.24091,0.23056,0.22149,0.21174,0.20221,0.19333,0.18365,0.17480480745242954,0.16626,0.15786291996975438,0.14962432423085417,0.14166,0.13429,0.1274
21-01-2026 12:45,25260.15,0.14866,0.14103723051875275,0.13502,0.13106,0.12889,0.12878,0.13048594082879864,0.13345,0.13754,0.14228,0.1476825382711007,0.15331,0.15916,0.16561999999999996,0.24415939886093135,0.23445,0.22483,0.21557,0.20544,0.19649,0.18706184509227247,0.17763,0.16816,0.15944,0.15062,0.14206,0.13387,0.12606
21-01-2026 12:50,25266.0,0.14941534660078215,0.14299,0.13659,0.1329783526768843,0.13062064293268813,0.12986,0.13099,0.13379,0.1377,0.1423,0.14736,0.15339,0.15914,0.16617,0.24765760504928452,0.23813,0.22897,0.2193733824798174,0.2098,0.20057,0.19091,0.182,0.17238,0.16351,0.15473,0.14632,0.13756,0.12958000000000003
21-01-2026 12:55,25281.8,0.13917,0.13252245489702208,0.12792622932739234,0.12593,0.12572304935815506,0.1262552024215936,0.12770290522845174,0.1302384361363028,0.13403,0.13891,0.14462,0.15084,0.15753,0.16369061643769758,0.25027,0.24056,0.23144,0.22236,0.2125,0.20318,0.19394,0.18479,0.17522,0.16673,0.15789,0.14926,0.14108,0.13374999999999998
21-01-2026 13:00,25281.3,0.13807,0.13319,0.12776,0.12551,0.12366,0.12413,0.12643,0.12955,0.13415,0.1394177334372503,0.14535,0.15225,0.1586,0.16593999999999998,0.25099,0.2412,0.23143,0.22218,0.21278,0.20316,0.19335,0.18437,0.17542384704927655,0.16651385905195776,0.15764,0.14886,0.14094,0.13318000000000002
21-01-2026 13:05,25288.85,0.12164,0.11875,0.11667,0.11569,0.11612342593450754,0.11798,0.1212,0.12532,0.13069,0.13647,0.14268,0.14947462364108244,0.1567326869877247,0.16431,0.25213495578129724,0.24260758771150295,0.23312,0.22400434468845068,0.21469,0.20515,0.19551,0.18666,0.17799,0.1693,0.16109,0.15329,0.14588,0.13943
21-01-2026 13:10,25221.5,0.14555,0.13388,0.13292,0.12941,0.12723,0.12818,0.13052417075517556,0.13326,0.13677,0.14244,0.14923915338782104,0.15601,0.16247,0.17012,0.24334,0.23292,0.22424,0.21525,0.20452,0.19612,0.18546,0.17645,0.16852,0.15804,0.14967,0.14177,0.13249,0.12413
21-01-2026 13:15,25225.05,0.1338,0.12896,0.1255149248943077,0.12326,0.1228,0.12402,0.12672366384155523,0.13065,0.13568,0.14121,0.14793,0.15501,0.16172,0.16931,0.24435,0.23512,0.22589,0.21678,0.20749,0.19819,0.1890659050439283,0.18004,0.1711,0.1628,0.15452,0.14636,0.13888,0.13236
21-01-2026 13:20,25225.7,0.12872,0.12486,0.12231426862990702,0.12081,0.12085,0.12246,0.12556,0.12964,0.13486,0.14077,0.14769979444027873,0.15468,0.16132,0.16885,0.24682626952619266,0.2373032536700181,0.22782,0.21895,0.20902,0.19978,0.19047,0.18129,0.17257782250654996,0.16424,0.15606071382998826,0.14833,0.14156,0.13545000000000001
21-01-2026 13:25,25205.25,0.13318295052883683,0.1299,0.12663,0.12487,0.12494,0.12643187888689908,0.1291,0.13326,0.1384848227085183,0.14405,0.15016,0.1572303423983666,0.16463,0.17223,0.24316,0.2337,0.22373,0.21445,0.20474064143921109,0.19491758871292147,0.18538,0.17635,0.16764,0.15913,0.1512,0.14387203369570328,0.13696774840450857,0.1304
21-01-2026 13:30,25215.7,0.1127334739221504,0.1132878303691375,0.11384,0.11439,0.11611,0.11898,0.1229784122016161,0.12793,0.13384,0.14041,0.14758807320926673,0.15501574828824322,0.16265,0.17058999999999996,0.24707,0.23815,0.2286705123746039,0.21911,0.20948,0.20028,0.19119747979458174,0.18238,0.17411,0.16604,0.15871,0.15219,0.14655,0.14146
21-01-2026 13:35,25182.35,0.14827,0.13934,0.13698,0.1338,0.13289,0.13224,0.1339374800395256,0.1378,0.1423,0.14773,0.15379,0.1603837624164766,0.16719,0.17421,0.2372056900301667,0.22763,0.21828071989193207,0.20869,0.1986,0.18997,0.18004,0.17157,0.16251,0.1536434981664716,0.14496547842370264,0.13646,0.12972,0.12058
21-01-2026 13:40,25193.1,0.13324,0.1286566668701147,0.1257,0.12472,0.12518,0.12695,0.1298240180673076,0.13381,0.13901,0.14486,0.15134772139892358,0.1581,0.16516,0.17297,0.24104,0.23161,0.22252,0.21314,0.20345,0.19387,0.18456,0.17598,0.16746088533738293,0.15902,0.1511607049819125,0.14393,0.13706,0.13074999999999998
21-01-2026 13:45,25192.95,0.13211,0.12832,0.12563704498279582,0.12411,0.12448,0.12634,0.12935,0.13351082601297995,0.13859,0.14451,0.15095,0.15785,0.16523,0.17348,0.24175,0.23225,0.22274,0.21318,0.20349,0.19378,0.18417,0.17565,0.16677,0.15838,0.15064478196090456,0.14335,0.13649,0.13029
21-01-2026 13:50,25179.95,0.12507,0.1225,0.12106,0.12096,0.12254,0.12493,0.12858,0.13335,0.13902,0.14529460780579964,0.15218,0.15955,0.16688,0.17420000000000002,0.2418,0.23224,0.22298,0.21312,0.20354,0.19431,0.18498,0.1767,0.16826,0.1603,0.15311,0.14644,0.14051000000000002,0.13460367271769216
21-01-2026 13:55,25164.25,0.12508,0.1227,0.12142,0.12184218707547265,0.12362,0.12625969609199908,0.12986,0.13471,0.14081,0.14683,0.15375,0.16127,0.16886,0.17614000000000002,0.24014,0.23066,0.2216,0.21187,0.20207,0.1925601533361085,0.18347842107584905,0.17487,0.16677,0.15894,0.15212,0.14506,0.13935,0.13429
21-01-2026 14:00,25141.15,0.13142891091433753,0.12917,0.12692,0.12689,0.12849,0.1309,0.13466,0.13925,0.14488,0.15069,0.15765,0.16457,0.17215,0.17942,0.2337835880627014,0.2242,0.21511,0.2058,0.1960702810456336,0.18634,0.17715,0.16852,0.16039364327034814,0.15275,0.14567,0.139,0.13281428079625512,0.12700999999999998
21-01-2026 14:05,25151.55,0.12298,0.12147,0.12024477763557649,0.11955,0.12101,0.12406,0.12791,0.13284,0.13906,0.1456338057022436,0.15267,0.1606,0.16894,0.17630012834001946,0.23437,0.22453,0.21563,0.20635,0.19667,0.18761,0.17836,0.16961008052422072,0.16148,0.15407,0.14726,0.14125,0.1359312966233714,0.1311
21-01-2026 14:10,25141.05,0.12192344555354376,0.12105,0.12018,0.12055,0.12248,0.12586,0.12964,0.13475,0.14066996464658632,0.14735,0.15495,0.16301000000000002,0.16996372970149362,0.17689116924684817,0.23095,0.2211,0.21162743766275868,0.20225404365964178,0.19295,0.18376,0.17490500845438742,0.1664226965965778,0.15815,0.15046,0.14392,0.1377,0.1323306696167265,0.12778
21-01-2026 14:15,25139.05,0.14051,0.13525,0.13143204311275183,0.12945,0.12981,0.13115,0.13382295365088034,0.13773,0.14279,0.14824676727063857,0.15467,0.16227,0.16974,0.17697,0.22544,0.21577,0.20643,0.19658,0.18674,0.17739,0.16786,0.15897,0.15036,0.14221330576265595,0.13421,0.12632,0.11937,0.11216
21-01-2026 14:20,25178.3,0.1113692475227893,0.11156,0.11175,0.11306,0.1158821368346842,0.11962,0.12405,0.12924,0.13577,0.14205514046660855,0.14905,0.15704,0.16499999999999998,0.17221786533048417,0.23348,0.22449,0.21531720051068706,0.20603,0.1965,0.1871438126272126,0.17844,0.17048,0.16261,0.1555267156474296,0.14925,0.14362,0.13928,0.13574
21-01-2026 14:25,25144.75,0.11203,0.11192,0.1129,0.11453,0.11751,0.12133,0.12644,0.13201,0.13842,0.14552,0.15314,0.16094,0.16956,0.17749109888107314,0.22976,0.22088086006352778,0.21204,0.20324,0.19409,0.18498,0.17631,0.16855,0.16094,0.154,0.14805657311856593,0.14296610682316668,0.13846,0.13332141287229304
21-01-2026 14:30,25130.1,0.1325145946831911,0.13127485208356532,0.13004,0.12881,0.12961,0.13109,0.13442,0.13863,0.14401,0.14972,0.15656,0.16369236612263463,0.17098,0.17869,0.22543,0.21582,0.20649,0.19662,0.18686,0.17739,0.16792,0.1587602787466673,0.15008051132578462,0.1418,0.133975890508731,0.12673,0.11991,0.11289
21-01-2026 14:35,25146.5,0.12798807922899924,0.12594,0.1239,0.12393,0.12532,0.12787,0.13141179668804176,0.13605,0.1419,0.14820302893905485,0.15477,0.16188,0.16945,0.17727000000000004,0.22669,0.21725,0.20771,0.19788,0.18805492035716476,0.17837,0.16959,0.1609,0.1526,0.1449453497040782,0.13789795083739395,0.13126,0.12538,0.11952347311636255
21-01-2026 14:40,25152.35,0.11898532651913196,0.11893,0.11827949790406848,0.11882,0.12084,0.12401,0.12816691906460628,0.13315,0.13905,0.14561,0.1526109214396328,0.16013,0.16837,0.17614999999999997,0.22728,0.21766,0.20845249816013095,0.1993,0.19006820144757874,0.18086,0.17211,0.16395508481261212,0.15637554665459205,0.14938835418865648,0.14301,0.13732,0.13209,0.1268808782990776
21-01-2026 14:45,25149.7,0.12554,0.12304,0.12187347562499534,0.12183,0.1233,0.126,0.12989,0.13478431077637884,0.14041,0.14659152738536554,0.15357,0.16122,0.16874,0.17748000000000003,0.22466,0.21461,0.20589,0.19637,0.187,0.17806,0.16955,0.16159860268130594,0.15405,0.14697,0.14065,0.1347,0.12959,0.12473999999999999
21-01-2026 14:50,25153.5,0.1159624504108191,0.11708343622854725,0.1182,0.11882553499051611,0.12042,0.12336,0.12719696700246405,0.13215,0.13819,0.14432,0.15163,0.1592326344561932,0.16705,0.17562,0.22362,0.21425362766835232,0.20483,0.19536,0.18592,0.17725,0.16877,0.16103,0.15363,0.14652,0.1403,0.13481259813011154,0.12976,0.12525
21-01-2026 14:55,25147.1,0.12119,0.12009584548037261,0.1192,0.11878,0.12095,0.12378947190027698,0.12738,0.13253,0.13854,0.14522379808557642,0.1525,0.16021,0.16788,0.17644,0.226,0.21577,0.20664,0.19663,0.1871202900600065,0.17788,0.16911,0.16108,0.1528,0.146,0.13932,0.1337,0.12836,0.12385
21-01-2026 15:00,25160.2,0.1295308834491188,0.12775694281876004,0.12599,0.12423,0.12435664285660526,0.12612,0.1293,0.13273,0.13886,0.14424,0.15146,0.15934,0.16715536332326345,0.17493,0.22462,0.21478451284349473,0.20482,0.19460749561594193,0.18445,0.17483,0.16566,0.15675561933516202,0.1482,0.1406,0.13369346348605193,0.1271,0.1207852417020065,0.11472
21-01-2026 15:05,25171.7,0.11706,0.11539,0.1148,0.11552,0.11721,0.12017,0.1241,0.12894,0.13536,0.14201,0.1499687782189553,0.15794,0.16584,0.17458,0.22647,0.21712,0.20732,0.19776,0.18797,0.1788065502120596,0.17025,0.16227,0.15494,0.14792,0.14197,0.13652,0.13194,0.12737828348179261
21-01-2026 15:10,25159.7,0.11404,0.11283,0.11313,0.11384,0.11659,0.1207904262634115,0.12549672692216732,0.1306769931293451,0.1363,0.14291,0.15131,0.1595,0.16734999999999997,0.17543948056526396,0.22813,0.21813,0.20858,0.19826,0.18875,0.1795960261954319,0.17086,0.16277146108177046,0.15538412774388138,0.14858,0.14238,0.13678,0.1328,0.12917
21-01-2026 15:15,25148.5,0.11673893209635186,0.11682964496949522,0.11692,0.11701,0.11887607626302069,0.12166652323004652,0.12587,0.13125464617174162,0.13709,0.14341,0.1520694165214534,0.16095,0.16919,0.17746,0.22618,0.21597,0.20606,0.19582,0.1861982458030862,0.17711535971667322,0.16852,0.16038,0.1526,0.14546,0.1392986149305158,0.13388988534549548,0.12898,0.12484
21-01-2026 15:20,25154.25,0.11111,0.11098,0.11127686860016954,0.1123,0.11467208671534904,0.1183,0.12263,0.12762,0.13529,0.14189,0.15119,0.15955,0.16812,0.17634,0.22325907846616094,0.21398,0.20528,0.19525,0.18665,0.17793,0.16939,0.16151,0.15378,0.14632,0.140053816940052,0.13498,0.1309,0.12683628746849646
21-01-2026 15:25,25150.7,0.12111,0.11857,0.11712,0.11677,0.1183,0.12103,0.12473,0.12919,0.13625,0.14187,0.1503009348266822,0.15893,0.16642,0.17481000000000002,0.2215458116410343,0.21134,0.20163,0.19141,0.1811251089137565,0.17105,0.16232,0.15355302757436867,0.14483,0.13698,0.1300652146496519,0.12394,0.11898,0.11403980045189767
22-01-2026 09:15,25332.45,0.10473,0.10445380744252099,0.10454,0.10521,0.10684,0.10947,0.11372,0.11836,0.12544,0.13242,0.14014,0.14997,0.15905,0.16872999999999996,0.24678122734471641,0.23565,0.22513,0.21365,0.20268,0.19258,0.1816,0.17114,0.16105,0.15211,0.14424,0.13698,0.13113,0.12530335335556478
22-01-2026 09:20,25329.3,0.11444732675178858,0.11259,0.11074,0.10979,0.11021,0.11218,0.11591,0.12018,0.12695,0.13378,0.14197,0.15065387610686418,0.15953,0.16876,0.24508,0.23366731929555876,0.22223906119820702,0.21083,0.19932,0.1883861742715076,0.17772,0.16712068507942265,0.15679,0.14767,0.1389482483808796,0.13125,0.1246,0.11798000000000002
22-01-2026 09:25,25334.05,0.14505693076333043,0.13823,0.13143,0.12675495767863415,0.12345195385937623,0.12234,0.12374,0.12643,0.13155,0.13711,0.1443741799445979,0.15203,0.1597,0.16864000000000004,0.24449,0.23292,0.22276,0.21093,0.19921,0.18794,0.17635,0.16546,0.15452,0.14417561829077602,0.13472,0.12604,0.11775626654096184,0.10968
22-01-2026 09:30,25400.35,0.1313,0.12552,0.11846,0.11572329688331884,0.11534,0.11588,0.11868104283466747,0.12335,0.12930670685573192,0.13597,0.14327,0.15102506995725998,0.1591,0.1679,0.29877,0.28957,0.27803,0.26802,0.25667,0.24469,0.23145,0.21741,0.20235083588591787,0.18732,0.17307885785817675,0.15924603388743505,0.14581999999999998,0.13209726088804113
22-01-2026 09:35,25415.7,0.12572,0.1196,0.11492,0.11249,0.11221,0.11558,0.12023,0.12671,0.13404,0.14122,0.14855,0.15675,0.16402,0.17148,0.30317,0.29661,0.28651,0.2786195726989897,0.26983,0.25848,0.24745,0.23456,0.22072,0.20666,0.19281,0.17783,0.16503,0.1509
22-01-2026 09:40,25405.7,0.12722,0.12223,0.11794,0.11543,0.11462,0.1168,0.12063,0.12524,0.1314062327509269,0.13851,0.1460842255254811,0.15358,0.16068,0.16828,0.29928,0.2891,0.27712,0.2666578163137455,0.25601,0.24365,0.23047,0.2175857179841447,0.20472,0.19126,0.17853,0.16576,0.15406,0.14212
22-01-2026 09:45,25400.1,0.15452,0.14307,0.13348,0.12744,0.12418,0.12365,0.12604,0.12986,0.13537,0.14087,0.14796,0.15554,0.16312,0.1704,0.29,0.2783809517514564,0.26748,0.25775,0.2460929360957314,0.2343,0.22245,0.20936,0.19737,0.18456,0.17194,0.15918,0.14702,0.13419000000000003
22-01-2026 09:50,25430.85,0.10962,0.10808,0.10618,0.10596,0.10695116137562982,0.10993,0.1147874970855711,0.12024833110025522,0.12606,0.13221,0.13989,0.1473701229855594,0.15476,0.16194078057817812,0.2845,0.2734079887575085,0.26278,0.25295218950026443,0.24304,0.23201,0.22049,0.20827,0.19722,0.1857,0.17472,0.16414490621838781,0.15380591793367437,0.14369000000000004
22-01-2026 09:55,25385.65,0.13606459412357141,0.12983,0.12362,0.12058692826048213,0.11901,0.11909,0.12178,0.12571,0.13161,0.13658,0.14401,0.15158,0.15875,0.16661000000000004,0.2655,0.25452,0.24299,0.23352,0.22257,0.21122,0.19957,0.18796,0.17596,0.16500331515189431,0.1546168007250398,0.1446107628735845,0.1348,0.12521
22-01-2026 10:00,25404.05,0.10776,0.10582,0.10445923817216099,0.10378,0.10436328671366808,0.10659,0.11024,0.11494,0.12111,0.12795103717406647,0.13519,0.14291,0.15032000000000004,0.15755678974329734,0.26132,0.24963,0.23888,0.22953,0.21949244824323955,0.20862,0.19673,0.18526,0.17367,0.16359590452428363,0.15416,0.14472,0.13716,0.12963017972103758
22-01-2026 10:05,25387.2,0.11719,0.11299,0.11008423193698212,0.10822,0.10842,0.11031647972142074,0.11319050986422591,0.11733,0.12315,0.13018925445160864,0.13748,0.14503,0.15269790198982885,0.16041,0.26225,0.25061,0.23979,0.22998,0.21877,0.20853,0.19724,0.18537019321485668,0.17356,0.16269,0.1527671665305758,0.14351,0.1348134027163162,0.12668999999999997
22-01-2026 10:10,25366.75,0.13658,0.1271715016842192,0.12072,0.11683807625951559,0.11568,0.11694,0.11915,0.12345,0.12918,0.13488,0.14145971437540483,0.1491025189732081,0.15688,0.16445,0.2578024769772378,0.24688,0.23518,0.22525,0.2146202985327379,0.2038268808076847,0.19267,0.1811628169784959,0.16968,0.15848,0.1480957615473671,0.13837,0.12908,0.12057
22-01-2026 10:15,25384.2,0.09766,0.0969947342600986,0.09719498545649091,0.09906,0.10208,0.10502,0.10997,0.11552,0.12304,0.12969,0.13847,0.14584,0.1535,0.16136,0.25894,0.24750409841216492,0.23735,0.22862,0.21919,0.20863,0.19794273658404124,0.18719,0.17595,0.16545,0.15665,0.14742,0.13940937349012367,0.13255000000000003
22-01-2026 10:20,25330.55,0.13469,0.12744,0.12268885738139965,0.11907969569347603,0.11715387826121952,0.11744,0.12075,0.1259987553014707,0.13132,0.13681,0.14468,0.15186,0.15964,0.16747,0.24705,0.23563,0.22551876540031604,0.21547,0.20534,0.19424,0.18383,0.17305,0.16197,0.15146,0.14198,0.13311,0.12427555119757931,0.11547636974970595
22-01-2026 10:25,25335.0,0.09628,0.09735,0.09889,0.10032,0.10334,0.10665,0.11183,0.11862597406146172,0.12565,0.1329,0.14153,0.14931277301363596,0.15712,0.16553000000000004,0.24,0.22970039035586573,0.21945583113988257,0.20926,0.199126197372934,0.18905,0.17911,0.16988,0.1606,0.15157,0.1443,0.13825,0.13302,0.12781087829907756
22-01-2026 10:30,25273.25,0.13945,0.13166,0.12574,0.12204,0.12132,0.12241,0.12505231971857067,0.12998,0.137,0.14432044170663938,0.15175,0.15956,0.16779,0.17688,0.23624,0.22619,0.21609,0.20399,0.19332,0.18305103582898485,0.17284,0.16271,0.1521,0.14205,0.13349,0.12467,0.1169,0.10937
22-01-2026 10:35,25312.45,0.09586316580569075,0.09871667084325803,0.10155891942144486,0.10439,0.10721,0.11117,0.11617195557464306,0.12258,0.13031,0.13765,0.14618,0.15453,0.16222,0.17138000000000003,0.23916,0.22825,0.21796,0.20729,0.1962,0.18687,0.17646,0.16749,0.15827,0.14937,0.14221,0.13534,0.12966999999999998,0.12402263479077805
22-01-2026 10:40,25290.35,0.12122,0.11683,0.11428,0.11369,0.11429,0.117,0.12151106880752527,0.1268852248217898,0.1332676255404763,0.1408,0.14941,0.15731,0.16522,0.17430999999999996,0.23637,0.22582,0.21577,0.20398,0.19285,0.182365187240419,0.17255,0.16337,0.153807473542385,0.1446,0.13703,0.1298,0.1232699579745184,0.11738
22-01-2026 10:45,25288.95,0.1135,0.11212,0.11146487867764783,0.11156050473493631,0.11267,0.1156440057455293,0.12097,0.12746803180949454,0.13415,0.14106,0.14966,0.15787999999999996,0.16579784779305906,0.17368576036233122,0.23673,0.22718867135875054,0.21672,0.20513,0.1944,0.18474,0.17462,0.16521,0.15611,0.14677,0.1396,0.13244,0.12607984671785596,0.12065
22-01-2026 10:50,25270.45,0.11997,0.11655445222418859,0.11448,0.11425,0.11599,0.11937043560231216,0.12413,0.12992894579151007,0.13650518467199402,0.1441,0.15263,0.16048443225329792,0.16839,0.17794,0.23618,0.22589466413188458,0.21531,0.20447,0.1937,0.18389,0.1742136933261294,0.16463285173719674,0.15517827403346585,0.14588,0.13804,0.1311189169748487,0.12461372015592276,0.11856
22-01-2026 10:55,25267.3,0.0946,0.09808,0.10061,0.10451,0.10876,0.11403,0.12045,0.1276471553844336,0.13522,0.14329,0.15206,0.16066,0.16887,0.17887,0.23925,0.22912,0.21911468461020883,0.20926,0.1996422335933038,0.19022,0.18099,0.17219,0.1636204060832507,0.15599,0.14955,0.1433,0.13964,0.13686999999999996
22-01-2026 11:00,25234.85,0.1185,0.11694,0.11547,0.11648,0.11914,0.12277,0.12787,0.13398,0.14143,0.14793,0.15618,0.16387119540602696,0.1716,0.18130000000000002,0.23335,0.22333,0.21319,0.20304,0.19266,0.18352,0.17424623239459763,0.16501,0.15589,0.148,0.1404128087877426,0.13366,0.12873,0.12323
22-01-2026 11:05,25223.35,0.12387,0.12094,0.11987,0.12061728494705015,0.1225776021731617,0.12569,0.13042,0.13690035558007904,0.14347,0.15015,0.15797015810597756,0.16614,0.17361,0.18285000000000004,0.23148,0.22185,0.21166,0.20118,0.19055,0.18182,0.17225,0.16327773681348093,0.15447,0.14595,0.13869379499482506,0.1321,0.12579,0.12123
22-01-2026 11:10,25234.6,0.11783,0.11612,0.11575561668094819,0.11679,0.11961,0.12341,0.1281645659412359,0.1344,0.14175,0.1490427524193974,0.15632,0.16431,0.17175,0.18097,0.23379365147108863,0.22345,0.21361,0.20313,0.19275,0.1836344190954049,0.1751,0.16645,0.1583553149020209,0.15087220245662622,0.14371,0.13697,0.1302570141005285,0.12357082661928107
22-01-2026 11:15,25230.3,0.11734,0.11619,0.11596,0.11705,0.1199169929963038,0.12398,0.1286224478576712,0.13488,0.14284,0.15051931478844582,0.15814831589746997,0.16565,0.17259500973793646,0.17951376228753826,0.23256,0.22288579826820296,0.21276,0.20203,0.19194,0.18243366199474567,0.1733,0.16454,0.15615,0.14857,0.14203,0.13552,0.13174,0.1269
22-01-2026 11:20,25224.65,0.137,0.13082,0.12749,0.12654,0.1274110479573089,0.12968,0.13375,0.13931202581148866,0.1452,0.15148,0.1587,0.16648,0.17362,0.18287,0.22973,0.2194076115077799,0.20875,0.19782,0.18693,0.17738,0.16773,0.15831,0.14919,0.14064001406573123,0.13286115133717175,0.12592,0.11974,0.11326
22-01-2026 11:25,25274.25,0.11029,0.1095,0.11047,0.1123,0.11503,0.11882,0.1246400855142345,0.13085603947675814,0.1372,0.14366,0.15165,0.1597,0.16749,0.17538384006232494,0.2356091583751597,0.22572160241202044,0.21587533072759915,0.20607,0.19547,0.18598,0.17682,0.16783448337956441,0.15915248238989863,0.15095,0.1442,0.13826,0.13343,0.13062
22-01-2026 11:30,25237.65,0.12721,0.12374,0.12201,0.12194,0.12356,0.12649,0.13072043718971446,0.13617,0.14258323206075194,0.14986,0.15778,0.16548,0.17365,0.18226,0.2316,0.22112,0.21067,0.20008,0.18997,0.17988719938465142,0.16987,0.16085,0.15191,0.1438,0.13708,0.13062,0.1252,0.12043999999999999
22-01-2026 11:35,25252.75,0.11588,0.11479,0.11479,0.11619364294969296,0.11857,0.12203,0.12717,0.1333965857914499,0.1402,0.14765,0.15566,0.16411,0.17208,0.18127000000000001,0.23498,0.22361,0.2135,0.20258,0.19243978032378037,0.18266,0.17321,0.16413,0.15533,0.14776,0.14132,0.13517,0.13073,0.12644000000000002
22-01-2026 11:40,25230.6,0.10919306928884882,0.11095,0.1127,0.11542,0.11893,0.12346,0.12878,0.13507,0.14286,0.15035,0.1589,0.16720619391770497,0.17552,0.18424,0.23382,0.22297,0.21283,0.20268,0.19268332833673904,0.18294,0.1738,0.16513,0.15713,0.15022218726283967,0.14431,0.13938,0.1355,0.13284
22-01-2026 11:45,25200.8,0.13034,0.12707,0.12579,0.12618,0.12794,0.13121,0.13519,0.14066,0.14796,0.15439,0.16295,0.17075,0.17877,0.1868029087639923,0.22867,0.21828640070142674,0.20777,0.19708,0.18627,0.17701,0.16773381313814337,0.1585,0.14969,0.14189,0.13525,0.12864,0.12315522471504431,0.11899999999999998
22-01-2026 11:50,25218.4,0.11772897029434322,0.11799,0.11825,0.12004,0.12293,0.1268110296118039,0.13162,0.13778,0.14525,0.15228,0.16001150551111995,0.16813361059483076,0.17647,0.18503,0.23193,0.22182,0.21127,0.20134,0.1911,0.18159,0.17246,0.16367248393674227,0.15526,0.14788,0.141401952662188,0.1358,0.13142,0.12799
22-01-2026 11:55,25201.6,0.12001,0.11932,0.11974,0.12163,0.12481,0.12881,0.13424,0.14034,0.1483,0.15507,0.16351,0.17177,0.1796,0.1887,0.23017,0.2196,0.2095298806760727,0.19954,0.18937,0.18024,0.17079,0.16267,0.15446,0.14755,0.14166,0.1361,0.13178265614868498,0.12873
22-01-2026 12:00,25184.35,0.13758,0.13244,0.12988,0.13034,0.13230739373902942,0.13505423703135996,0.13886,0.14457,0.15216,0.15980242431070985,0.16743,0.17523,0.1835650680623253,0.19241,0.22791431505270326,0.21731,0.20632,0.19602,0.18569,0.1756005905898233,0.16609,0.1571,0.14822,0.14008,0.13273,0.12559,0.12063,0.11536
22-01-2026 12:05,25218.75,0.13087,0.12668,0.12499,0.12484,0.1267090901561346,0.12989623380525614,0.1341,0.13956,0.14640557310281774,0.15396,0.16225,0.17002215874764035,0.17781,0.18703,0.2305,0.21984,0.20922,0.19904,0.18865,0.17877711057543866,0.16943,0.16058,0.15135,0.14328,0.13606,0.12929,0.12342,0.11846
22-01-2026 12:10,25226.35,0.12834,0.12438,0.12308,0.12368473506675516,0.1255,0.12883,0.13314602714754945,0.1386,0.14562,0.15329839672108594,0.16094,0.16851,0.17645,0.18564,0.23027,0.21899,0.20850806084328474,0.1981,0.18752,0.17778,0.16817,0.15893952469306707,0.15021,0.14225,0.13511,0.12849,0.12273,0.11839
22-01-2026 12:15,25221.55,0.13087,0.12662,0.12485,0.12467,0.12612,0.12894,0.13336,0.13905,0.14608,0.15370536750861583,0.16142,0.16924000000000003,0.17673979369529447,0.18421123271536716,0.22853730569199315,0.21801,0.2074257662171685,0.19688,0.18636,0.17645,0.16673,0.15745081885492343,0.14855,0.1402,0.13314,0.12629,0.12024,0.11566
22-01-2026 12:20,25272.95,0.10777,0.10918,0.11013,0.11252,0.11574,0.11971,0.12478,0.1311132898695203,0.1381691887532976,0.14593,0.15429,0.16213,0.17068,0.17882676195214384,0.23702,0.22579,0.21552,0.20511,0.19413,0.18511,0.17556,0.16716,0.15828,0.15104,0.1449259678740216,0.13947957656328897,0.13467,0.13124999999999998
22-01-2026 12:25,25240.05,0.13081,0.12537158755933597,0.12305,0.12343,0.12401,0.12723,0.13101,0.13657,0.14324,0.15053,0.15886,0.16678,0.17518,0.18403,0.2314,0.22076449174309007,0.21001,0.19899,0.18878478309456603,0.17866,0.16859,0.15934,0.15022,0.14214211340665647,0.13510535278934938,0.12828,0.12165,0.11719000000000002
22-01-2026 12:30,25251.1,0.13184,0.12588,0.12274,0.12196,0.12266,0.12544061095797063,0.12953277580933742,0.13477515550545147,0.14101,0.14825,0.1565,0.16431,0.17259967047933347,0.18125999999999998,0.23153,0.22096,0.20977,0.19965,0.18939761239997985,0.1792,0.16933960331586412,0.15987933974818738,0.15072,0.14231,0.1349,0.12783,0.12144,0.1150755090499248
22-01-2026 12:35,25259.05,0.11375,0.11285,0.11296,0.11425,0.11663,0.12023,0.12509,0.1311,0.13856,0.14662382416794217,0.15486,0.16329667118489122,0.17196,0.1812,0.23356011347636912,0.22293,0.21239,0.2021,0.19122,0.18161,0.1721672114570627,0.16285,0.15423,0.14655,0.14013,0.13408,0.12891,0.12525
22-01-2026 12:40,25236.55,0.12143,0.11888,0.11785,0.11858,0.12061,0.12433,0.1288,0.1348,0.14199,0.14964,0.1575116266073728,0.16577,0.17465,0.18377,0.23071,0.21957,0.20866,0.1978832945756055,0.18749,0.17785,0.16802,0.15876,0.15014,0.14232,0.1357,0.12925,0.12412,0.11937
22-01-2026 12:45,25253.05,0.1141618217869312,0.1137,0.11324,0.11404,0.11663,0.12055206176511461,0.12549886192446705,0.13136,0.138035995105909,0.14545336192348948,0.15354366794931446,0.1622399671264185,0.17147676755840283,0.18119,0.23296,0.22186,0.21098,0.1998,0.18881,0.17943,0.16946,0.16021,0.15147,0.1433332783698542,0.1361,0.12997235534208038,0.12471,0.12010999999999998
22-01-2026 12:50,25254.0,0.10616,0.10634,0.10745,0.11055,0.11341,0.11806,0.12397,0.1311867534727494,0.13861,0.14621,0.1544006264578412,0.16321157545062356,0.17242,0.18250999999999998,0.23222,0.22122,0.21044,0.19967,0.1891549828302755,0.17907950080345167,0.16946,0.16058,0.15221,0.14482,0.13801,0.13232129361949949,0.1278,0.12495999999999999
22-01-2026 12:55,25215.15,0.11693,0.11559,0.11562,0.11762,0.12057,0.12475,0.13009,0.13645,0.14476,0.1529291765116253,0.16112,0.16993,0.17898720554771416,0.18815999999999997,0.22672,0.21609,0.20483,0.1943,0.1832,0.17413,0.16463574115560697,0.15541,0.14757,0.14025,0.13412,0.12866,0.12398,0.11931868268445198
22-01-2026 13:00,25215.7,0.12028,0.11817,0.11746,0.11863,0.12125,0.12514426908060977,0.13016,0.13671,0.14473,0.15251,0.16138,0.17026,0.17891,0.18906,0.2264,0.2154,0.20441338652862343,0.19346,0.1825,0.17286,0.1630741881404656,0.15348,0.14544,0.1378,0.13144,0.12563343956385511,0.1203,0.11621000000000001
22-01-2026 13:05,25210.35,0.11631,0.11537523117022394,0.11549474535156325,0.11698,0.12032,0.12491825980578038,0.13022,0.13689,0.14524,0.15312,0.16221,0.17072,0.1797,0.19028,0.22641245035098886,0.21559,0.20467,0.19339537437050347,0.18263,0.17306,0.16327217587738416,0.15394,0.1462,0.13844,0.13297,0.12712,0.12267854563778684,0.11964
22-01-2026 13:10,25206.6,0.11138,0.1111361774673989,0.11223,0.11457128825268266,0.11804,0.12279,0.12887,0.13615,0.14408794647473935,0.15277,0.16252,0.17164,0.18067,0.1898819799931884,0.22767,0.21638,0.20602,0.19486,0.18421657017622275,0.17393,0.16423,0.15523,0.14719,0.13983,0.13354,0.12783,0.12334,0.12059
22-01-2026 13:15,25186.75,0.12676025745250383,0.12416,0.12157,0.12197,0.12389697538615645,0.12712,0.13228,0.13881,0.14705,0.15477,0.16365,0.17236,0.18179,0.19077,0.22374,0.21337,0.20264,0.19149,0.18109114217856442,0.17076,0.16041,0.15123,0.1426794034400737,0.13453814705791922,0.12696,0.1203,0.11439,0.10863000000000002
22-01-2026 13:20,25195.0,0.1184829307007154,0.11774,0.117,0.11837788626452254,0.12077,0.12443,0.13025,0.13702,0.14521,0.15385357074537578,0.16253,0.17128,0.18032,0.19023000000000004,0.22537,0.21460109781894138,0.20384,0.19303,0.18168,0.17161,0.16195,0.1531,0.14463,0.13705224115351725,0.13042,0.12447860360999334,0.11923,0.11484
22-01-2026 13:25,25194.95,0.11545,0.11404,0.11425,0.11633,0.11942,0.12361,0.12936699480569674,0.13692,0.14568,0.15458260642536809,0.16349,0.17249193324107398,0.18163,0.19123,0.22589,0.21543,0.20496,0.19431,0.18359,0.17389,0.16421,0.15583,0.14765,0.14,0.13434,0.12943271962104919,0.12491999999999999,0.12023822254598325
22-01-2026 13:30,25171.75,0.1432,0.13615,0.1311,0.12962,0.13031,0.13214,0.13688531272103466,0.14310160247448755,0.14993,0.15715,0.16596,0.17461,0.184,0.19342,0.22148023848950263,0.21074,0.19935086436395574,0.1883383452579645,0.17787,0.16798,0.15783,0.14782,0.13819176129906666,0.12957,0.1217,0.11384,0.10646,0.09910946115625116
22-01-2026 13:35,25225.85,0.10471,0.1056961854112318,0.10754,0.11021264791423963,0.11402,0.11909280444669673,0.12522,0.13245,0.14118787859273554,0.1499147410310911,0.15859,0.1672,0.17612698328250415,0.18541,0.22578216267652704,0.21572508529093798,0.20571,0.19599,0.18523,0.17619,0.16708868732282384,0.15805,0.1499604849308589,0.14314819751734648,0.137,0.13167,0.12773,0.12513000000000002
22-01-2026 13:40,25195.9,0.12374,0.12071026375434105,0.1192162502798475,0.11976,0.12217136437373974,0.12616,0.13153,0.1382,0.14568297608458244,0.15395,0.16323,0.1718288437728053,0.18046,0.18989999999999999,0.22344,0.21331,0.20239387258834782,0.19152,0.18122344972731286,0.17119706130126858,0.16142958101565655,0.15191,0.14299,0.13503,0.12823,0.12186029768234369,0.11572,0.10950248026011167
22-01-2026 13:45,25188.3,0.12764883170620994,0.12541,0.12318,0.12313,0.12513,0.12814,0.1328083741626261,0.13966,0.14793,0.15601444153262764,0.16408,0.17240900283392957,0.18112,0.19097000000000003,0.22203,0.21151,0.19995,0.18986,0.17852,0.16927,0.15940533116974995,0.14961,0.14032,0.13213,0.12488,0.11745,0.11126,0.10524
22-01-2026 13:50,25206.65,0.12872930695497464,0.12637,0.12402,0.12326,0.12433,0.12728,0.13213,0.13825,0.14571,0.15345,0.1624,0.17075613362009892,0.17913,0.18909000000000004,0.22525710304620847,0.21404,0.20291,0.19184,0.18065,0.17112,0.16077,0.1507,0.14105,0.13153,0.12403,0.11657,0.10964,0.10353999999999998
22-01-2026 13:55,25236.1,0.11656,0.11359,0.11310593289928517,0.11381862603216968,0.11625,0.12045,0.12573,0.1325156148637696,0.14028436648691336,0.14887,0.15822,0.16671,0.1761039788719962,0.18618,0.22795,0.21717,0.20582,0.19499,0.18373,0.17406,0.16392,0.15408990396276284,0.14466544492784952,0.13574,0.12805576023678913,0.12181,0.11645,0.11188999999999999
22-01-2026 14:00,25232.35,0.11278,0.1105130590373338,0.11044,0.11212466875654796,0.11489051026029731,0.11889,0.12442,0.13177,0.14082,0.14875,0.15824,0.16729,0.1762,0.18527100235692254,0.22607592970712698,0.21510506109457267,0.20418,0.19241,0.18109,0.1707958138670805,0.16079,0.15092,0.1423,0.13419,0.12787,0.12171,0.11659844192089597,0.11263000000000001
22-01-2026 14:05,25228.35,0.10703984158374509,0.10708,0.10712,0.10975,0.11323,0.11804,0.12407,0.13184,0.1409,0.14891,0.15801189327977538,0.16756,0.1773383645190293,0.18734,0.22466054823091047,0.21401,0.20258244063026515,0.19156,0.18085722402854643,0.17046909067557808,0.16046,0.15106,0.14225,0.13464,0.12825,0.12236,0.1183,0.11449999999999999
22-01-2026 14:10,25212.7,0.10325,0.10382,0.10594,0.10885,0.11289,0.11798,0.12494,0.1336474390387347,0.14238,0.15053,0.16028,0.16979,0.17899,0.18902,0.22308,0.2126122010623969,0.20205,0.19124,0.18142514851979588,0.17176,0.16192,0.15288,0.14506,0.13776,0.13253,0.12725,0.12369,0.12014421161466847
22-01-2026 14:15,25178.75,0.12182,0.1185,0.11731,0.11826,0.12078,0.12452,0.13073,0.13801,0.14683,0.15506,0.16487,0.17383,0.18321,0.19248042375736304,0.22114353912875284,0.20979,0.19827,0.1869,0.17605,0.16626,0.15609,0.14672,0.1375379278120673,0.12978,0.12368,0.11768,0.11170404816070754,0.10575195248007184
22-01-2026 14:20,25194.65,0.11846,0.11485,0.11440623064653008,0.11535,0.11816,0.12362836967081836,0.1299955294945604,0.13732783107138918,0.14569,0.15461841886816624,0.16355435192876788,0.17242,0.18114,0.19248,0.21505180025512027,0.20506665821881565,0.1951232079199231,0.18522110264810276,0.17536,0.16566,0.15548774294480822,0.14546,0.13666,0.12849,0.12242,0.1165480563584719,0.11085,0.10634
22-01-2026 14:25,25206.4,0.13345,0.12568,0.1217,0.11997,0.12155,0.12397,0.12961,0.13628,0.14473,0.15238,0.16165,0.17013,0.17877,0.1874688613140861,0.22143,0.21092,0.19894,0.18769,0.17633456381968854,0.16496782596544193,0.15369,0.14311,0.1335631266560561,0.12477574197465864,0.11657,0.10903,0.10235,0.09526
22-01-2026 14:30,25236.6,0.14193,0.13211,0.12578,0.1224,0.12140114175366312,0.12252715019453195,0.12701,0.13372232160663358,0.14065,0.1477,0.15648,0.16456,0.17260000000000003,0.18081559085814275,0.22575507097047545,0.21403,0.20264,0.19115,0.1791,0.1683380673411941,0.15779,0.14667,0.1368,0.12692,0.11873,0.11061,0.1026,0.09509
22-01-2026 14:35,25267.55,0.13245,0.12446,0.11907,0.11671872224813176,0.11656,0.11849,0.12255,0.12866,0.13621,0.14339,0.15211,0.15998,0.16808,0.17725,0.22783,0.21768,0.2060143741269103,0.19426,0.18242,0.17251,0.16169,0.15087,0.14137,0.13163,0.12307641404167857,0.11555,0.10842,0.10158000000000002
22-01-2026 14:40,25289.0,0.11813531671564467,0.11554,0.11223828131133727,0.11038,0.11062,0.11348,0.11844,0.12494,0.13286,0.14070211677746974,0.14849,0.1556,0.16394000000000003,0.17158326787326103,0.23115611470032008,0.21954,0.20935,0.19642,0.18545,0.17533,0.1644,0.15399,0.14452,0.13534,0.12744,0.12046,0.11392,0.10707
22-01-2026 14:45,25289.65,0.1265,0.11898,0.11442,0.11143,0.11179,0.11412,0.11793,0.12328,0.1315,0.13922115726756606,0.14695,0.15481,0.16299,0.17293,0.22661,0.2165,0.20526981739328817,0.19358,0.18106,0.17133,0.15961,0.14912,0.13972,0.13057,0.12292,0.11586,0.10908,0.10262999999999999
22-01-2026 14:50,25294.65,0.11257,0.10885,0.1071098327034244,0.1062566596525754,0.1068132334406927,0.10929,0.11406,0.12007,0.12843,0.13603,0.14470772821611627,0.15341,0.16192,0.17181000000000002,0.22732,0.21666,0.20698,0.19387,0.1822,0.17141,0.16092413122365992,0.15068639264420416,0.14075,0.13205,0.12467,0.11794,0.11225,0.1065
22-01-2026 14:55,25290.85,0.12505,0.1183,0.11366,0.11078,0.11049,0.11193,0.11479,0.12027,0.12826,0.1361203312126571,0.144,0.15238,0.16102,0.16910968382084718,0.22431,0.21334,0.20302,0.19065,0.17886,0.16813624600653868,0.15749,0.1469,0.13782,0.12883,0.12193,0.1152,0.10896834425911492,0.10323
22-01-2026 15:00,25269.5,0.11006,0.10676,0.10425,0.10401,0.10577570987216536,0.10865,0.11289,0.11928,0.12814,0.13594,0.14531,0.15404,0.16286840315035372,0.17172,0.22366,0.21357,0.20234,0.18974,0.1781,0.16734399626251745,0.15686,0.14672,0.13751393438359577,0.12967,0.12325,0.11752082059343769,0.11208,0.10713999999999999
22-01-2026 15:05,25256.3,0.13972,0.13010743604127978,0.12265899290933861,0.11811,0.11625532081495556,0.11644,0.11855,0.12337,0.13109,0.13759,0.14609,0.1536,0.16076,0.17157000000000003,0.22269,0.21193,0.20212,0.18893,0.17636,0.16553,0.15355,0.14238,0.13331,0.12411,0.11681,0.1094,0.10242,0.09535000000000002
22-01-2026 15:10,25297.3,0.12411,0.11729,0.11174,0.10823,0.10726953664767144,0.10824,0.11119,0.11643,0.12445,0.13188704493147713,0.13938,0.14775,0.15498,0.16581,0.22708911745936414,0.21557,0.20371222525863,0.19217,0.18101595138169535,0.1699,0.15856,0.14748,0.13834,0.12938,0.12225,0.11514,0.10924,0.10336355295689423
22-01-2026 15:15,25297.45,0.13466,0.12452,0.11664014575715509,0.11152,0.10988,0.10975,0.11324320280318048,0.11840696150233887,0.12425,0.13058,0.13836381586845437,0.1469451552704648,0.15617,0.16649,0.22508368064423126,0.21324,0.20198,0.18929,0.1778721969565769,0.16658,0.1554,0.14371,0.13306696875726096,0.12415,0.11671,0.10891,0.10236,0.09474000000000002
22-01-2026 15:20,25308.25,0.1346220000834875,0.12651,0.11843,0.11297,0.11042,0.10944,0.11139,0.11523,0.12287,0.12878,0.13797,0.1464,0.1555349428485754,0.16518,0.22618,0.21531,0.20509,0.19178,0.17973,0.16889,0.1573,0.14589,0.13596,0.12591,0.11728005163641178,0.10996,0.10303,0.09568
22-01-2026 15:25,25314.1,0.12242995415954017,0.118186607538057,0.11396,0.10975,0.10830381329966447,0.10811,0.1098,0.1148666065312325,0.12129705367414129,0.12859,0.13684,0.14746,0.15714729622733947,0.16634,0.22617674453451778,0.21422,0.20312,0.19107,0.17871,0.1671336063258889,0.15573,0.14379,0.13299,0.12340696291297097,0.11524,0.10856,0.10267,0.09680351303662864
23-01-2026 09:15,25292.15,0.11931,0.11649,0.11509,0.11439479771099104,0.11418,0.11547,0.11955,0.12571,0.13374593476030733,0.1427867960443596,0.15269619103242318,0.1633407378944831,0.17459,0.18324794374357178,0.24477,0.23396,0.22297,0.2110858571029637,0.1985987649578973,0.185970110663188,0.17365,0.16193,0.15213,0.14322,0.13578,0.13011,0.12536,0.12142
23-01-2026 09:20,25265.75,0.15631,0.14353,0.13315,0.1266218476246228,0.1228,0.12116,0.12231,0.12772,0.13584,0.14465,0.15474083896330038,0.16482,0.17478400653309964,0.18469,0.24396,0.2329148122651908,0.22085,0.2079,0.19492,0.18248,0.16993882913584124,0.15744,0.14538,0.13438,0.12516,0.11665,0.10902,0.10072999999999999
23-01-2026 09:25,25330.85,0.12813,0.12132,0.11486,0.11163,0.10964,0.10946,0.11183,0.11716,0.12565,0.13560593220368963,0.1456965373621387,0.15603,0.1665352406863681,0.17721,0.25442504778144676,0.24198,0.23026,0.21748,0.2051,0.19247,0.1795,0.16666,0.15364,0.1427,0.13305,0.12516,0.11848,0.11182666673763637
23-01-2026 09:30,25330.3,0.10590510892422014,0.10461,0.10332,0.10229,0.10288,0.10443,0.10828,0.11533,0.12474,0.1352,0.14612,0.15665804428827915,0.16717,0.17867,0.25374,0.241728188621123,0.2296296130556903,0.21749,0.2051,0.19356,0.1820780737420771,0.17065802717654438,0.15946190714796657,0.1486478151005269,0.13837,0.13156,0.12593,0.12058
23-01-2026 09:35,25299.45,0.12453,0.11639,0.11166,0.10899663800427949,0.10737,0.10758,0.11121,0.11806,0.12835,0.13886430909847336,0.14951,0.16119,0.17159,0.18236,0.25024,0.23831539546518524,0.22623064127438294,0.21401,0.20141,0.18963,0.17703175845013866,0.16441,0.15234,0.14161,0.13315,0.12488,0.1189,0.11226
23-01-2026 09:40,25299.95,0.11211,0.10773,0.10570947375740439,0.10460959103283295,0.10436,0.1056,0.10957,0.11735,0.12690801008741973,0.13748,0.14949,0.16018,0.171,0.1817,0.25295,0.24189,0.22915,0.21597,0.20356,0.19183,0.17915,0.16708,0.15541,0.14557,0.13685,0.12948,0.12378,0.11808
23-01-2026 09:45,25269.0,0.13505,0.12568,0.11863,0.11398,0.11201,0.11176,0.11522,0.12257,0.13271,0.14333729015178798,0.15413,0.16573,0.17604902283633633,0.18534,0.24748,0.2356722551756439,0.22327,0.21006970952370166,0.19701,0.18461217707305774,0.17224,0.15981,0.14748,0.13673,0.12808362912300766,0.11990645283516874,0.11206,0.10445
23-01-2026 09:50,25300.7,0.10363542527491727,0.10232512821840231,0.10102,0.09972,0.10033,0.10264530764561393,0.10722026218633886,0.11544,0.12655,0.13711,0.14907,0.16072,0.16983,0.18175,0.25005,0.23825384943863434,0.22641,0.21445,0.20228177594395638,0.19005,0.1776778847551443,0.16533,0.15422,0.14443055011787023,0.13561,0.12812,0.12267,0.11716
23-01-2026 09:55,25284.3,0.11938861390994923,0.11467,0.10997,0.10683,0.10583,0.10675950837516066,0.11068,0.11894,0.1295,0.14041,0.15111,0.16198233002262205,0.17282,0.18338999999999997,0.24939230337890886,0.23659,0.22362,0.21121,0.19858333217211524,0.18583,0.17265,0.16037,0.14893,0.13825,0.1293940458249196,0.12193,0.11510643669229764,0.10906
23-01-2026 10:00,25294.9,0.11551,0.10871,0.10436,0.10219,0.10211,0.10379,0.10796,0.11695134937049198,0.12688330030744283,0.13742422546232194,0.14825,0.15907407432789364,0.17017,0.18201,0.24879,0.23819,0.22575,0.21331,0.19948,0.18824,0.17501,0.16269,0.15122,0.14065292313299405,0.13134,0.12581,0.11644,0.11059
23-01-2026 10:05,25293.15,0.10517,0.10167,0.09968,0.0982,0.09925,0.10135,0.10671,0.11611,0.12728,0.13881,0.15043942377152317,0.16201,0.17172,0.18302,0.2501538789948244,0.23745,0.22507,0.21193753922288674,0.19887,0.18769,0.17481,0.16247,0.1507923234556189,0.14012,0.13099768312585544,0.12392,0.11809,0.11261000000000002
23-01-2026 10:10,25285.05,0.11052,0.10587359692648679,0.1024,0.10061,0.10086,0.10313,0.10837,0.11749,0.12893,0.13934,0.1512,0.16325,0.17293,0.18352,0.24912949213486724,0.2364,0.2239640003537216,0.2111,0.19732,0.18653,0.17359872396424855,0.16068,0.1489363352837386,0.13838,0.12931083132518048,0.12203,0.11586,0.10975
23-01-2026 10:15,25283.3,0.09813,0.0969,0.09643,0.09644,0.09796,0.10047325855681112,0.10741,0.11844735145246141,0.12960626501196365,0.1408,0.15197,0.16357,0.17438705530257312,0.18453999999999998,0.24748,0.23625,0.22383,0.2114,0.19799,0.18669,0.17432,0.16229,0.15133,0.1416166296338336,0.13319,0.12637,0.12096,0.11629999999999999
23-01-2026 10:20,25261.25,0.11266,0.10693,0.10368,0.10196,0.10212,0.10484294561315324,0.11054572467594333,0.11993,0.13215,0.1434864481048278,0.15483,0.16683,0.17642,0.18749028210148388,0.24452,0.23264,0.21969,0.20778,0.19476,0.18301,0.16998,0.15745,0.14593,0.13537,0.12714,0.11906,0.11292,0.10675000000000001
23-01-2026 10:25,25266.4,0.12923,0.12084,0.11415181320427653,0.10906,0.1068,0.10733,0.11143,0.12046,0.13126906496176463,0.14234,0.15368,0.1651,0.17515,0.18488,0.24717142132639242,0.23405,0.21999,0.20768,0.19478,0.1828,0.16969265482096424,0.15649,0.14410026309004187,0.13273,0.12314,0.1146,0.10689,0.09921077852502641
23-01-2026 10:30,25303.15,0.11532,0.10978,0.10509,0.10165,0.10087,0.10216,0.10624,0.11495,0.12659,0.13721,0.14878,0.15988,0.16944,0.17992,0.24986,0.23875,0.22534,0.21302472407564285,0.20076,0.1885,0.17520113735820697,0.16166,0.1493830666663969,0.13819,0.12852,0.12019,0.11289000000000002,0.10561914179412378
23-01-2026 10:35,25313.0,0.10599,0.10186,0.09907,0.09747,0.09766477121079167,0.0994,0.10381,0.11312,0.12386,0.13501,0.14694,0.15955,0.16936,0.18005,0.252,0.24023,0.22761128726626528,0.21498443495608538,0.20234785489248555,0.1897,0.17706,0.16437502000054183,0.15175,0.14111,0.13216,0.12411527163709273,0.11661000000000002,0.10888158817304061
23-01-2026 10:40,25297.7,0.11135,0.10599996775992296,0.10164,0.09885,0.09857,0.10014,0.1049992567583064,0.11392,0.12568,0.1366,0.14834,0.16081,0.17098,0.18154,0.24998,0.23817,0.22567500040503585,0.21299,0.20011,0.18782,0.17474,0.16203,0.1500982790854732,0.13919,0.12939581130378883,0.12116,0.11415,0.10767
23-01-2026 10:45,25297.35,0.09821,0.0961,0.09449,0.09374,0.09458,0.09708,0.10329,0.11367795373710131,0.12481,0.13631,0.148120509561106,0.15986,0.16983,0.1810818604379963,0.25003,0.23822,0.22587,0.21315939030307932,0.20057,0.18858,0.17634,0.16313,0.15174,0.14097,0.13188,0.12401,0.11728,0.11057686633896598
23-01-2026 10:50,25284.35,0.10889,0.10308,0.09988057070584926,0.09792,0.09777,0.09998798522386086,0.10539,0.11485,0.12655,0.13792,0.14900666793203327,0.15992104138842822,0.17067998551141972,0.1813,0.24965,0.23711414718492993,0.22462,0.21215,0.19953,0.18702,0.17404,0.16081,0.14871,0.13728,0.12794,0.11977,0.11228,0.10575
23-01-2026 10:55,25278.2,0.11094,0.105,0.10087,0.09864,0.09843,0.10062,0.1063,0.11618,0.12824,0.1389,0.15062444022460927,0.16219,0.172,0.18297999999999998,0.24980337737101865,0.23687,0.22382,0.21133,0.19828,0.18614,0.17283,0.15906,0.14667399699054065,0.1357,0.12612,0.11790457933777158,0.1103,0.10344000000000002
23-01-2026 11:00,25279.7,0.09949,0.09668,0.09507874241547108,0.09447,0.09556,0.09858,0.10541212481333713,0.11571,0.12772,0.1394982727805651,0.15124,0.16314,0.1738,0.1836,0.24788,0.23718,0.2236,0.21164,0.19899,0.18645,0.17314,0.15991,0.14826,0.13761,0.12834,0.12056,0.11372,0.10690730546189095
23-01-2026 11:05,25270.35,0.11142,0.10533,0.10125,0.09914,0.09916733359186708,0.10179343579551293,0.10775,0.11755,0.12923,0.14062,0.1523282827017875,0.16401,0.17519,0.18661185799628785,0.24668,0.23478,0.22181,0.2094,0.19686438536573928,0.184,0.17078,0.15764,0.14516,0.13386,0.12443,0.1159,0.10893,0.10227
23-01-2026 11:10,25281.6,0.10635,0.10167923853935677,0.09802,0.09604,0.09709,0.09969,0.10605,0.11605,0.12821,0.13898,0.15062,0.16218961084633182,0.17368,0.1835,0.24835,0.23587,0.22304503521665933,0.21011629310996238,0.19733,0.18506,0.17165,0.1587,0.1462,0.13463,0.12497,0.11648,0.10931,0.10249
23-01-2026 11:15,25277.8,0.09535,0.09260897194676981,0.09137402195783728,0.09174015841204204,0.0938,0.09785828593788402,0.10508,0.1156,0.12818,0.1392,0.15124,0.16270250565511127,0.17365,0.18335,0.24587,0.23482,0.22086,0.20872,0.19646563712369383,0.18418,0.17177,0.15952,0.14744,0.13673,0.12778296630732056,0.11998880445177232,0.11301,0.10724999999999998
23-01-2026 11:20,25261.05,0.11031,0.10344,0.09958,0.09768,0.09885,0.10159,0.10799,0.11835,0.13010582405870055,0.14178,0.15327,0.16437847357309854,0.17543,0.18648,0.24568,0.23374,0.2202,0.2071844494307755,0.19441,0.18205,0.16929819631729612,0.15658,0.14398,0.13288,0.12316320511692323,0.11444,0.10707000000000001,0.09972942123598524
23-01-2026 11:25,25270.95,0.10575623766612581,0.10164,0.09754,0.09611,0.09717,0.10005,0.1069294710293399,0.11709,0.12867,0.14035,0.15238,0.16421,0.1749298487983291,0.18445,0.24706554850123913,0.23409068677775402,0.22117,0.20887,0.19554,0.1829,0.17018,0.15771,0.14458,0.13327,0.12294,0.1142584897730553,0.10649,0.09934
23-01-2026 11:30,25274.7,0.09177,0.08955,0.08944,0.09055390557154161,0.0926,0.09732,0.10530640560221348,0.11568,0.12754720663465755,0.13943,0.15134243296856384,0.16318,0.1743427508450008,0.18476,0.24712,0.23528,0.2218,0.20902,0.19618,0.18467,0.17181,0.15975,0.14731,0.13662307533381943,0.1278,0.11999734800461283,0.1132385769222676,0.10746
23-01-2026 11:35,25252.0,0.0935,0.09162,0.09133583880386151,0.09228,0.09519,0.10037,0.10855,0.11968,0.1317904168682874,0.14375,0.15529,0.16707,0.17758,0.18871,0.24268,0.23094,0.21751,0.20479,0.19155,0.18014,0.16828,0.15635,0.14542,0.13578,0.12799,0.12117180209687035,0.11509,0.11053
23-01-2026 11:40,25221.8,0.10092,0.09778,0.09666,0.09783177455610499,0.10061,0.10582,0.11556,0.12721,0.13961,0.15203,0.16314,0.1736553195462785,0.18383,0.19470856788718519,0.23925,0.2267740206969069,0.21433,0.20188,0.18882,0.17625695051383394,0.16385,0.15167,0.14043,0.13085,0.12271,0.11575483167781707,0.10956,0.10438
23-01-2026 11:45,25210.75,0.09618,0.09656786006617914,0.09747,0.09935,0.10373,0.10955,0.11906,0.13073,0.1424,0.15402123989672847,0.16531,0.17591,0.18636869807115833,0.19675,0.23574,0.22526,0.21174,0.1984,0.18638,0.17499,0.16393,0.15306,0.14354,0.13564,0.12815,0.12247,0.11882,0.11379
23-01-2026 11:50,25193.45,0.11117,0.1073,0.10584812693922485,0.10611255103509587,0.1085,0.11355661432212334,0.12208,0.13307,0.14486,0.1561,0.16703,0.17741,0.18736,0.19852,0.23272,0.22105,0.20822,0.19490116582157127,0.18169,0.16945,0.15821,0.14703590273995024,0.13596,0.12681,0.11883,0.11236,0.10684,0.10173
23-01-2026 11:55,25208.4,0.10773,0.10369,0.1022,0.10292,0.10575,0.1114565062043847,0.11979,0.1304,0.14257,0.15349,0.16443336549641155,0.17532,0.18533,0.19596359473113018,0.23561,0.22389,0.21046,0.19772,0.18489,0.17183,0.16035,0.14834,0.13744,0.12787,0.11988032881341183,0.11298,0.10728,0.10160275455157611
23-01-2026 12:00,25209.75,0.10659704952334259,0.10481,0.10303,0.10346,0.10637,0.11101,0.12146129867112587,0.13209449533008774,0.14275,0.15335,0.16428,0.1752,0.18615492919202725,0.19713999999999998,0.23589,0.22355,0.21080890028864188,0.198,0.18517,0.1723935670641621,0.15967,0.1473,0.13627,0.1266,0.11819998077656196,0.11104,0.10492,0.09911000000000002
23-01-2026 12:05,25207.8,0.09717,0.09667246761467407,0.09732690065935476,0.09955,0.10375,0.10947,0.11933,0.13061,0.14312,0.1545,0.16511,0.17556,0.1865794627017132,0.1982,0.23501,0.22209,0.20998,0.19729,0.18451,0.17225,0.1607,0.14862,0.1383432095260483,0.12999,0.12296,0.11696,0.11247,0.10886
23-01-2026 12:10,25190.3,0.10602,0.10311,0.10236,0.10405,0.10765,0.11388680358164611,0.12261,0.13353,0.14595,0.15725,0.16812146161500519,0.17872,0.18877,0.19937991887501919,0.23266,0.21956764851487304,0.20678946168011866,0.1943,0.18239,0.16962,0.15765,0.14576,0.13523,0.12612,0.11846,0.11226,0.10691736114090489,0.1021
23-01-2026 12:15,25193.1,0.12044,0.11324,0.1091,0.10847253025188151,0.11003,0.1141,0.12241,0.13313,0.14523,0.1562274190914426,0.16696,0.17737949975052167,0.18781,0.199,0.23385,0.22083,0.20803,0.19529,0.18201,0.16936,0.15689,0.14393,0.13247,0.12203,0.11306,0.10491,0.09748,0.09034
23-01-2026 12:20,25216.55,0.08910515375332405,0.0927276885173278,0.09633593316623164,0.09993,0.10351,0.10881,0.11775526317247358,0.12907,0.14159,0.15302968270619066,0.16402,0.17452,0.18521,0.19582000000000002,0.23652,0.22488,0.2115,0.19831,0.1857804637139052,0.17343,0.16068,0.14839,0.13724,0.12774,0.11932,0.11244,0.10652,0.10192000000000001
23-01-2026 12:25,25202.7,0.10902,0.10505,0.1033994470646239,0.10354,0.10567153702068192,0.11111,0.1202,0.13111,0.14351,0.15435,0.1652,0.1766,0.1874242575950701,0.19782999999999998,0.23468,0.22237,0.20902,0.19636,0.1836,0.17088479670606857,0.15822,0.14605923537458415,0.1347694713636871,0.12424,0.11559,0.10842992589977596,0.10184,0.09596
23-01-2026 12:30,25205.2,0.10924,0.10449,0.10241,0.10351,0.1062,0.11118,0.12027,0.13177200229290045,0.14318,0.15426004874172147,0.16527316932297034,0.17632,0.18762,0.19829,0.2351135555235586,0.22218,0.20888,0.19615584747626402,0.18366802092611786,0.17105,0.15802,0.14533030221005022,0.13319,0.12291,0.11407,0.10656,0.09979,0.09415
23-01-2026 12:35,25205.5,0.11402,0.10783679127774172,0.10454,0.10462,0.10685,0.1115,0.12027,0.13105,0.14285,0.15392476856326584,0.16493,0.17635,0.18638,0.19688,0.23527,0.22295,0.20959,0.19663776353143533,0.18372,0.17078,0.1577694397719451,0.14482,0.13307,0.12233,0.11291,0.10468,0.09735,0.09004926155492136
23-01-2026 12:40,25211.7,0.11514,0.10869101882798587,0.10518,0.10499,0.10666,0.11088,0.11947,0.12981,0.14194,0.15277,0.16456,0.17497,0.18622,0.19682999999999998,0.23403,0.22129,0.20819,0.19528,0.18287,0.17019,0.15677,0.14395220700588812,0.1318466867576933,0.12064,0.11144,0.1034883733431292,0.09605,0.08937
23-01-2026 12:45,25238.75,0.09531,0.09296,0.09274,0.09478,0.09861,0.10362,0.11331,0.12443140871497102,0.13567,0.14706,0.15868,0.17112,0.18118,0.19242,0.23624194098917306,0.22384508972766057,0.2115,0.19929,0.18696,0.1748,0.16178,0.14858,0.13717966023427802,0.12777,0.11935,0.1118,0.10566,0.10052999999999998
23-01-2026 12:50,25208.05,0.11818,0.11071871457177133,0.10589,0.10503,0.10735278899261831,0.11157334134563256,0.11886,0.12907,0.14046039816103006,0.15177,0.16278,0.17508,0.18629913862735445,0.19678,0.23433476735898442,0.22163,0.20784,0.19651,0.18341,0.17058,0.15684242794237158,0.14308,0.13085,0.11971,0.10990828079397234,0.10129,0.0937,0.08550000000000002
23-01-2026 12:55,25226.8,0.09191,0.09074,0.09185482445573456,0.09436,0.09780451703659147,0.10493,0.1156643248571894,0.12694,0.13837,0.15025,0.16205,0.17356,0.18451994449819992,0.19497999999999996,0.23641,0.22369,0.21182,0.20039,0.1877423595759592,0.17433,0.16074,0.14707,0.13576,0.12571,0.11721,0.10981,0.10391,0.09895
23-01-2026 13:00,25191.8,0.10732,0.10216,0.10054,0.10197,0.10559,0.1118065429932084,0.12128,0.13301,0.14458962148590915,0.15608,0.16683,0.17872,0.18873,0.19994999999999996,0.23239,0.22018,0.20746,0.19582,0.18204,0.16979,0.15628,0.14286,0.13142,0.1209,0.11199,0.10400143269586283,0.09654,0.08989
23-01-2026 13:05,25191.25,0.10206510892422019,0.10077,0.09948,0.10124,0.10514,0.11102,0.12143,0.1330735140936887,0.14478,0.15664,0.16748,0.17944,0.19018,0.20155,0.2320482116870929,0.21953,0.20747,0.19582,0.18203,0.17015,0.15659,0.14283,0.13138,0.12085,0.1118,0.10375,0.0965,0.09041
23-01-2026 13:10,25194.95,0.10157,0.09802,0.09731,0.09991,0.10395,0.1104,0.12089575100925894,0.13232,0.14410686820772695,0.15573,0.167,0.17842,0.18909,0.20112,0.23302,0.2209955372316734,0.2088046345387622,0.1962426399789524,0.18311,0.16964,0.15624,0.14236,0.13117,0.12076580228527536,0.11148,0.1041,0.09747,0.09086646713630657
23-01-2026 13:15,25171.1,0.09416,0.0941325664318645,0.0962,0.101,0.1072700112833906,0.11552,0.12639,0.13800717219010222,0.14958405263751837,0.1611,0.17255,0.18417,0.19448,0.20596,0.22872199457126147,0.21619,0.20472,0.19249,0.17966122508734625,0.16678,0.15381,0.14203,0.13153,0.12279,0.1152,0.10933,0.10496,0.10098
23-01-2026 13:20,25141.7,0.09918,0.10042,0.10271,0.10734,0.11295,0.12127110801271292,0.13196,0.14377,0.1549,0.16568,0.17710413519991602,0.18856,0.19941,0.21049400769702806,0.22429,0.21339,0.2011,0.18918,0.17603,0.16335,0.15068,0.1396,0.12972,0.12146823663591358,0.1145321943646111,0.10861,0.10422,0.09779
23-01-2026 13:25,25138.55,0.09959,0.09975,0.102837842185943,0.10753,0.1139,0.12191,0.13279,0.14464,0.15683,0.16747,0.179,0.19071,0.20056,0.21212,0.22394,0.21174,0.20072,0.18753643124022892,0.17434,0.1622,0.14993,0.13826149981844107,0.12773,0.11936,0.11245,0.10677,0.1023915951448948,0.09898999999999998
23-01-2026 13:30,25095.3,0.10352,0.10563,0.10965185110157316,0.11503,0.12248,0.13173254215586047,0.1424,0.15439,0.16592867968505778,0.1774,0.18879,0.20028,0.21161,0.2223,0.22468,0.21272,0.20148,0.18886,0.17617,0.16462,0.15373,0.1436,0.13495,0.128043989192704,0.12261217507118717,0.11829,0.11541868183371386,0.11441
23-01-2026 13:35,25072.05,0.10627,0.10742,0.11133,0.11663,0.12372552803522241,0.13282,0.14377,0.15568,0.16700813017470037,0.17828,0.1897860336562684,0.20123,0.21156,0.22266684007959994,0.22141,0.20872594872331138,0.19618,0.18378262208500684,0.1715,0.15941,0.14792,0.13777,0.12862,0.12121,0.11527,0.11098990866034955,0.10719,0.10371
23-01-2026 13:40,25076.35,0.1005,0.10382,0.10953,0.11588,0.12411,0.13417020529194315,0.14493820501717103,0.15623,0.16833,0.17852,0.19002,0.20083789036882513,0.21165,0.2226,0.2251,0.21301400881253382,0.20101,0.18915,0.17594,0.16462,0.15405,0.14446,0.1365916753706216,0.12982,0.12428,0.12121517387712512,0.11991,0.12040000000000001
23-01-2026 13:45,25053.0,0.11187,0.11347741241608943,0.11669,0.12201,0.12927,0.13836,0.14889,0.16014,0.17213,0.1831333980969922,0.1941,0.2052382965101889,0.21633,0.22737,0.21884,0.20683726476375922,0.19447947745746577,0.18173,0.16826,0.15582,0.14497,0.13516847604435178,0.12609768416461684,0.11786,0.11116,0.10602,0.1016020735604501,0.09759000000000001
23-01-2026 13:50,25055.05,0.11105,0.11255,0.11691,0.12263,0.12998,0.13922,0.14982,0.16105,0.17257,0.18399,0.1948,0.20664,0.21778561591210358,0.22848999999999997,0.22043,0.20712,0.19458237993872557,0.18212,0.16866,0.15651,0.14516,0.1345465113404993,0.12498,0.11719,0.11063,0.10486,0.10082000000000002,0.09679612778743268
23-01-2026 13:55,25054.0,0.11215,0.11334,0.1173,0.12190748597662143,0.12874,0.13836104027891505,0.14878252995387684,0.15952,0.17036,0.18221,0.19365,0.20479,0.21617605447230448,0.2275190613769388,0.21977,0.2081,0.19563,0.18322,0.1706,0.15865,0.14751,0.13711,0.1281,0.12067,0.11411,0.10903,0.1056,0.10223
23-01-2026 14:00,25054.2,0.11441,0.11602034143901487,0.11874140511239635,0.1228836161448982,0.12875,0.13712,0.14760545124422828,0.15833,0.1693,0.18057,0.19126,0.20207,0.21334,0.22331,0.21929,0.20717,0.19529,0.18134,0.1685895099213514,0.15627953353621182,0.14443,0.1335,0.12424,0.1165,0.10991,0.10398,0.09874,0.09436
23-01-2026 14:05,25065.1,0.11171,0.11208,0.11495,0.11976,0.1261,0.13483,0.14508,0.15631,0.16766,0.17854,0.18921,0.20051785844866243,0.21187,0.22186999999999998,0.22034,0.20887,0.19703,0.18391,0.1708025110243067,0.15778,0.14614,0.13499,0.12562,0.11815,0.11140176864733772,0.10558,0.10159,0.09656
23-01-2026 14:10,25058.25,0.11362,0.11404,0.11716,0.1215,0.12778,0.13652,0.14690343916203139,0.15781,0.16918,0.1801,0.19032,0.20165,0.213022101528096,0.22437999999999997,0.22067,0.20915623420645413,0.19652,0.18292,0.16945,0.15701,0.14502,0.13361,0.12347,0.11525,0.10969,0.10308,0.09849,0.09298
23-01-2026 14:15,25090.65,0.09978,0.10291,0.10781475248376582,0.11374,0.12098,0.12996,0.1401,0.15103,0.16303,0.17347,0.18454,0.19525,0.20633796075000585,0.21772,0.22608,0.2139,0.20107,0.18844,0.17504,0.16301,0.15186,0.14089,0.13175,0.12436,0.11926,0.11535,0.11318689093611795,0.11247
23-01-2026 14:20,25059.65,0.10638,0.10812,0.11206531057117579,0.11766,0.12474044004865198,0.13389,0.14466898774865894,0.15581,0.16723,0.17783,0.18819,0.19926000000000002,0.20982390115824767,0.22034786308635348,0.22341,0.21041,0.19825,0.18503356370491258,0.17186,0.15965,0.14814,0.13705,0.12795,0.12066,0.11529685022852544,0.11106,0.10765,0.10473
23-01-2026 14:25,25049.75,0.1128608514612804,0.11518,0.11749,0.12119,0.12738,0.13461,0.1447,0.15513,0.16647,0.17606,0.18664543134947084,0.197589469500396,0.20889379152145537,0.22056,0.2197,0.20694,0.19409,0.1802,0.16664883343746334,0.15341,0.1409354725367024,0.12955141426219935,0.11907,0.11017,0.10294,0.09634,0.08975,0.08191000000000001
23-01-2026 14:30,25077.85,0.11012,0.11027,0.11321,0.11741,0.12437,0.1337037876935286,0.14348,0.15363,0.16489,0.1743,0.18512,0.19678,0.20853,0.2183,0.22389,0.21011,0.19796,0.1842,0.17068,0.15744,0.14487,0.13241,0.12168684865115774,0.11309,0.10574,0.09974,0.0941,0.08855
23-01-2026 14:35,25087.05,0.1078,0.10743,0.10969645684656149,0.11406,0.12044883693890318,0.129,0.13893650323739062,0.14913689961337914,0.15979245305997147,0.17109,0.18275,0.19437267694436927,0.20595,0.21554,0.22344,0.21134852577428984,0.19846,0.18482,0.17106,0.15737,0.14542,0.1337903826266233,0.12292,0.11444454300416135,0.10799,0.10227,0.09782,0.0929
23-01-2026 14:40,25094.55,0.10111348510542778,0.1053,0.10947,0.11466,0.12255,0.13221859550260082,0.14212728123402554,0.15227,0.16277,0.17191,0.18385,0.19511,0.2060876060182049,0.2169,0.22589,0.21300146458440808,0.20016,0.18735,0.17383,0.1611086507494568,0.1488825444933604,0.13695,0.12586,0.11704,0.11101,0.10538,0.0997725651907974,0.09418751541046756
23-01-2026 14:45,25081.45,0.10176,0.10398,0.1079765560762856,0.11413,0.12248508094827043,0.13217,0.14255,0.15294,0.16275865994071118,0.17305,0.1846724332995615,0.19652,0.20829,0.21885,0.2247,0.20978,0.19875,0.18541,0.17329,0.1604,0.14898962700394325,0.13823,0.12811,0.12041016861046183,0.11468,0.11013,0.10692000000000002,0.1037228144053611
23-01-2026 14:50,25059.3,0.1063652560378288,0.11177830467118295,0.11717,0.12146291894854577,0.12789,0.13662,0.14639,0.15629,0.16695,0.17648,0.18874,0.19922,0.21018,0.22051,0.21827520870534747,0.20545,0.19303,0.18035,0.16728,0.15404,0.14196,0.13024116848499487,0.11889,0.10969,0.10306268241245933,0.09703,0.0915,0.08374
23-01-2026 14:55,25096.0,0.10102542570455036,0.10472,0.1084,0.11268,0.11992,0.12927,0.13943,0.15014570047874595,0.16087,0.17099,0.18281720255195735,0.19457,0.20503,0.21545,0.22446,0.21070394303599546,0.19757,0.18516,0.17236,0.15908,0.1467702547196588,0.13503,0.12398,0.11532,0.10926,0.10437,0.10001,0.09741
23-01-2026 15:00,25071.15,0.10632,0.10791,0.11251,0.11727,0.12556,0.13521,0.14652,0.15761,0.16824,0.17934,0.1912,0.20287,0.21389,0.22421999999999997,0.22224,0.21038220088644297,0.19792,0.18469121434396082,0.17151,0.15893773406510628,0.14663,0.13499,0.12466729451635625,0.11609,0.11005,0.10618,0.10368,0.1
23-01-2026 15:05,25059.0,0.1009,0.10433,0.10951,0.11488,0.12411,0.13455,0.14715,0.15877,0.17062,0.1813,0.1930532330621207,0.20477,0.21637,0.22744,0.2193,0.2075684365622828,0.19568,0.18348,0.17207,0.16041,0.15012,0.13935,0.13024,0.12326,0.11909457753330507,0.11648,0.11517,0.11593
23-01-2026 15:10,25045.6,0.11068,0.11338225751274912,0.11676,0.1215,0.13029,0.14069728557145442,0.15104,0.16104,0.17246,0.1837678804209269,0.19500439137714207,0.20615110020223665,0.21719,0.22664,0.2180848195374251,0.20548,0.19288353646399814,0.18023,0.16731135898794988,0.15451,0.14377,0.13176,0.12155024974723751,0.11352,0.10779,0.10344,0.09967538190538175,0.09623000000000001
23-01-2026 15:15,25061.1,0.10403,0.10756,0.11216,0.11735,0.12658,0.1366,0.14719,0.15763,0.16971,0.18027,0.19149,0.20296,0.21502,0.22596,0.22229,0.20842,0.19569,0.18204224264165125,0.16805612528903463,0.15498,0.14334,0.13215,0.12057,0.11286,0.10961,0.1063,0.10376687304658933,0.10210000000000001
23-01-2026 15:20,25040.65,0.1146,0.11616,0.12009150750134406,0.12543070963568156,0.13309,0.1426445475947082,0.15303,0.16400198454652376,0.17486,0.18481,0.19656718135644982,0.20832,0.2181,0.22899,0.22021836703032,0.20664584832052743,0.19313,0.17961,0.1662,0.15292,0.14013,0.12789,0.11618,0.10749,0.10327720476582929,0.0991,0.09488,0.08909
23-01-2026 15:25,25049.65,0.10887,0.11147,0.11604,0.12176,0.13109,0.14131416563739904,0.15154,0.16182,0.17314,0.18434,0.19727,0.20814,0.2205,0.22986000000000004,0.21958,0.20286,0.19008,0.17715,0.16433,0.15096,0.13995,0.1289928169780117,0.1180914208592532,0.10726,0.10175,0.09947,0.09448,0.08977000000000002
27-01-2026 09:15,25113.05,0.27499,0.30202,0.32281,0.35058,0.38461,0.42786,0.47824,0.52453,0.57367,0.62043,0.6656944395092124,0.70998,0.7557704403414915,0.8013877595123404,0.80455,0.75263,0.70349,0.64961,0.59775,0.55382,0.51257,0.48379,0.46589,0.46533,0.47357,0.49258,0.51278,0.54893
27-01-2026 09:20,24981.3,0.37173,0.38093,0.40932069149711964,0.44081944376678406,0.4759541539460385,0.5152400540181469,0.55918,0.60764,0.6609,0.70752,0.76109,0.80431,0.84893,0.8953243883029434,0.722,0.67056,0.63579,0.57755,0.52942,0.47801,0.43230326084342424,0.39554,0.37825,0.3773,0.38901,0.40131609013249037,0.41378,0.4260907884857742
27-01-2026 09:25,24940.7,0.41215,0.41457,0.42548,0.45616454154348557,0.4958,0.53823,0.58329,0.6344865072648185,0.6864,0.73837,0.78617,0.83239,0.877,0.922862251193066,0.70051,0.6563957037727695,0.60735,0.55241,0.5018,0.4528,0.40457,0.36324,0.338912692647612,0.32686,0.31923,0.31138,0.2881,0.2649129343790681
27-01-2026 09:30,24944.4,0.43418,0.43019,0.436547427114257,0.45789,0.49519422607111047,0.53966,0.5868891301906669,0.63551,0.68635,0.740844241281011,0.79262,0.83608,0.8801541045135346,0.92433,0.69697,0.65541,0.61709,0.56144,0.51004,0.45156,0.39994602773229293,0.35395,0.31876,0.30027,0.2799430717426593,0.25752872960334666,0.23261,0.15552
27-01-2026 09:35,25018.3,0.4495,0.42747,0.41019,0.42032,0.45178,0.48807189070550033,0.52925,0.57595,0.62223,0.67629,0.7248683057161622,0.77034,0.81264,0.85271,0.7446068615170768,0.69537,0.64737,0.60076,0.54814,0.4962,0.44574,0.39796664592926745,0.35472,0.32039,0.29276,0.26448,0.22211,0.12637
27-01-2026 09:40,25090.85,0.4547,0.4137,0.39014,0.38476,0.40993,0.44455,0.48925,0.53745,0.58193,0.63655,0.68678,0.73576,0.76941,0.81462,0.79603,0.74443,0.69617,0.64951,0.60292,0.55029,0.49947,0.45308,0.40468,0.36501,0.333,0.30009,0.26344,0.20389999999999997
27-01-2026 09:45,25142.05,0.36816,0.34955,0.3373,0.34272,0.36459880449348964,0.40126,0.44811,0.49461,0.54701,0.59015,0.6404579994331504,0.6924388505804027,0.74219,0.78754,0.8200101273734407,0.77235,0.7223029345655098,0.6754,0.63383,0.58196,0.52995,0.48068031097180675,0.43571,0.40108,0.3768,0.35236,0.324063513886297,0.29136
27-01-2026 09:50,25142.45,0.34662,0.32683,0.31992,0.32756,0.35831,0.39611,0.44871,0.50094,0.54737,0.59426,0.65191,0.6991922304050701,0.74216,0.78114,0.820884790925826,0.77273,0.72082,0.67648,0.6290810921479039,0.58085,0.53176,0.48237,0.4405,0.40779,0.3841373550667581,0.3640361781921067,0.34076,0.30921
27-01-2026 09:55,25130.4,0.32119,0.31184,0.31403,0.32672,0.36179,0.4070643998092737,0.45679,0.51181,0.5630107934928725,0.61344,0.6630571139133556,0.71226,0.75959,0.7934,0.80994,0.7601,0.72919,0.6803144468141088,0.6264,0.56905,0.516,0.46864,0.42882,0.40636743202725367,0.387706593171091,0.37073,0.35384552286541643,0.33787999999999996
27-01-2026 10:00,25139.8,0.32443,0.3093492086172512,0.3075555882227087,0.32502,0.35849851570558805,0.40375,0.45735952322821055,0.51008,0.56064,0.6120701606882454,0.66324,0.70756,0.7568447797011638,0.8059432270872563,0.83447,0.78289,0.7338860671919867,0.68513,0.633,0.58504,0.52821,0.47811,0.431,0.39817,0.37604,0.35656,0.33606,0.3109799999999999
27-01-2026 10:05,25125.85,0.30215,0.29677,0.30128,0.32297,0.36228,0.40899,0.46656,0.51932,0.57315,0.62148,0.67629,0.72081,0.7619185760814001,0.80129,0.8398426080819155,0.7862895018234423,0.73296,0.6847543368972483,0.63328,0.57812,0.52108,0.47288,0.43083,0.40016,0.38385,0.37058,0.35888,0.33865000000000006
27-01-2026 10:10,25088.75,0.4075,0.37616074383174547,0.35823,0.36103,0.38640475767600785,0.42782,0.48428,0.53178,0.58393,0.63445,0.68859,0.73067,0.7829,0.82034,0.81291,0.76659,0.71267,0.66199,0.6086218947305025,0.55399,0.49687,0.44858,0.39699,0.36248,0.33467,0.30463689382235076,0.27156,0.21831000000000003
27-01-2026 10:15,25129.65,0.43897,0.39066,0.36472,0.36018,0.38258,0.41304,0.45896767765828567,0.51171,0.56872,0.61118,0.66561,0.71362,0.75313,0.79688,0.84848,0.7956,0.74158,0.69533,0.63808,0.58309,0.53429,0.47852,0.43107,0.38655,0.35069,0.31475,0.27834,0.22729
27-01-2026 10:20,25170.2,0.32589,0.30563,0.2999989356509259,0.31025,0.34257,0.38807,0.4405758926799912,0.49493,0.553,0.59737,0.65279,0.69651,0.74989,0.78886,0.87099,0.8264165423216588,0.78094,0.73318,0.67496,0.62221,0.56933,0.5150027801254153,0.4627734789280558,0.42046,0.38904687838951624,0.36053,0.3315244312328637,0.30288
27-01-2026 10:25,25164.05,0.25371,0.26218,0.27617,0.30173,0.34283,0.39283,0.4492,0.50273,0.5545015256010443,0.60586,0.67118,0.7224486172969202,0.7643543688563575,0.79871,0.87468,0.82807,0.77342,0.72691,0.67296,0.61698,0.5619,0.51093,0.4639678227960771,0.42822,0.40896,0.39390296670186087,0.38081,0.37269
27-01-2026 10:30,25123.35,0.3273,0.31534,0.31824146912417767,0.33808,0.37558422745620407,0.42491,0.48153,0.5340376920723199,0.58658,0.63961,0.6930452488946475,0.7464,0.79521,0.83545,0.85189,0.79916,0.75078,0.6991958533503819,0.64601,0.59014,0.54071,0.49048,0.43891,0.39674,0.36521909458865714,0.33773,0.31402,0.28019
27-01-2026 10:35,25122.35,0.2507446782544881,0.2792285204214987,0.3076,0.33586,0.37908,0.4324252823227222,0.48624,0.54057,0.58795,0.64561,0.7025,0.74763,0.79619,0.82755,0.8585,0.80533,0.75652,0.70959,0.65084,0.5966324086522575,0.5435826819141422,0.49179,0.4435,0.40453,0.37839567722417183,0.35626,0.33601,0.31486
27-01-2026 10:40,25095.65,0.24539512838708694,0.27705,0.30858,0.34517,0.39676,0.45506315608136494,0.5135,0.57223,0.62559,0.675812335206293,0.7257852086153567,0.7755,0.82494,0.87277,0.82604,0.77517,0.73559,0.66826,0.62248,0.56794,0.5176658068983949,0.46905,0.42666,0.41728,0.41798,0.42719,0.44604,0.47381000000000006
27-01-2026 10:45,25027.6,0.33335,0.33817,0.35486,0.3916322331880101,0.44222,0.49912,0.5557,0.61343,0.66951,0.72857,0.7772314840461235,0.82268,0.8678531251705061,0.91224,0.81134,0.75038,0.7007947065100909,0.64989,0.59084,0.53037,0.47477,0.42695,0.37786,0.3474668443456538,0.33006,0.31429159849166605,0.2975,0.26889
27-01-2026 10:50,25020.95,0.28946427951142006,0.3311,0.3683436135929357,0.41388,0.46816,0.5263772955848744,0.58347,0.63393,0.67963,0.74791,0.8027,0.8509,0.89024,0.94593,0.82915,0.7699605807670521,0.7106975540471332,0.65159,0.59194,0.5382,0.48057,0.4304,0.39093919917931375,0.36854,0.36669,0.37527,0.3900879902892771,0.40869
27-01-2026 10:55,24997.0,0.3272,0.35144074939356795,0.3830175399327619,0.4288,0.4841415336636865,0.53983,0.59563,0.64794,0.70518,0.76982,0.81506,0.8733,0.9259086911522523,0.97544,0.80799,0.7567167373824656,0.70166,0.64264,0.58219,0.52396,0.4684258688693142,0.41534,0.37268,0.35504,0.35497,0.36231037104131375,0.37213723380868746,0.3853
27-01-2026 11:00,24984.95,0.2916407305424078,0.3424169301116,0.3929928285702549,0.44337,0.49355,0.55304,0.60914,0.66918,0.7194,0.7846,0.83519,0.888387881405095,0.94099,0.99173,0.8301793384753361,0.7680399415176482,0.70616,0.63595,0.57545,0.5171565804748132,0.45921,0.40189,0.34996,0.32186,0.31013,0.29312,0.26525,0.201
27-01-2026 11:05,25008.55,0.35938,0.3704278061444885,0.39529,0.43643,0.48808,0.5467196564015608,0.60524,0.65624,0.71909,0.77679,0.83301,0.88779,0.93527,0.98664,0.8264164101876401,0.76668,0.72755,0.6646901238351265,0.599426985322952,0.53754,0.47948,0.42233,0.36786,0.33818,0.32588,0.3183205998187771,0.31009,0.29008
27-01-2026 11:10,25017.35,0.35447,0.36411900775585027,0.3917,0.4347723610999974,0.48639,0.54371,0.6021225808499754,0.66031,0.71616,0.78283,0.83535,0.90092,0.94465,0.9993390194344374,0.84323,0.78659,0.74005,0.66858,0.6106692399724166,0.55235,0.4899785139656514,0.42763,0.37099,0.33704,0.32149,0.3109532412073072,0.29971,0.2769400000000001
27-01-2026 11:15,25024.0,0.36044,0.36747,0.38888,0.42815,0.48191,0.53609,0.59681,0.65096,0.70102,0.77263,0.82914,0.88409,0.9350610229082318,0.9822000000000001,0.84713,0.79103,0.74571,0.67934,0.61259,0.5474573059925967,0.48546,0.42832,0.37381,0.33669,0.31376,0.29753,0.2813650502747148,0.2652646314585957
27-01-2026 11:20,25044.9,0.32104,0.3341366031287521,0.36439,0.41123,0.46217,0.52086,0.58499,0.63522,0.69429,0.7536187378357393,0.81298,0.87951,0.92713,0.96345,0.85907,0.8038,0.75361,0.68763,0.63226,0.56455,0.51188,0.45302,0.39312,0.36313,0.34214,0.33306,0.32606,0.31835
27-01-2026 11:25,25036.65,0.36696,0.36749,0.38782,0.42691,0.47610420927969777,0.52892,0.58582,0.63827,0.6913,0.76463,0.8207,0.88782,0.93488,0.9922327778283538,0.8658189588820133,0.80684,0.751831768340923,0.69546,0.6378654920147178,0.57808,0.5149,0.45444,0.39294,0.34485,0.31554,0.28932219552502886,0.26278,0.209
27-01-2026 11:30,25078.55,0.30177,0.31892,0.34583,0.39147,0.4455699361444473,0.50143,0.55908,0.6141768085402581,0.67088,0.73376,0.7958350589692086,0.85717,0.91064,0.95374,0.89745,0.84137,0.79065,0.72989,0.6712105248776334,0.61261,0.54192,0.4866,0.42664,0.38602,0.36245,0.34457,0.33544,0.3263464472027875
27-01-2026 11:35,25074.65,0.32212902951781147,0.34012,0.35804,0.39528,0.436,0.49221,0.55529,0.60544,0.66896,0.73161,0.79348,0.84687,0.91508,0.94711,0.90452,0.83873,0.7869605144988451,0.73505,0.67733,0.61641,0.54493,0.48589,0.42361,0.37293,0.33543,0.30897370047331363,0.28242,0.2514100000000001
27-01-2026 11:40,25088.45,0.51292,0.44935,0.42746,0.43359,0.45344,0.48777,0.54722,0.59689,0.6530146775759686,0.70847,0.76042,0.8143808368676259,0.86804,0.91268,0.9267843792585099,0.86574,0.8111289969672467,0.75212,0.68852,0.62328,0.56051,0.5012,0.43625,0.38682,0.3401,0.29952,0.25544,0.17427
27-01-2026 11:45,25159.6,0.26014,0.2794,0.30133,0.33437,0.37354,0.43836,0.49435,0.54956,0.60709,0.669482576749515,0.73216,0.78416,0.8274076561180101,0.86457,0.97798,0.9111,0.85324,0.79336,0.7316,0.6703059687188012,0.6095332212037102,0.5492461599882374,0.48941,0.44602,0.42422,0.41054,0.40549,0.41203
27-01-2026 11:50,25103.25,0.3271,0.32609,0.3415,0.37589,0.41313,0.4735619921235053,0.53389,0.59395,0.6461646716184969,0.69661,0.77721,0.81837,0.87825,0.9240499999999999,0.94209,0.87488,0.81721,0.76497,0.69521,0.63118,0.56521,0.50148,0.44941,0.41153137437311266,0.38774,0.3763914737929292,0.36494,0.34715
27-01-2026 11:55,25084.4,0.3602011274289923,0.37526,0.38544877653886794,0.4052,0.43891,0.49008,0.55875,0.60674,0.66333,0.71693,0.79863,0.85098,0.91214,0.9754626357701484,0.95193,0.8913316587750243,0.8284169652358007,0.76111,0.69042,0.61931,0.552205329581234,0.4910613419615329,0.43434,0.39001,0.3600680355069898,0.33146,0.30429,0.26015
27-01-2026 12:00,25100.25,0.3932,0.37693,0.37919,0.40248204598750464,0.44151,0.49354,0.5541,0.60307,0.65156,0.7128508783669827,0.77765,0.82725,0.8841485824822393,0.9408320469369184,0.9623,0.88186,0.82452,0.77303,0.7084937804020345,0.6376498546304322,0.571,0.5114225293554766,0.45472,0.40448,0.37113,0.34364,0.3181300000000001,0.29272183659836815
27-01-2026 12:05,25122.5,0.35913,0.347,0.35271,0.37884,0.42015,0.47865,0.53933,0.5974048384015286,0.65344,0.69809,0.78273,0.82285,0.89728,0.9605699616329246,0.98853,0.90705,0.84928,0.78884,0.72602,0.6541,0.59385,0.533965612551498,0.47451,0.42614895884583903,0.39439,0.37132,0.35220000000000007,0.3331563275484437
27-01-2026 12:10,25117.85,0.37709,0.3605,0.36361,0.38941,0.42902,0.4910887453241266,0.55495,0.59802,0.66477,0.72079,0.78509,0.84864,0.9070342115112856,0.9597200000000001,0.98491,0.90182,0.84542,0.79545,0.73937,0.6659,0.6032366163649169,0.54119,0.47988,0.42957,0.39059,0.36109,0.33405,0.3012
27-01-2026 12:15,25117.6,0.30765,0.31365,0.33785,0.38075,0.438,0.49899,0.56222,0.62062,0.6757291060722616,0.73016,0.7872230624908727,0.84696,0.9233,0.97212,1.01025,0.92673,0.85601,0.81432,0.7486,0.67419,0.61091,0.5507022384377562,0.494710062158902,0.44767,0.41968,0.39999,0.38464,0.37378
27-01-2026 12:20,25109.2,0.39454,0.3768495801794554,0.37656,0.40138,0.45359190578581554,0.51201,0.57587,0.62761,0.68817,0.73425,0.81144,0.8637,0.94107,0.99043,1.00465,0.93314,0.8762731218815583,0.819,0.7511327438887179,0.6835,0.62307,0.55271,0.48838,0.42912,0.37872,0.33881,0.294813659631041,0.24872999999999998
27-01-2026 12:25,25134.2,0.27995,0.29513,0.32954215563418277,0.37419,0.42935,0.4948,0.56462,0.6227330353624488,0.67951,0.73799,0.81575,0.85823,0.94879,0.9868600000000001,1.03517,0.94871,0.90214,0.8372549983482667,0.77268,0.72383,0.63977,0.58404,0.51233,0.4607884771253084,0.42482,0.40127,0.38577,0.37778
27-01-2026 12:30,25098.2,0.34532,0.3437585701115398,0.36118,0.4013,0.45691,0.52494,0.59417,0.66049,0.71503,0.76211,0.84146,0.89501,0.98724,1.00813,1.0379,0.95103,0.88906,0.83341,0.76474,0.70024,0.62633,0.56307,0.49249,0.4407,0.39862,0.36573,0.33397,0.29361
27-01-2026 12:35,25099.65,0.32818,0.3356,0.36352,0.41336,0.47017,0.53637,0.6027140668969223,0.66877,0.72412,0.7932719878551022,0.86377,0.92022,1.00022,1.03866,1.04009,0.97827,0.90271,0.8385783779492119,0.77667,0.71739,0.6443987724675072,0.57224,0.51253,0.45385,0.41578,0.3887106196942497,0.3681,0.3444028504238309
27-01-2026 12:40,25084.95,0.32991093040851166,0.35756,0.3851,0.43265,0.48939,0.55081,0.61517,0.6825740861960986,0.7513271899924947,0.81686,0.87549,0.936821703694866,0.99762,1.04657,1.04478,0.96906,0.90513,0.84759,0.7826493919643805,0.71012,0.62832,0.55539,0.49525,0.44707108194628375,0.4061029301779362,0.37123182864481935,0.34137,0.30328470723262546
27-01-2026 12:45,25083.9,0.2915250292464746,0.33588,0.38006,0.43751,0.49765,0.5643970305319137,0.63201,0.6997448954553175,0.76706,0.82994,0.8881197504573835,0.94517,1.0283,1.06306,1.05972,0.98286,0.91795,0.85952,0.78761,0.7134,0.6369,0.56286,0.50176,0.45209,0.42086,0.40056,0.38685,0.38058
27-01-2026 12:50,25065.25,0.3993,0.39715,0.42182,0.46947,0.52555,0.59988,0.66958,0.7266212445675571,0.78377,0.85703,0.9244258947254422,0.98798,1.0427099999999998,1.1069837964363705,1.07631,0.96973,0.90591,0.83859,0.75874,0.69506,0.62552,0.54605,0.4738524314021272,0.41217,0.36272,0.31743,0.27232152353307654,0.2273931213037459
27-01-2026 12:55,25094.45,0.33154,0.3502,0.3889,0.45387385778053335,0.5191362974237904,0.58448,0.6498135625141699,0.71484,0.77353,0.84815,0.9151375343898435,0.98176,1.05306,1.10751,1.10123,1.032197105490634,0.9599692772663576,0.88526,0.80352,0.7374,0.65314,0.57953,0.5093,0.44418,0.40057,0.36528,0.34277,0.3115
27-01-2026 13:00,25087.35,0.32893,0.348,0.3933894696836144,0.45282,0.52299,0.58998,0.66662,0.72416,0.795080544311487,0.86777,0.94264,1.00345,1.07589,1.13114,1.11403,1.03344,0.95265,0.8793927919484058,0.81111,0.74373,0.66463,0.5867396784134423,0.51132,0.45443,0.408,0.37208,0.33849,0.30072
27-01-2026 13:05,25077.3,0.37491,0.387,0.42388,0.47872,0.5369,0.61433,0.69302,0.74483,0.82368,0.87877,0.93987,1.01338,1.08612,1.1390100000000003,1.10891,1.0321005656695734,0.96104,0.90142,0.80672,0.74013,0.66738,0.5843343601400093,0.50256,0.44235,0.39345991180470213,0.34786,0.30785,0.25246
27-01-2026 13:10,25078.6,0.38621,0.39523,0.43152,0.48027,0.54075,0.6185,0.6834,0.75694,0.82697,0.90538,0.98283,1.04564,1.12058,1.15819,1.12954,1.0471,0.96446,0.90732,0.8371918541683744,0.76234,0.68031,0.6036882999426307,0.5309969288642317,0.4643399392051259,0.40577,0.35911,0.31882,0.25628
27-01-2026 13:15,25088.55,0.37844540561553297,0.41003,0.44149,0.48748,0.54588,0.62644,0.70165,0.76234,0.83383,0.88793,0.99268,1.0726882449267447,1.13316,1.14869,1.15813,1.07422,0.99013,0.9322,0.83392,0.77672,0.6970700790995583,0.61558,0.53137,0.46989,0.41386,0.36185,0.3130199478350145,0.26639
27-01-2026 13:20,25085.9,0.43553,0.43431,0.45449,0.49675,0.55424,0.6321952173132102,0.71032,0.7869802887176284,0.86254,0.92093,1.00047,1.0453,1.15693,1.1961400000000002,1.15829,1.07399,1.0118645245547395,0.94771,0.8641857409426614,0.78017,0.70546,0.61252,0.5345535318092551,0.4614,0.39462,0.34744513138983946,0.3026,0.23747
27-01-2026 13:25,25098.05,0.46141,0.45251,0.46505,0.50455,0.56244,0.6377508583603788,0.71329,0.78384,0.86895,0.94142,1.01001,1.09028,1.1697,1.21001,1.1754778794785514,1.10515,1.05253,0.97691,0.89784,0.81566,0.73052,0.64864,0.56142,0.47273,0.40676,0.34945,0.30219,0.2551186631767521
27-01-2026 13:30,25112.65,0.36831,0.38375,0.4279018822123692,0.48536,0.55493,0.63535,0.71437,0.79586,0.87378,0.94799,1.03188,1.1012183583818091,1.16419,1.22291,1.22766,1.15967,1.08677,1.009620009968775,0.92938,0.8445215594561674,0.75914,0.68207,0.58743,0.5117,0.44197,0.39028,0.35284,0.3155494614756135
27-01-2026 13:35,25095.5,0.28249,0.35130252095178643,0.42153,0.49482,0.5748030899103478,0.65956,0.7536,0.8196,0.9022317194203608,0.98382,1.0609753766441683,1.1372228231998498,1.2120534541658567,1.28497,1.21494,1.1638821896033906,1.09508,1.00257,0.93371,0.8524911637191352,0.7670422767385043,0.68561,0.616458223299692,0.56349,0.5337235290140757,0.52212,0.53098,0.5924900000000001
27-01-2026 13:40,25049.05,0.37743,0.42277,0.49073,0.5752824328497158,0.66038,0.74594,0.82367,0.90134,0.97221,1.06132,1.1209,1.1971246106571993,1.27192,1.33216,1.20272,1.13539,1.06165,0.99634,0.92155,0.83142,0.73084,0.64204,0.55651,0.4863,0.42132,0.39112,0.36411,0.33202
27-01-2026 13:45,25044.1,0.42625,0.46042912241075695,0.51533,0.59021,0.6687251457395202,0.747296290698822,0.8259997137800191,0.9049099152179718,0.9840996566171316,1.06364,1.15186,1.2255759043253118,1.287524029374638,1.34114,1.2555570901954958,1.168647104097424,1.0821,0.9985640393754054,0.91634,0.83709,0.73498,0.63898,0.55494,0.46982018128259956,0.39944,0.35232,0.30672,0.22099000000000002
27-01-2026 13:50,25054.3,0.37171,0.42344,0.49546,0.57747,0.67696,0.75746,0.85059,0.94007,1.0022,1.08021,1.1702320615431274,1.26015,1.34868,1.39246,1.314,1.233826978295406,1.15066,1.06292,0.9819,0.88599,0.77972,0.67892,0.58948,0.50801,0.44438338656094967,0.39785,0.36369850692245537,0.34367
27-01-2026 13:55,25040.65,0.38421,0.43769,0.5182258023965219,0.6083,0.70442,0.8001044889078132,0.89528,0.97861,1.05464,1.13671,1.21434,1.30604,1.37665,1.44131,1.3308670676769199,1.23488,1.1638691220925141,1.0848979816487252,0.99334,0.8903217702213176,0.784310693052035,0.68166,0.5840567761908048,0.48888,0.40466,0.35048556868935804,0.29989,0.20916999999999997
27-01-2026 14:00,25042.35,0.32664,0.4114,0.50478,0.60881,0.70982,0.80406,0.89113,0.96993,1.0818,1.15066,1.22752,1.3206,1.41273,1.50397,1.3825831926654506,1.28946,1.18482,1.0946,1.01173,0.9101489292681987,0.8088,0.7078067538811025,0.6073,0.52322,0.44833,0.41858,0.38894923879684234,0.3594367643803577
27-01-2026 14:05,25010.6,0.39868,0.48123,0.5754443173902207,0.67489,0.78007,0.8774605583510916,0.9730993703546005,1.0674,1.15967,1.2444998135431913,1.3278375474714759,1.41135,1.4952935782737868,1.57916,1.35802,1.27511,1.1922545593360965,1.10648,0.99522,0.89362,0.78825,0.67908,0.56582,0.47476,0.3972094593183124,0.32586,0.27633,0.12281000000000002
27-01-2026 14:10,25041.35,0.37357,0.45821,0.55878,0.6676242647807196,0.77277,0.86212,0.94634,1.05464,1.156635084392335,1.25296,1.3291274757686777,1.40178,1.49949,1.56997,1.40252,1.3311312036283247,1.2457124897939584,1.14421,1.0163,0.91977,0.8388,0.72874,0.6210409064586077,0.51409,0.41328,0.3543,0.31415,0.2583599999999999
27-01-2026 14:15,25034.25,0.3695,0.45459,0.56798,0.67166,0.7814121850203583,0.89058,0.9884663954389443,1.08509,1.19427,1.31635,1.37374,1.49623,1.55624,1.6288800000000003,1.44116,1.35926,1.2773389163124538,1.18998,1.05823,0.9419,0.8388488038322607,0.73568,0.62576,0.52151,0.41642,0.3548551890520861,0.31669,0.27147
27-01-2026 14:20,25028.4,0.40083,0.48493,0.59172,0.696038311286077,0.79921,0.89922,1.0028,1.10091,1.1958112612444594,1.288522146701922,1.38358,1.51294,1.61732,1.7192808503217363,1.48547,1.33764,1.3076,1.1884779958731557,1.07166,0.96811,0.8591,0.75421,0.6467,0.5403,0.44549,0.3874,0.34854,0.2899399999999999
27-01-2026 14:25,25022.0,0.42522,0.51321,0.62323,0.7317,0.84639,0.9482163718465482,1.04852,1.1661,1.26484,1.37808,1.46805,1.55096,1.65772,1.76347,1.5799460159913956,1.4618991534123822,1.3443451810475529,1.22728,1.1141661597909374,0.9998399636335442,0.88354,0.76492,0.64858,0.5281,0.41587678554450436,0.311209672805022,0.21224937386393455,0.11719000000000002
27-01-2026 14:30,25040.85,0.39181,0.50066,0.62518,0.75971,0.88623,0.99624,1.1264,1.2432,1.34177,1.46343,1.56662,1.66481,1.7665285474734298,1.87057,1.57868,1.49654,1.4128551509608747,1.32053,1.2060292356942088,1.07647,0.944,0.8212,0.6961575360729847,0.57136,0.45098,0.36207,0.30341,0.24498417227990427
27-01-2026 14:35,25042.95,0.54896,0.57786,0.66313,0.76466,0.89905,1.00651,1.09641,1.22306,1.34797,1.50913,1.6000909563018417,1.68869,1.77649,1.8546,1.65134,1.52633,1.4587217141103725,1.38194,1.2590058448862047,1.12711,0.98879,0.87119,0.74329,0.60591,0.46679,0.33689640256920006,0.21776095260913517,0.10484000000000002
27-01-2026 14:40,25097.55,0.33389,0.42508,0.55551,0.67826,0.78645,0.92303,1.03769,1.16763,1.23569,1.42219,1.5336064621194117,1.63715,1.7356184990709145,1.83068,1.7994,1.6687,1.5727312950167347,1.47385,1.33685,1.22119,1.06074,0.93888,0.84334,0.69108,0.5462861458681332,0.40992,0.31756,0.26193
27-01-2026 14:45,25108.1,0.37525,0.42842,0.5544038021699457,0.68849,0.8273,0.97349,1.11692,1.23827,1.32278,1.48454,1.58344,1.7115799999999999,1.837160934833351,1.9622670823904227,1.91042,1.71363,1.627070015773676,1.53578,1.4068612527992108,1.27885,1.15422,1.00505,0.88216,0.738109373696553,0.58912,0.43418,0.30565,0.20319
27-01-2026 14:50,25122.3,0.30852978089924465,0.4328,0.55658,0.70672,0.84021,0.9529,1.12283,1.2329780023609653,1.34638,1.48257,1.61719,1.79522,1.88216,1.94677,2.032816478775423,1.89989,1.7780431739445206,1.64927,1.5135032426271302,1.37749,1.24586,1.08792,0.94426,0.78047,0.6251207185753016,0.47032,0.31555,0.16639
27-01-2026 14:55,25143.55,0.35345,0.38729,0.52999,0.6765479540768454,0.82563,1.0072,1.1588734413065886,1.2937,1.40702,1.55288,1.69702,1.7779,1.8609953923186224,1.94457,2.187774825388791,2.06243,1.9749937807955293,1.86546,1.7262,1.55776,1.38835,1.2177,1.08865,0.90835,0.7467959516425495,0.58392,0.39964,0.24165999999999999
27-01-2026 15:00,25118.0,0.22867,0.42577,0.5949878939880766,0.76229,0.93694,1.07719,1.24115,1.40258,1.56178,1.66008,1.71452,2.02809,2.10815,2.13811,2.27781,2.11407,1.9501,1.839511869210679,1.72376,1.54954,1.37437,1.19798,1.01998,0.8521506640410353,0.6876,0.51939,0.32524999999999993,0.1318850120426234
27-01-2026 15:05,25134.65,0.20763,0.42034,0.58577,0.74767,0.96576,1.10655,1.2084,1.45281,1.62229,1.78968,1.85084,2.006691608974355,2.16189,2.31529,2.60916,2.34411,2.161584962339467,2.012230938707417,1.8632749886037219,1.68275,1.44213,1.2789972685524478,1.11695,0.95237,0.75249,0.56259,0.35433,0.11643999999999999
27-01-2026 15:10,25154.95,0.16803,0.40933,0.6273481605427951,0.82645,0.9750962611590248,1.12661,1.3516789579659199,1.58429,1.7832547331705157,1.96159,2.03204,2.3302,2.38021,2.55189,2.71129,2.4617304337076997,2.274611252563965,2.13747,2.13017,1.85502,1.65228,1.44843,1.2431,0.97402,0.82574,0.6253346779710907,0.40968,0.17324
27-01-2026 15:15,25174.85,0.14225,0.42629,0.6745,0.81392,1.03772,1.33488,1.47205,1.714624452630825,1.9947653072214098,2.22048,2.30421,2.50644,2.706395016969026,2.90515,3.17201,2.95157,2.88296,2.51011,2.4194,2.06703,1.84445,1.62086,1.39592,1.16917,1.00123,0.75534,0.498132463081443,0.23712
27-01-2026 15:20,25198.1,0.05,0.39816,0.69406,0.9513114900044874,1.20671,1.47601,1.84647,2.00071,2.3320034248059263,2.6557,2.76165,3.005661804674447,3.314893734883929,3.6907599999999996,3.9513002757893787,3.677242991585339,3.40433,3.13418,2.86358,2.59234,2.32024,2.04698,1.77218,1.4953,1.21558,0.95091307724369,0.68798,0.3403999999999999
27-01-2026 15:25,25242.4,0.05,0.35816,0.73157,1.13908,1.53259,1.91634,2.29252,2.66246,3.02705,3.3867431940556787,3.74259,4.10139055482627,4.458829434442892,4.814916935107667,5.778063213112305,5.38476,4.97453,4.59339,4.21172,3.82927,3.44575,3.06078,2.6739,2.28444,1.89151,1.4925094041174694,1.0887100000000003,0.6897152080589652
