id,value
07-01-2026 09:15||NIFTY27JAN2624100PE,0.1634082426523214
07-01-2026 09:15||NIFTY27JAN2625500CE,0.1137738901267429
07-01-2026 09:15||NIFTY27JAN2625800CE,0.1014737328020424
07-01-2026 09:20||NIFTY27JAN2624000PE,0.1700406053867115
07-01-2026 09:20||NIFTY27JAN2624200PE,0.1600553397387514
07-01-2026 09:20||NIFTY27JAN2624800PE,0.1282329589083411
07-01-2026 09:20||NIFTY27JAN2625000PE,0.1186710789796688
07-01-2026 09:20||NIFTY27JAN2625300CE,0.1034014631731337
07-01-2026 09:20||NIFTY27JAN2625400CE,0.1149443236222809
07-01-2026 09:20||NIFTY27JAN2625800CE,0.1062258771372356
07-01-2026 09:20||NIFTY27JAN2625900CE,0.1017272066388284
07-01-2026 09:25||NIFTY27JAN2624300PE,0.1541264638359824
07-01-2026 09:25||NIFTY27JAN2625100PE,0.1128712375814708
07-01-2026 09:25||NIFTY27JAN2625300CE,0.0928694015850451
07-01-2026 09:25||NIFTY27JAN2626500CE,0.0843875049544946
07-01-2026 09:30||NIFTY27JAN2623900PE,0.1776357195690597
07-01-2026 09:30||NIFTY27JAN2624300PE,0.1518392070311468
07-01-2026 09:30||NIFTY27JAN2625900CE,0.1011463316725055
07-01-2026 09:30||NIFTY27JAN2626400CE,0.0897159904822226
07-01-2026 09:35||NIFTY27JAN2623900PE,0.1777505704107512
07-01-2026 09:35||NIFTY27JAN2624600PE,0.1371324916896218
07-01-2026 09:35||NIFTY27JAN2625100PE,0.1112134731163623
07-01-2026 09:35||NIFTY27JAN2625900CE,0.1019144739044941
07-01-2026 09:35||NIFTY27JAN2626100CE,0.0965501108674086
07-01-2026 09:40||NIFTY27JAN2625100PE,0.1137200399734932
07-01-2026 09:40||NIFTY27JAN2625600CE,0.086754559972819
07-01-2026 09:40||NIFTY27JAN2625800CE,0.0865304046764503
07-01-2026 09:40||NIFTY27JAN2625900CE,0.085422169601991
07-01-2026 09:40||NIFTY27JAN2626200CE,0.0834252878885259
07-01-2026 09:45||NIFTY27JAN2625000PE,0.1158498992850191
07-01-2026 09:45||NIFTY27JAN2625200CE,0.128520039708423
07-01-2026 09:45||NIFTY27JAN2625900CE,0.0997832451146829
07-01-2026 09:45||NIFTY27JAN2626400CE,0.0893525479422062
07-01-2026 09:50||NIFTY27JAN2623800PE,0.180514687704265
07-01-2026 09:50||NIFTY27JAN2624500PE,0.1412975015064102
07-01-2026 09:50||NIFTY27JAN2624900PE,0.1210907968925745
07-01-2026 09:50||NIFTY27JAN2625200CE,0.1320039209066675
07-01-2026 09:50||NIFTY27JAN2625500CE,0.1075570801793011
07-01-2026 09:50||NIFTY27JAN2625600CE,0.1071160908916781
07-01-2026 09:50||NIFTY27JAN2626400CE,0.088049978852925
07-01-2026 09:55||NIFTY27JAN2624300PE,0.1515132782478334
07-01-2026 09:55||NIFTY27JAN2624700PE,0.1305226039674203
07-01-2026 09:55||NIFTY27JAN2625000PE,0.1151586321327841
07-01-2026 09:55||NIFTY27JAN2625500CE,0.1274763803196995
07-01-2026 09:55||NIFTY27JAN2625800CE,0.1093578680951784
07-01-2026 09:55||NIFTY27JAN2625900CE,0.1070590621888495
07-01-2026 10:00||NIFTY27JAN2624600PE,0.1372601672795558
07-01-2026 10:00||NIFTY27JAN2625000PE,0.1173165657041216
07-01-2026 10:00||NIFTY27JAN2625900CE,0.0994773009336635
07-01-2026 10:00||NIFTY27JAN2626100CE,0.0949533850148945
07-01-2026 10:00||NIFTY27JAN2626500CE,0.0870115634825478
07-01-2026 10:05||NIFTY27JAN2625200CE,0.0515785343365643
07-01-2026 10:05||NIFTY27JAN2625500CE,0.1117404511999739
07-01-2026 10:05||NIFTY27JAN2626300CE,0.0938158635743154
07-01-2026 10:10||NIFTY27JAN2623800PE,0.1848519914955053
07-01-2026 10:10||NIFTY27JAN2623900PE,0.1788735145486827
07-01-2026 10:10||NIFTY27JAN2624200PE,0.1608718086855342
07-01-2026 10:10||NIFTY27JAN2625500CE,0.0998393689494665
07-01-2026 10:10||NIFTY27JAN2625600CE,0.1031701696266397
07-01-2026 10:10||NIFTY27JAN2625700CE,0.1060848467111379
07-01-2026 10:10||NIFTY27JAN2625900CE,0.1030217789506269
07-01-2026 10:10||NIFTY27JAN2626000CE,0.1000609060070658
07-01-2026 10:15||NIFTY27JAN2623900PE,0.1790544998429833
07-01-2026 10:15||NIFTY27JAN2625700CE,0.092918695366154
07-01-2026 10:15||NIFTY27JAN2626100CE,0.0873694245932142
07-01-2026 10:15||NIFTY27JAN2626200CE,0.0863465760223025
07-01-2026 10:15||NIFTY27JAN2626500CE,0.0833396887433192
07-01-2026 10:20||NIFTY27JAN2624000PE,0.1722472976782049
07-01-2026 10:20||NIFTY27JAN2624200PE,0.1617294759612322
07-01-2026 10:20||NIFTY27JAN2624300PE,0.1558330455196891
07-01-2026 10:20||NIFTY27JAN2624500PE,0.1450937900520057
07-01-2026 10:20||NIFTY27JAN2625500CE,0.1150742925297294
07-01-2026 10:20||NIFTY27JAN2625700CE,0.1020103284822646
07-01-2026 10:20||NIFTY27JAN2626100CE,0.0909485095184784
07-01-2026 10:25||NIFTY27JAN2624000PE,0.1705781293418108
07-01-2026 10:25||NIFTY27JAN2624100PE,0.1655337146372682
07-01-2026 10:25||NIFTY27JAN2625600CE,0.0983095875873949
07-01-2026 10:25||NIFTY27JAN2625700CE,0.0954687709105571
07-01-2026 10:25||NIFTY27JAN2626100CE,0.0894804767066379
07-01-2026 10:30||NIFTY27JAN2624200PE,0.159206977726287
07-01-2026 10:30||NIFTY27JAN2625100PE,0.110362674711044
07-01-2026 10:30||NIFTY27JAN2625500CE,0.1163883345985868
07-01-2026 10:30||NIFTY27JAN2625600CE,0.1111972906822998
07-01-2026 10:30||NIFTY27JAN2626000CE,0.096157369664379
07-01-2026 10:30||NIFTY27JAN2626200CE,0.0920627296392763
07-01-2026 10:30||NIFTY27JAN2626300CE,0.0901222774274911
07-01-2026 10:35||NIFTY27JAN2623800PE,0.1819369311457841
07-01-2026 10:35||NIFTY27JAN2624200PE,0.1587917233973919
07-01-2026 10:35||NIFTY27JAN2624500PE,0.1426589847345032
07-01-2026 10:35||NIFTY27JAN2625000PE,0.1163006481439735
07-01-2026 10:35||NIFTY27JAN2625400CE,0.1246742354482022
07-01-2026 10:35||NIFTY27JAN2625500CE,0.1166723716889605
07-01-2026 10:35||NIFTY27JAN2626100CE,0.0955924258127939
07-01-2026 10:35||NIFTY27JAN2626300CE,0.091125488609726
07-01-2026 10:40||NIFTY27JAN2623900PE,0.1777664906363899
07-01-2026 10:40||NIFTY27JAN2624900PE,0.1223777751058236
07-01-2026 10:40||NIFTY27JAN2625100PE,0.1116818776952507
07-01-2026 10:40||NIFTY27JAN2625200CE,0.1305442119793929
07-01-2026 10:40||NIFTY27JAN2625400CE,0.1165919097054564
07-01-2026 10:40||NIFTY27JAN2625600CE,0.1059895455939769
07-01-2026 10:40||NIFTY27JAN2625800CE,0.1000738421779418
07-01-2026 10:40||NIFTY27JAN2626100CE,0.0926534464749723
07-01-2026 10:40||NIFTY27JAN2626300CE,0.0889208836905243
07-01-2026 10:45||NIFTY27JAN2624000PE,0.1710765529079567
07-01-2026 10:45||NIFTY27JAN2625100PE,0.1111325549502463
07-01-2026 10:45||NIFTY27JAN2625300CE,0.1184578223061354
07-01-2026 10:45||NIFTY27JAN2626000CE,0.0944213068011983
07-01-2026 10:45||NIFTY27JAN2626400CE,0.0872931544836234
07-01-2026 10:50||NIFTY27JAN2623900PE,0.1765855224799115
07-01-2026 10:50||NIFTY27JAN2624200PE,0.1598653333334312
07-01-2026 10:50||NIFTY27JAN2625600CE,0.1138204090239739
07-01-2026 10:50||NIFTY27JAN2625800CE,0.1027247812698878
07-01-2026 10:55||NIFTY27JAN2624300PE,0.1555911448647096
07-01-2026 10:55||NIFTY27JAN2624900PE,0.1235871191649968
07-01-2026 10:55||NIFTY27JAN2625500CE,0.1028588651016518
07-01-2026 11:00||NIFTY27JAN2624200PE,0.1605554634316908
07-01-2026 11:00||NIFTY27JAN2626500CE,0.0893134325999427
07-01-2026 11:05||NIFTY27JAN2624300PE,0.1563873232570816
07-01-2026 11:05||NIFTY27JAN2624600PE,0.1403932638008333
07-01-2026 11:05||NIFTY27JAN2624800PE,0.1299631628094512
07-01-2026 11:05||NIFTY27JAN2625200CE,0.05
07-01-2026 11:05||NIFTY27JAN2626000CE,0.0948656200998997
07-01-2026 11:05||NIFTY27JAN2626200CE,0.0900308623974534
07-01-2026 11:10||NIFTY27JAN2624400PE,0.1492251341007015
07-01-2026 11:10||NIFTY27JAN2624800PE,0.1289835706867971
07-01-2026 11:10||NIFTY27JAN2625200CE,0.0828157027764584
07-01-2026 11:10||NIFTY27JAN2625500CE,0.1122678598214658
07-01-2026 11:10||NIFTY27JAN2625700CE,0.0999565254798668
07-01-2026 11:10||NIFTY27JAN2625900CE,0.094262985686484
07-01-2026 11:10||NIFTY27JAN2626300CE,0.0869873544050515
07-01-2026 11:15||NIFTY27JAN2624000PE,0.1710238685244146
07-01-2026 11:15||NIFTY27JAN2624800PE,0.1273781934984975
07-01-2026 11:15||NIFTY27JAN2625400CE,0.1189233992978187
07-01-2026 11:15||NIFTY27JAN2626100CE,0.0954905088431604
07-01-2026 11:15||NIFTY27JAN2626300CE,0.0909597533993124
07-01-2026 11:20||NIFTY27JAN2623800PE,0.1818005583612225
07-01-2026 11:20||NIFTY27JAN2624200PE,0.1598713340190072
07-01-2026 11:20||NIFTY27JAN2624900PE,0.1222980454981794
07-01-2026 11:20||NIFTY27JAN2625300CE,0.1393305266014517
07-01-2026 11:20||NIFTY27JAN2625700CE,0.0989935844564772
07-01-2026 11:20||NIFTY27JAN2626000CE,0.093338829531639
07-01-2026 11:25||NIFTY27JAN2623800PE,0.1809376238728976
07-01-2026 11:25||NIFTY27JAN2624400PE,0.1481854181671333
07-01-2026 11:25||NIFTY27JAN2624800PE,0.1265828428496029
07-01-2026 11:25||NIFTY27JAN2625300CE,0.1440798190224461
07-01-2026 11:25||NIFTY27JAN2625700CE,0.1056318441114268
07-01-2026 11:25||NIFTY27JAN2625800CE,0.10215783975919
07-01-2026 11:25||NIFTY27JAN2625900CE,0.0988710172650826
07-01-2026 11:25||NIFTY27JAN2626000CE,0.0959501802156874
07-01-2026 11:25||NIFTY27JAN2626200CE,0.0915176812691194
07-01-2026 11:30||NIFTY27JAN2624300PE,0.1539978598594268
07-01-2026 11:30||NIFTY27JAN2624400PE,0.1487222713239011
07-01-2026 11:35||NIFTY27JAN2624900PE,0.1225515879408352
07-01-2026 11:35||NIFTY27JAN2626300CE,0.0874064320569364
07-01-2026 11:40||NIFTY27JAN2624000PE,0.171117521052427
07-01-2026 11:40||NIFTY27JAN2624500PE,0.142907536814718
07-01-2026 11:40||NIFTY27JAN2625200CE,0.1081767325342941
07-01-2026 11:40||NIFTY27JAN2625900CE,0.1005509983131317
07-01-2026 11:45||NIFTY27JAN2624000PE,0.1704238009606253
07-01-2026 11:45||NIFTY27JAN2625000PE,0.115727251300313
07-01-2026 11:45||NIFTY27JAN2625500CE,0.1177551781912615
07-01-2026 11:45||NIFTY27JAN2625600CE,0.1121836483818514
07-01-2026 11:45||NIFTY27JAN2626400CE,0.0884661541709388
07-01-2026 11:50||NIFTY27JAN2624000PE,0.17031831884628
07-01-2026 11:50||NIFTY27JAN2624600PE,0.1371512586593779
07-01-2026 11:50||NIFTY27JAN2625700CE,0.1037424840896784
07-01-2026 11:50||NIFTY27JAN2626400CE,0.0853687150173668
07-01-2026 11:55||NIFTY27JAN2623900PE,0.1758803636008367
07-01-2026 11:55||NIFTY27JAN2625200CE,0.1494646838305468
07-01-2026 11:55||NIFTY27JAN2625400CE,0.1208805534175953
07-01-2026 11:55||NIFTY27JAN2626100CE,0.0932391469332793
07-01-2026 11:55||NIFTY27JAN2626300CE,0.08899170928537
07-01-2026 12:00||NIFTY27JAN2624300PE,0.1521617525769342
07-01-2026 12:00||NIFTY27JAN2624500PE,0.1411977553625114
07-01-2026 12:00||NIFTY27JAN2625500CE,0.1143349748296763
07-01-2026 12:00||NIFTY27JAN2625600CE,0.1095309274576741
07-01-2026 12:00||NIFTY27JAN2626400CE,0.0871172548629058
07-01-2026 12:05||NIFTY27JAN2624200PE,0.1577385200181101
07-01-2026 12:05||NIFTY27JAN2624300PE,0.1518815907092068
07-01-2026 12:05||NIFTY27JAN2625300CE,0.1432003357881466
07-01-2026 12:05||NIFTY27JAN2625900CE,0.101091794886779
07-01-2026 12:05||NIFTY27JAN2626000CE,0.0979089767518485
07-01-2026 12:05||NIFTY27JAN2626300CE,0.0906277483442783
07-01-2026 12:05||NIFTY27JAN2626400CE,0.0888569890723406
07-01-2026 12:10||NIFTY27JAN2624000PE,0.1685828930328991
07-01-2026 12:10||NIFTY27JAN2625200CE,0.1678221784322227
07-01-2026 12:10||NIFTY27JAN2625600CE,0.1156528596973286
07-01-2026 12:10||NIFTY27JAN2626500CE,0.0870295922399905
07-01-2026 12:15||NIFTY27JAN2624300PE,0.1510742743447785
07-01-2026 12:15||NIFTY27JAN2625000PE,0.113962965993476
07-01-2026 12:15||NIFTY27JAN2625100PE,0.1082787146184688
07-01-2026 12:15||NIFTY27JAN2625300CE,0.1445027123790305
07-01-2026 12:15||NIFTY27JAN2625500CE,0.1219506654494634
07-01-2026 12:15||NIFTY27JAN2625600CE,0.1167829948621064
07-01-2026 12:20||NIFTY27JAN2624000PE,0.1683405560356896
07-01-2026 12:20||NIFTY27JAN2624400PE,0.1456895257566803
07-01-2026 12:20||NIFTY27JAN2625100PE,0.1101195609303021
07-01-2026 12:20||NIFTY27JAN2626100CE,0.0960458330702893
07-01-2026 12:25||NIFTY27JAN2624400PE,0.1458950797059783
07-01-2026 12:25||NIFTY27JAN2624600PE,0.1358090081164975
07-01-2026 12:25||NIFTY27JAN2624700PE,0.1308620729705803
07-01-2026 12:25||NIFTY27JAN2625300CE,0.1362606953577811
07-01-2026 12:25||NIFTY27JAN2626300CE,0.0902339003444004
07-01-2026 12:30||NIFTY27JAN2623800PE,0.1793218668380173
07-01-2026 12:30||NIFTY27JAN2624000PE,0.1683238082797484
07-01-2026 12:30||NIFTY27JAN2624100PE,0.1627352842585785
07-01-2026 12:30||NIFTY27JAN2624500PE,0.1415512080727371
07-01-2026 12:30||NIFTY27JAN2624600PE,0.1358861998216926
07-01-2026 12:30||NIFTY27JAN2625200CE,0.1361568317270818
07-01-2026 12:30||NIFTY27JAN2626300CE,0.0916255795234178
07-01-2026 12:35||NIFTY27JAN2625100PE,0.1099807585382798
07-01-2026 12:35||NIFTY27JAN2625300CE,0.1302825732188693
07-01-2026 12:35||NIFTY27JAN2625400CE,0.122512676530259
07-01-2026 12:35||NIFTY27JAN2626300CE,0.0912138034785445
07-01-2026 12:35||NIFTY27JAN2626500CE,0.0867512001907788
07-01-2026 12:40||NIFTY27JAN2625100PE,0.1108700399734933
07-01-2026 12:40||NIFTY27JAN2625700CE,0.0991718363528473
07-01-2026 12:45||NIFTY27JAN2623800PE,0.1773638256004631
07-01-2026 12:45||NIFTY27JAN2624000PE,0.1662351951537613
07-01-2026 12:45||NIFTY27JAN2624900PE,0.1196141507165831
07-01-2026 12:45||NIFTY27JAN2625000PE,0.1145824258554433
07-01-2026 12:45||NIFTY27JAN2625800CE,0.1019921703570172
07-01-2026 12:45||NIFTY27JAN2626400CE,0.0876203672832166
07-01-2026 12:50||NIFTY27JAN2624400PE,0.1453726355227273
07-01-2026 12:50||NIFTY27JAN2624700PE,0.12921247124048
07-01-2026 12:50||NIFTY27JAN2625100PE,0.1086411178206731
07-01-2026 12:50||NIFTY27JAN2626300CE,0.0906840548790906
07-01-2026 12:55||NIFTY27JAN2623800PE,0.1788613989733316
07-01-2026 12:55||NIFTY27JAN2623900PE,0.1732890661901977
07-01-2026 12:55||NIFTY27JAN2625100PE,0.1083020759070552
07-01-2026 12:55||NIFTY27JAN2625200CE,0.1258707647931579
07-01-2026 12:55||NIFTY27JAN2625300CE,0.1241069033709262
07-01-2026 13:00||NIFTY27JAN2624000PE,0.1685529635768047
07-01-2026 13:00||NIFTY27JAN2624400PE,0.1457047627181225
07-01-2026 13:00||NIFTY27JAN2624600PE,0.1348181637599059
07-01-2026 13:00||NIFTY27JAN2625300CE,0.1274640618254769
07-01-2026 13:00||NIFTY27JAN2625800CE,0.1050116033036637
07-01-2026 13:05||NIFTY27JAN2623900PE,0.1742440396524208
07-01-2026 13:05||NIFTY27JAN2624700PE,0.1298393017744886
07-01-2026 13:05||NIFTY27JAN2625200CE,0.1173758014560511
07-01-2026 13:05||NIFTY27JAN2625400CE,0.1188604793802433
07-01-2026 13:05||NIFTY27JAN2626100CE,0.0938023509531252
07-01-2026 13:10||NIFTY27JAN2624400PE,0.1459698788123941
07-01-2026 13:10||NIFTY27JAN2624700PE,0.1303598564750361
07-01-2026 13:10||NIFTY27JAN2625400CE,0.1175688935744924
07-01-2026 13:10||NIFTY27JAN2625900CE,0.0976873792159552
07-01-2026 13:10||NIFTY27JAN2626400CE,0.0866619313252655
07-01-2026 13:15||NIFTY27JAN2624600PE,0.1349442361169426
07-01-2026 13:15||NIFTY27JAN2625400CE,0.1190239795395771
07-01-2026 13:15||NIFTY27JAN2625500CE,0.1170233599371665
07-01-2026 13:15||NIFTY27JAN2625700CE,0.1092147222755474
07-01-2026 13:15||NIFTY27JAN2625800CE,0.1044571948178895
07-01-2026 13:15||NIFTY27JAN2626400CE,0.0877394361799381
07-01-2026 13:20||NIFTY27JAN2624000PE,0.167584251533846
07-01-2026 13:20||NIFTY27JAN2624500PE,0.1399856672566695
07-01-2026 13:20||NIFTY27JAN2624800PE,0.1247335521356711
07-01-2026 13:20||NIFTY27JAN2624900PE,0.1196300009626619
07-01-2026 13:20||NIFTY27JAN2625000PE,0.1145039162764091
07-01-2026 13:20||NIFTY27JAN2626300CE,0.0874494435151711
07-01-2026 13:25||NIFTY27JAN2624200PE,0.1555757227539888
07-01-2026 13:25||NIFTY27JAN2624600PE,0.1334395259591832
07-01-2026 13:25||NIFTY27JAN2624700PE,0.128179730605021
07-01-2026 13:25||NIFTY27JAN2625100PE,0.1080493214087066
07-01-2026 13:25||NIFTY27JAN2626300CE,0.0887226618071432
07-01-2026 13:25||NIFTY27JAN2626400CE,0.0864340421862713
07-01-2026 13:25||NIFTY27JAN2626500CE,0.0841540752122175
07-01-2026 13:30||NIFTY27JAN2624000PE,0.1661653352269526
07-01-2026 13:30||NIFTY27JAN2624400PE,0.1442088994826341
07-01-2026 13:30||NIFTY27JAN2624600PE,0.1329275957003152
07-01-2026 13:30||NIFTY27JAN2624900PE,0.1176885905823774
07-01-2026 13:30||NIFTY27JAN2625300CE,0.1438386971074342
07-01-2026 13:30||NIFTY27JAN2625700CE,0.1087635023486711
07-01-2026 13:30||NIFTY27JAN2625800CE,0.1041182779188524
07-01-2026 13:30||NIFTY27JAN2626500CE,0.0866088358829459
07-01-2026 13:35||NIFTY27JAN2623900PE,0.1727130564888122
07-01-2026 13:35||NIFTY27JAN2624200PE,0.1555454760718783
07-01-2026 13:35||NIFTY27JAN2624300PE,0.1502226484823807
07-01-2026 13:35||NIFTY27JAN2625100PE,0.1072203194153546
07-01-2026 13:35||NIFTY27JAN2625200CE,0.1643402713038949
07-01-2026 13:35||NIFTY27JAN2625300CE,0.1498766076415948
07-01-2026 13:40||NIFTY27JAN2624300PE,0.1497584899617818
07-01-2026 13:40||NIFTY27JAN2625000PE,0.1127381196834798
07-01-2026 13:40||NIFTY27JAN2625700CE,0.1085784333993064
07-01-2026 13:40||NIFTY27JAN2626100CE,0.0947397711213317
07-01-2026 13:45||NIFTY27JAN2623900PE,0.1724891686938233
07-01-2026 13:45||NIFTY27JAN2624200PE,0.1552301238306218
07-01-2026 13:45||NIFTY27JAN2624600PE,0.1327650601959718
07-01-2026 13:45||NIFTY27JAN2625200CE,0.1440285292575713
07-01-2026 13:45||NIFTY27JAN2625400CE,0.131089100253583
07-01-2026 13:50||NIFTY27JAN2623800PE,0.1787642957625915
07-01-2026 13:50||NIFTY27JAN2623900PE,0.1728848734775291
07-01-2026 13:50||NIFTY27JAN2624100PE,0.1611295476295667
07-01-2026 13:55||NIFTY27JAN2624400PE,0.1442971083113128
07-01-2026 13:55||NIFTY27JAN2625100PE,0.1076798004518975
07-01-2026 13:55||NIFTY27JAN2625300CE,0.135726248635228
07-01-2026 13:55||NIFTY27JAN2625800CE,0.1076196084427558
07-01-2026 13:55||NIFTY27JAN2626400CE,0.0893533762548203
07-01-2026 14:00||NIFTY27JAN2623800PE,0.1779090789481109
07-01-2026 14:00||NIFTY27JAN2623900PE,0.1722627517001757
07-01-2026 14:00||NIFTY27JAN2625400CE,0.1211111655057599
07-01-2026 14:00||NIFTY27JAN2625500CE,0.1130318912312698
07-01-2026 14:00||NIFTY27JAN2625900CE,0.1029792182723629
07-01-2026 14:00||NIFTY27JAN2626200CE,0.0924660562628
07-01-2026 14:05||NIFTY27JAN2624000PE,0.1670434402411415
07-01-2026 14:05||NIFTY27JAN2624200PE,0.1564548223112124
07-01-2026 14:05||NIFTY27JAN2624400PE,0.1450699150851525
07-01-2026 14:05||NIFTY27JAN2625900CE,0.0991417517767164
07-01-2026 14:05||NIFTY27JAN2626000CE,0.0956198261711062
07-01-2026 14:05||NIFTY27JAN2626300CE,0.0890268903095704
07-01-2026 14:10||NIFTY27JAN2623800PE,0.1770520203250316
07-01-2026 14:10||NIFTY27JAN2624000PE,0.1680056578970069
07-01-2026 14:10||NIFTY27JAN2624700PE,0.129614802882639
07-01-2026 14:10||NIFTY27JAN2626100CE,0.092535198998699
07-01-2026 14:10||NIFTY27JAN2626200CE,0.0899980412868775
07-01-2026 14:10||NIFTY27JAN2626400CE,0.0861206826469397
07-01-2026 14:15||NIFTY27JAN2625200CE,0.126864910956081
07-01-2026 14:15||NIFTY27JAN2625600CE,0.1075669713235021
07-01-2026 14:15||NIFTY27JAN2625900CE,0.0956249105128636
07-01-2026 14:15||NIFTY27JAN2626200CE,0.0890794677790099
07-01-2026 14:20||NIFTY27JAN2623800PE,0.1760003491488169
07-01-2026 14:20||NIFTY27JAN2624500PE,0.1393358769153057
07-01-2026 14:20||NIFTY27JAN2625400CE,0.1204292801646847
07-01-2026 14:20||NIFTY27JAN2625700CE,0.104796139145512
07-01-2026 14:20||NIFTY27JAN2626300CE,0.0880649688565954
07-01-2026 14:25||NIFTY27JAN2623900PE,0.1730887612941075
07-01-2026 14:25||NIFTY27JAN2625400CE,0.119288678835582
07-01-2026 14:25||NIFTY27JAN2625700CE,0.1068437629535868
07-01-2026 14:25||NIFTY27JAN2625900CE,0.0995156776501688
07-01-2026 14:25||NIFTY27JAN2626300CE,0.0893064869200354
07-01-2026 14:30||NIFTY27JAN2624800PE,0.1237774913730226
07-01-2026 14:30||NIFTY27JAN2625100PE,0.1086607984585457
07-01-2026 14:30||NIFTY27JAN2625300CE,0.1152451424892154
07-01-2026 14:30||NIFTY27JAN2626300CE,0.0863179303653545
07-01-2026 14:35||NIFTY27JAN2624000PE,0.1661974080691798
07-01-2026 14:35||NIFTY27JAN2624100PE,0.1620085539973717
07-01-2026 14:35||NIFTY27JAN2624400PE,0.1452206046900447
07-01-2026 14:35||NIFTY27JAN2624700PE,0.1290424886571269
07-01-2026 14:35||NIFTY27JAN2625000PE,0.1129964239737266
07-01-2026 14:35||NIFTY27JAN2626400CE,0.0876316126809225
07-01-2026 14:35||NIFTY27JAN2626500CE,0.0850131625776961
07-01-2026 14:40||NIFTY27JAN2623800PE,0.178128691693624
07-01-2026 14:40||NIFTY27JAN2624100PE,0.1635147404684028
07-01-2026 14:40||NIFTY27JAN2625100PE,0.1073530739137031
07-01-2026 14:40||NIFTY27JAN2625400CE,0.1217786502335911
07-01-2026 14:40||NIFTY27JAN2626200CE,0.0919742813883419
07-01-2026 14:45||NIFTY27JAN2623800PE,0.1788194116508072
07-01-2026 14:45||NIFTY27JAN2624000PE,0.1690934980797962
07-01-2026 14:45||NIFTY27JAN2624200PE,0.1578073893484066
07-01-2026 14:45||NIFTY27JAN2624500PE,0.1406584547023887
07-01-2026 14:45||NIFTY27JAN2624900PE,0.1195062185404614
07-01-2026 14:50||NIFTY27JAN2623900PE,0.1726712123362099
07-01-2026 14:50||NIFTY27JAN2624900PE,0.118627502751497
07-01-2026 14:50||NIFTY27JAN2625600CE,0.1177226058075149
07-01-2026 14:50||NIFTY27JAN2626400CE,0.0883496052018684
07-01-2026 14:50||NIFTY27JAN2626500CE,0.0855896845111491
07-01-2026 14:55||NIFTY27JAN2624100PE,0.1643074071412545
07-01-2026 14:55||NIFTY27JAN2624300PE,0.1526293751137801
07-01-2026 14:55||NIFTY27JAN2624600PE,0.135245246928017
07-01-2026 14:55||NIFTY27JAN2625900CE,0.0983997728429373
07-01-2026 14:55||NIFTY27JAN2626300CE,0.0882575134042639
07-01-2026 15:00||NIFTY27JAN2623900PE,0.1738383255811538
07-01-2026 15:00||NIFTY27JAN2625100PE,0.1098111178206731
07-01-2026 15:00||NIFTY27JAN2625700CE,0.1008006451902882
07-01-2026 15:00||NIFTY27JAN2626000CE,0.09216165166874
07-01-2026 15:00||NIFTY27JAN2626400CE,0.0856629882891427
07-01-2026 15:05||NIFTY27JAN2624200PE,0.1588080212529775
07-01-2026 15:05||NIFTY27JAN2624500PE,0.1422360700869577
07-01-2026 15:05||NIFTY27JAN2625400CE,0.1109990446892667
07-01-2026 15:05||NIFTY27JAN2626000CE,0.091946342945074
07-01-2026 15:05||NIFTY27JAN2626400CE,0.0851630441173609
07-01-2026 15:10||NIFTY27JAN2623800PE,0.1794490945235274
07-01-2026 15:10||NIFTY27JAN2624000PE,0.1702607619352689
07-01-2026 15:10||NIFTY27JAN2624400PE,0.1486390410410489
07-01-2026 15:10||NIFTY27JAN2624500PE,0.1432130796293512
07-01-2026 15:10||NIFTY27JAN2626500CE,0.084148215200534
07-01-2026 15:15||NIFTY27JAN2624200PE,0.1600560206826506
07-01-2026 15:15||NIFTY27JAN2624900PE,0.122366606591198
07-01-2026 15:15||NIFTY27JAN2625100PE,0.1110979862241271
07-01-2026 15:15||NIFTY27JAN2625600CE,0.0941439658082869
07-01-2026 15:20||NIFTY27JAN2624100PE,0.1663529708615841
07-01-2026 15:20||NIFTY27JAN2625900CE,0.0925643656116284
07-01-2026 15:20||NIFTY27JAN2626300CE,0.0860067669448057
07-01-2026 15:25||NIFTY27JAN2624700PE,0.1317687975793544
07-01-2026 15:25||NIFTY27JAN2625500CE,0.1053895370671372
07-01-2026 15:25||NIFTY27JAN2626100CE,0.0894678345043655
07-01-2026 15:25||NIFTY27JAN2626400CE,0.0838215866195008
07-01-2026 15:25||NIFTY27JAN2626500CE,0.0821594810551178
08-01-2026 09:15||NIFTY27JAN2624100PE,0.1650089573458404
08-01-2026 09:15||NIFTY27JAN2624300PE,0.1536587040852443
08-01-2026 09:15||NIFTY27JAN2625100PE,0.1092407984585456
08-01-2026 09:15||NIFTY27JAN2625300CE,0.0955444347408341
08-01-2026 09:15||NIFTY27JAN2626300CE,0.0875267089491123
08-01-2026 09:20||NIFTY27JAN2623800PE,0.1832571143535809
08-01-2026 09:20||NIFTY27JAN2624100PE,0.1659582274509395
08-01-2026 09:20||NIFTY27JAN2624800PE,0.1258329242020955
08-01-2026 09:20||NIFTY27JAN2624900PE,0.1207080743047324
08-01-2026 09:20||NIFTY27JAN2625300CE,0.0874043817156092
08-01-2026 09:20||NIFTY27JAN2625900CE,0.0868073729423186
08-01-2026 09:20||NIFTY27JAN2626000CE,0.0858207633044537
08-01-2026 09:20||NIFTY27JAN2626400CE,0.0816716238153076
08-01-2026 09:20||NIFTY27JAN2626500CE,0.0806570978333198
08-01-2026 09:25||NIFTY27JAN2623900PE,0.177259724096472
08-01-2026 09:25||NIFTY27JAN2624100PE,0.1655207760205518
08-01-2026 09:25||NIFTY27JAN2624200PE,0.1591195823379347
08-01-2026 09:25||NIFTY27JAN2625300CE,0.1095762126800325
08-01-2026 09:25||NIFTY27JAN2626200CE,0.0838242118029103
08-01-2026 09:25||NIFTY27JAN2626400CE,0.0828262946095832
08-01-2026 09:30||NIFTY27JAN2624100PE,0.1631417696363226
08-01-2026 09:30||NIFTY27JAN2624700PE,0.1288031788538625
08-01-2026 09:30||NIFTY27JAN2624800PE,0.123544081496104
08-01-2026 09:30||NIFTY27JAN2624900PE,0.1183850224837107
08-01-2026 09:30||NIFTY27JAN2625000PE,0.1133770549536223
08-01-2026 09:30||NIFTY27JAN2626200CE,0.0877345131348888
08-01-2026 09:30||NIFTY27JAN2626300CE,0.0865709055296755
08-01-2026 09:35||NIFTY27JAN2623900PE,0.1736900030719137
08-01-2026 09:35||NIFTY27JAN2624100PE,0.1624949379530224
08-01-2026 09:35||NIFTY27JAN2624400PE,0.1454580471991784
08-01-2026 09:35||NIFTY27JAN2625300CE,0.1391466604380845
08-01-2026 09:35||NIFTY27JAN2625400CE,0.1330883568351933
08-01-2026 09:35||NIFTY27JAN2626100CE,0.0963556254955398
08-01-2026 09:35||NIFTY27JAN2626200CE,0.0937475692372614
08-01-2026 09:35||NIFTY27JAN2626500CE,0.0878966024411367
08-01-2026 09:40||NIFTY27JAN2623800PE,0.1820422706536907
08-01-2026 09:40||NIFTY27JAN2624800PE,0.1253031182596478
08-01-2026 09:40||NIFTY27JAN2624900PE,0.1201044476481429
08-01-2026 09:40||NIFTY27JAN2625000PE,0.1149536716253021
08-01-2026 09:40||NIFTY27JAN2625200CE,0.05
08-01-2026 09:40||NIFTY27JAN2625700CE,0.0935832054961841
08-01-2026 09:40||NIFTY27JAN2626200CE,0.0860104063508918
08-01-2026 09:40||NIFTY27JAN2626400CE,0.0843435761561685
08-01-2026 09:45||NIFTY27JAN2624200PE,0.1595723178307156
08-01-2026 09:45||NIFTY27JAN2624600PE,0.1352694143538371
08-01-2026 09:45||NIFTY27JAN2625400CE,0.1026493447960807
08-01-2026 09:45||NIFTY27JAN2625900CE,0.093515493754588
08-01-2026 09:45||NIFTY27JAN2626500CE,0.0843816892785052
08-01-2026 09:50||NIFTY27JAN2624400PE,0.1462341621116586
08-01-2026 09:50||NIFTY27JAN2625100PE,0.1091304790964181
08-01-2026 09:50||NIFTY27JAN2625500CE,0.1192270569187962
08-01-2026 09:50||NIFTY27JAN2625600CE,0.1148653480227076
08-01-2026 09:50||NIFTY27JAN2626400CE,0.088704552028183
08-01-2026 09:55||NIFTY27JAN2624200PE,0.1600255400479819
08-01-2026 09:55||NIFTY27JAN2624600PE,0.1370739197072308
08-01-2026 09:55||NIFTY27JAN2625000PE,0.1157914028630298
08-01-2026 09:55||NIFTY27JAN2625100PE,0.1104940377072641
08-01-2026 09:55||NIFTY27JAN2625300CE,0.1139346308891699
08-01-2026 09:55||NIFTY27JAN2626000CE,0.0897287631954035
08-01-2026 09:55||NIFTY27JAN2626200CE,0.0872569291739266
08-01-2026 10:00||NIFTY27JAN2624600PE,0.136403873304966
08-01-2026 10:00||NIFTY27JAN2625900CE,0.0893365908075437
08-01-2026 10:00||NIFTY27JAN2626100CE,0.085424725094966
08-01-2026 10:00||NIFTY27JAN2626200CE,0.0842798216580181
08-01-2026 10:05||NIFTY27JAN2624800PE,0.1248591873651582
08-01-2026 10:05||NIFTY27JAN2625500CE,0.1007452211696398
08-01-2026 10:05||NIFTY27JAN2625800CE,0.0907574426354469
08-01-2026 10:05||NIFTY27JAN2626000CE,0.0876631454044251
08-01-2026 10:05||NIFTY27JAN2626500CE,0.0827702969528732
08-01-2026 10:10||NIFTY27JAN2624100PE,0.1634848648077538
08-01-2026 10:10||NIFTY27JAN2625000PE,0.1124426052710652
08-01-2026 10:10||NIFTY27JAN2625100PE,0.1068476353312676
08-01-2026 10:10||NIFTY27JAN2625200CE,0.1623887329308578
08-01-2026 10:10||NIFTY27JAN2625600CE,0.1088269409501274
08-01-2026 10:10||NIFTY27JAN2625800CE,0.1003073260825574
08-01-2026 10:10||NIFTY27JAN2626400CE,0.0861325670243946
08-01-2026 10:15||NIFTY27JAN2625100PE,0.1091704391761522
08-01-2026 10:15||NIFTY27JAN2625700CE,0.0931047366151857
08-01-2026 10:15||NIFTY27JAN2625800CE,0.0897659681831638
08-01-2026 10:15||NIFTY27JAN2626500CE,0.0821340048971978
08-01-2026 10:20||NIFTY27JAN2625200CE,0.1158327326803968
08-01-2026 10:20||NIFTY27JAN2626400CE,0.0862461978929148
08-01-2026 10:25||NIFTY27JAN2623900PE,0.1742744235071895
08-01-2026 10:25||NIFTY27JAN2624000PE,0.1690990496616247
08-01-2026 10:25||NIFTY27JAN2624400PE,0.1454611853990125
08-01-2026 10:25||NIFTY27JAN2624800PE,0.1235125475629126
08-01-2026 10:25||NIFTY27JAN2625000PE,0.1129169153073669
08-01-2026 10:25||NIFTY27JAN2625100PE,0.1076648809090502
08-01-2026 10:25||NIFTY27JAN2625200CE,0.1265529307528951
08-01-2026 10:25||NIFTY27JAN2625500CE,0.1109826794918583
08-01-2026 10:25||NIFTY27JAN2625600CE,0.1071441854639414
08-01-2026 10:25||NIFTY27JAN2625700CE,0.1034034211357084
08-01-2026 10:25||NIFTY27JAN2626100CE,0.0922348831214018
08-01-2026 10:25||NIFTY27JAN2626500CE,0.085641176071194
08-01-2026 10:30||NIFTY27JAN2623800PE,0.1790407503812015
08-01-2026 10:30||NIFTY27JAN2624000PE,0.1702014421144636
08-01-2026 10:30||NIFTY27JAN2624400PE,0.145875211674781
08-01-2026 10:30||NIFTY27JAN2624500PE,0.1399840592111903
08-01-2026 10:30||NIFTY27JAN2626000CE,0.094576920530147
08-01-2026 10:30||NIFTY27JAN2626400CE,0.0871514714909258
08-01-2026 10:30||NIFTY27JAN2626500CE,0.0852999695714361
08-01-2026 10:35||NIFTY27JAN2624000PE,0.1696379982953838
08-01-2026 10:35||NIFTY27JAN2624200PE,0.1583893357901579
08-01-2026 10:35||NIFTY27JAN2625800CE,0.0948249651419835
08-01-2026 10:35||NIFTY27JAN2626300CE,0.0867881944476597
08-01-2026 10:35||NIFTY27JAN2626500CE,0.0842708657308073
08-01-2026 10:40||NIFTY27JAN2624000PE,0.1673845910380697
08-01-2026 10:40||NIFTY27JAN2624300PE,0.1507182629301992
08-01-2026 10:40||NIFTY27JAN2625000PE,0.1124155125942674
08-01-2026 10:40||NIFTY27JAN2625500CE,0.1129118498666486
08-01-2026 10:40||NIFTY27JAN2625900CE,0.0959960530781562
08-01-2026 10:40||NIFTY27JAN2626100CE,0.0919337170600589
08-01-2026 10:40||NIFTY27JAN2626300CE,0.0886843870707559
08-01-2026 10:40||NIFTY27JAN2626400CE,0.0873494088509264
08-01-2026 10:45||NIFTY27JAN2623900PE,0.173501391267953
08-01-2026 10:45||NIFTY27JAN2624200PE,0.1577236131841495
08-01-2026 10:45||NIFTY27JAN2625200CE,0.1329714508465715
08-01-2026 10:45||NIFTY27JAN2625300CE,0.1243537278979537
08-01-2026 10:45||NIFTY27JAN2625600CE,0.1044535832160608
08-01-2026 10:45||NIFTY27JAN2626400CE,0.0859847104764198
08-01-2026 10:45||NIFTY27JAN2626500CE,0.0844452632712214
08-01-2026 10:50||NIFTY27JAN2623900PE,0.1731948355564573
08-01-2026 10:50||NIFTY27JAN2625500CE,0.1003937773456353
08-01-2026 10:50||NIFTY27JAN2625800CE,0.0960799376377749
08-01-2026 10:50||NIFTY27JAN2626100CE,0.0907135952169076
08-01-2026 10:50||NIFTY27JAN2626500CE,0.0849007150385508
08-01-2026 10:55||NIFTY27JAN2624000PE,0.1673194629081978
08-01-2026 10:55||NIFTY27JAN2624700PE,0.1287918949324418
08-01-2026 10:55||NIFTY27JAN2624800PE,0.1231506773108595
08-01-2026 10:55||NIFTY27JAN2625100PE,0.1099454491429122
08-01-2026 10:55||NIFTY27JAN2625400CE,0.1193407837985399
08-01-2026 10:55||NIFTY27JAN2625600CE,0.1044520584426175
08-01-2026 11:00||NIFTY27JAN2623800PE,0.1790510464110624
08-01-2026 11:00||NIFTY27JAN2623900PE,0.1732699596325387
08-01-2026 11:00||NIFTY27JAN2624000PE,0.1675130110736868
08-01-2026 11:00||NIFTY27JAN2624300PE,0.150462058626465
08-01-2026 11:00||NIFTY27JAN2624600PE,0.1343225569246828
08-01-2026 11:00||NIFTY27JAN2625000PE,0.1139611623814228
08-01-2026 11:00||NIFTY27JAN2625100PE,0.1087233181824633
08-01-2026 11:00||NIFTY27JAN2626200CE,0.0900450127738976
08-01-2026 11:00||NIFTY27JAN2626500CE,0.086096164115062
08-01-2026 11:05||NIFTY27JAN2623800PE,0.1822469811140931
08-01-2026 11:05||NIFTY27JAN2624200PE,0.155526369368228
08-01-2026 11:05||NIFTY27JAN2624400PE,0.1447063741544139
08-01-2026 11:05||NIFTY27JAN2624800PE,0.123981899445564
08-01-2026 11:05||NIFTY27JAN2625400CE,0.1205293406904117
08-01-2026 11:05||NIFTY27JAN2626000CE,0.0942889108256426
08-01-2026 11:05||NIFTY27JAN2626200CE,0.0908657902006436
08-01-2026 11:05||NIFTY27JAN2626300CE,0.089462001332776
08-01-2026 11:10||NIFTY27JAN2624000PE,0.1672182977361002
08-01-2026 11:10||NIFTY27JAN2624200PE,0.1552408625380695
08-01-2026 11:10||NIFTY27JAN2624400PE,0.1450205721856498
08-01-2026 11:10||NIFTY27JAN2624600PE,0.1353481328126592
08-01-2026 11:10||NIFTY27JAN2624700PE,0.1304284478973611
08-01-2026 11:10||NIFTY27JAN2625200CE,0.1483786338424304
08-01-2026 11:10||NIFTY27JAN2625600CE,0.1040640590670766
08-01-2026 11:10||NIFTY27JAN2625900CE,0.0959865496999294
08-01-2026 11:10||NIFTY27JAN2626000CE,0.0932763873208704
08-01-2026 11:15||NIFTY27JAN2624100PE,0.1649513382177046
08-01-2026 11:15||NIFTY27JAN2624200PE,0.1585416313099669
08-01-2026 11:15||NIFTY27JAN2624900PE,0.1210631949020997
08-01-2026 11:15||NIFTY27JAN2625200CE,0.1381209110500041
08-01-2026 11:15||NIFTY27JAN2626200CE,0.0899930984675169
08-01-2026 11:15||NIFTY27JAN2626400CE,0.0879770780295831
08-01-2026 11:20||NIFTY27JAN2624300PE,0.1543121470807881
08-01-2026 11:20||NIFTY27JAN2625700CE,0.0971673914280392
08-01-2026 11:20||NIFTY27JAN2626400CE,0.0884707573850119
08-01-2026 11:20||NIFTY27JAN2626500CE,0.0874752926339181
08-01-2026 11:25||NIFTY27JAN2623800PE,0.1780168605070422
08-01-2026 11:25||NIFTY27JAN2624300PE,0.1540618001415181
08-01-2026 11:25||NIFTY27JAN2624400PE,0.1473434155377015
08-01-2026 11:25||NIFTY27JAN2624700PE,0.1309939538527564
08-01-2026 11:25||NIFTY27JAN2625400CE,0.1303342099042641
08-01-2026 11:25||NIFTY27JAN2626200CE,0.0940216632555611
08-01-2026 11:30||NIFTY27JAN2623800PE,0.1802690239405273
08-01-2026 11:30||NIFTY27JAN2624100PE,0.1650637880287297
08-01-2026 11:30||NIFTY27JAN2624200PE,0.1591750844757307
08-01-2026 11:30||NIFTY27JAN2625200CE,0.1561177685473533
08-01-2026 11:30||NIFTY27JAN2625400CE,0.1298093256923086
08-01-2026 11:30||NIFTY27JAN2625500CE,0.1176312705822987
08-01-2026 11:30||NIFTY27JAN2625800CE,0.1021215928698963
08-01-2026 11:30||NIFTY27JAN2626000CE,0.0969952799735069
08-01-2026 11:30||NIFTY27JAN2626100CE,0.0953037433805823
08-01-2026 11:35||NIFTY27JAN2623800PE,0.1806769556381283
08-01-2026 11:35||NIFTY27JAN2624100PE,0.164388482550161
08-01-2026 11:35||NIFTY27JAN2624400PE,0.1460758317936328
08-01-2026 11:35||NIFTY27JAN2624500PE,0.1404579136999785
08-01-2026 11:35||NIFTY27JAN2624700PE,0.1300133840769025
08-01-2026 11:35||NIFTY27JAN2624900PE,0.1196149788575018
08-01-2026 11:35||NIFTY27JAN2625200CE,0.1236688662977834
08-01-2026 11:35||NIFTY27JAN2625300CE,0.1220662722055843
08-01-2026 11:35||NIFTY27JAN2626500CE,0.0897126699312882
08-01-2026 11:40||NIFTY27JAN2624100PE,0.1650511650520214
08-01-2026 11:40||NIFTY27JAN2624200PE,0.1589940167848548
08-01-2026 11:40||NIFTY27JAN2624400PE,0.1471460607213149
08-01-2026 11:40||NIFTY27JAN2624900PE,0.120509308830687
08-01-2026 11:40||NIFTY27JAN2625600CE,0.1056107983721322
08-01-2026 11:40||NIFTY27JAN2625800CE,0.0985374931190052
08-01-2026 11:45||NIFTY27JAN2624200PE,0.1579082103285725
08-01-2026 11:45||NIFTY27JAN2625500CE,0.1085781511362609
08-01-2026 11:45||NIFTY27JAN2625900CE,0.09539653041598
08-01-2026 11:45||NIFTY27JAN2626100CE,0.0926517889421193
08-01-2026 11:50||NIFTY27JAN2623800PE,0.1801450487537022
08-01-2026 11:50||NIFTY27JAN2625700CE,0.1050347780294775
08-01-2026 11:50||NIFTY27JAN2625800CE,0.1017281041268619
08-01-2026 11:50||NIFTY27JAN2626500CE,0.0895939241612061
08-01-2026 11:55||NIFTY27JAN2624200PE,0.1587506714654998
08-01-2026 11:55||NIFTY27JAN2624700PE,0.1314174813013165
08-01-2026 11:55||NIFTY27JAN2625100PE,0.112687006033283
08-01-2026 11:55||NIFTY27JAN2625400CE,0.1074423012378881
08-01-2026 11:55||NIFTY27JAN2625600CE,0.1006635707888433
08-01-2026 11:55||NIFTY27JAN2625800CE,0.0946780127978267
08-01-2026 12:00||NIFTY27JAN2624500PE,0.1419807006659824
08-01-2026 12:00||NIFTY27JAN2624700PE,0.1325489257701201
08-01-2026 12:00||NIFTY27JAN2625000PE,0.117418666403172
08-01-2026 12:00||NIFTY27JAN2625500CE,0.1046957271329946
08-01-2026 12:00||NIFTY27JAN2626300CE,0.0915624442284899
08-01-2026 12:05||NIFTY27JAN2624000PE,0.1702912490001921
08-01-2026 12:05||NIFTY27JAN2624200PE,0.1564319448186976
08-01-2026 12:05||NIFTY27JAN2624500PE,0.1385253468846038
08-01-2026 12:05||NIFTY27JAN2624900PE,0.119688934461431
08-01-2026 12:05||NIFTY27JAN2625300CE,0.136688371531204
08-01-2026 12:05||NIFTY27JAN2625800CE,0.1102295345304123
08-01-2026 12:05||NIFTY27JAN2625900CE,0.1074531567424569
08-01-2026 12:05||NIFTY27JAN2626400CE,0.0976075386610381
08-01-2026 12:10||NIFTY27JAN2624000PE,0.1702243288390535
08-01-2026 12:10||NIFTY27JAN2624400PE,0.1457091912938976
08-01-2026 12:15||NIFTY27JAN2624100PE,0.1666761617617258
08-01-2026 12:15||NIFTY27JAN2624400PE,0.149464226367796
08-01-2026 12:15||NIFTY27JAN2625200CE,0.127695005924125
08-01-2026 12:15||NIFTY27JAN2625400CE,0.1175067934279195
08-01-2026 12:15||NIFTY27JAN2625500CE,0.1126760779688312
08-01-2026 12:15||NIFTY27JAN2625700CE,0.1042274605009159
08-01-2026 12:20||NIFTY27JAN2624800PE,0.1280308494196247
08-01-2026 12:20||NIFTY27JAN2625800CE,0.1042531672920202
08-01-2026 12:20||NIFTY27JAN2626300CE,0.0953734511899917
08-01-2026 12:25||NIFTY27JAN2624100PE,0.1682702390701465
08-01-2026 12:25||NIFTY27JAN2624400PE,0.1520423395130551
08-01-2026 12:25||NIFTY27JAN2624900PE,0.1231902093793001
08-01-2026 12:25||NIFTY27JAN2625700CE,0.1066446998494562
08-01-2026 12:25||NIFTY27JAN2626000CE,0.0992416831617043
08-01-2026 12:30||NIFTY27JAN2624200PE,0.1648457896059727
08-01-2026 12:30||NIFTY27JAN2624300PE,0.1573995686673195
08-01-2026 12:30||NIFTY27JAN2625100PE,0.1150294810897702
08-01-2026 12:30||NIFTY27JAN2625700CE,0.1013704005025357
08-01-2026 12:30||NIFTY27JAN2626000CE,0.0961560335723013
08-01-2026 12:35||NIFTY27JAN2624800PE,0.1268229484819929
08-01-2026 12:35||NIFTY27JAN2625000PE,0.1169717959072595
08-01-2026 12:35||NIFTY27JAN2625400CE,0.1284951480019459
08-01-2026 12:35||NIFTY27JAN2625500CE,0.122306684014435
08-01-2026 12:35||NIFTY27JAN2625800CE,0.1067038987395795
08-01-2026 12:35||NIFTY27JAN2626100CE,0.1002376735036321
08-01-2026 12:35||NIFTY27JAN2626200CE,0.0983561006567428
08-01-2026 12:40||NIFTY27JAN2624100PE,0.1673382069771802
08-01-2026 12:40||NIFTY27JAN2624400PE,0.1511449886160208
08-01-2026 12:40||NIFTY27JAN2624800PE,0.1264787964667215
08-01-2026 12:40||NIFTY27JAN2625000PE,0.1171087388497951
08-01-2026 12:40||NIFTY27JAN2625200CE,0.1383370495755222
08-01-2026 12:40||NIFTY27JAN2626000CE,0.1013981340809354
08-01-2026 12:45||NIFTY27JAN2624400PE,0.1515636982296005
08-01-2026 12:45||NIFTY27JAN2624600PE,0.1386008915963887
08-01-2026 12:45||NIFTY27JAN2625000PE,0.11799754816764
08-01-2026 12:45||NIFTY27JAN2625300CE,0.1235550207461996
08-01-2026 12:45||NIFTY27JAN2625800CE,0.1036637857872055
08-01-2026 12:45||NIFTY27JAN2626200CE,0.0963735481738945
08-01-2026 12:45||NIFTY27JAN2626300CE,0.0950004785089072
08-01-2026 12:50||NIFTY27JAN2623800PE,0.182989889628033
08-01-2026 12:50||NIFTY27JAN2624900PE,0.1222219599209371
08-01-2026 12:50||NIFTY27JAN2625600CE,0.1156217696484656
08-01-2026 12:50||NIFTY27JAN2626300CE,0.0970627781650957
08-01-2026 12:50||NIFTY27JAN2626400CE,0.0960217130248791
08-01-2026 12:55||NIFTY27JAN2624200PE,0.1624631964357293
08-01-2026 12:55||NIFTY27JAN2624300PE,0.156236656746466
08-01-2026 12:55||NIFTY27JAN2624400PE,0.1500216135080405
08-01-2026 12:55||NIFTY27JAN2626100CE,0.0989123409017337
08-01-2026 13:00||NIFTY27JAN2624200PE,0.1624552137172556
08-01-2026 13:00||NIFTY27JAN2624500PE,0.1435678814168552
08-01-2026 13:00||NIFTY27JAN2624600PE,0.1376493201814632
08-01-2026 13:00||NIFTY27JAN2624700PE,0.1319635404969875
08-01-2026 13:00||NIFTY27JAN2625000PE,0.1166397996523161
08-01-2026 13:00||NIFTY27JAN2625100PE,0.1117392408752594
08-01-2026 13:00||NIFTY27JAN2625400CE,0.1335436104861234
08-01-2026 13:00||NIFTY27JAN2625800CE,0.1095831176946266
08-01-2026 13:05||NIFTY27JAN2623800PE,0.1852182688769928
08-01-2026 13:05||NIFTY27JAN2624600PE,0.1384723857690593
08-01-2026 13:05||NIFTY27JAN2625700CE,0.1061061805785752
08-01-2026 13:05||NIFTY27JAN2625800CE,0.1040292581530173
08-01-2026 13:05||NIFTY27JAN2626000CE,0.1003633471844892
08-01-2026 13:05||NIFTY27JAN2626100CE,0.0985529259143152
08-01-2026 13:05||NIFTY27JAN2626200CE,0.0967934525893686
08-01-2026 13:05||NIFTY27JAN2626300CE,0.09513839501363
08-01-2026 13:10||NIFTY27JAN2624100PE,0.1684050837903111
08-01-2026 13:10||NIFTY27JAN2624900PE,0.1215875469298076
08-01-2026 13:10||NIFTY27JAN2625400CE,0.1229200882448275
08-01-2026 13:10||NIFTY27JAN2625700CE,0.1073662050026152
08-01-2026 13:10||NIFTY27JAN2625800CE,0.1058737359105232
08-01-2026 13:10||NIFTY27JAN2626100CE,0.0990351546650259
08-01-2026 13:10||NIFTY27JAN2626200CE,0.0973005587176412
08-01-2026 13:15||NIFTY27JAN2624300PE,0.1580669071614331
08-01-2026 13:15||NIFTY27JAN2625000PE,0.1167868214562113
08-01-2026 13:15||NIFTY27JAN2625900CE,0.1003478430824527
08-01-2026 13:15||NIFTY27JAN2626300CE,0.0943521654365801
08-01-2026 13:20||NIFTY27JAN2623800PE,0.1844216440425308
08-01-2026 13:20||NIFTY27JAN2624000PE,0.1738637326789697
08-01-2026 13:20||NIFTY27JAN2624400PE,0.1508555610633601
08-01-2026 13:20||NIFTY27JAN2625000PE,0.1165265206343037
08-01-2026 13:20||NIFTY27JAN2625300CE,0.132429750655221
08-01-2026 13:20||NIFTY27JAN2625400CE,0.1241910890063075
08-01-2026 13:20||NIFTY27JAN2626200CE,0.096216063808987
08-01-2026 13:25||NIFTY27JAN2624600PE,0.1389827398288378
08-01-2026 13:25||NIFTY27JAN2624900PE,0.1239461337068924
08-01-2026 13:25||NIFTY27JAN2625400CE,0.1115523241014513
08-01-2026 13:25||NIFTY27JAN2625500CE,0.1074380080980384
08-01-2026 13:25||NIFTY27JAN2625900CE,0.0982184466324575
08-01-2026 13:25||NIFTY27JAN2626000CE,0.0969394586896864
08-01-2026 13:25||NIFTY27JAN2626100CE,0.0956804419367341
08-01-2026 13:30||NIFTY27JAN2624300PE,0.1549555881227035
08-01-2026 13:30||NIFTY27JAN2624400PE,0.1486591388998267
08-01-2026 13:30||NIFTY27JAN2625600CE,0.1165175187859926
08-01-2026 13:30||NIFTY27JAN2625700CE,0.1116947262807614
08-01-2026 13:30||NIFTY27JAN2626100CE,0.1007980848361518
08-01-2026 13:30||NIFTY27JAN2626500CE,0.0939460398331708
08-01-2026 13:35||NIFTY27JAN2624600PE,0.1373777486322439
08-01-2026 13:35||NIFTY27JAN2624700PE,0.1319100640793788
08-01-2026 13:35||NIFTY27JAN2624800PE,0.1264644767817575
08-01-2026 13:35||NIFTY27JAN2624900PE,0.1210385743001662
08-01-2026 13:40||NIFTY27JAN2624100PE,0.1679126703292401
08-01-2026 13:40||NIFTY27JAN2624800PE,0.1249138142467466
08-01-2026 13:40||NIFTY27JAN2624900PE,0.1200582389761693
08-01-2026 13:40||NIFTY27JAN2625300CE,0.1260837246277835
08-01-2026 13:40||NIFTY27JAN2625600CE,0.1132928930015798
08-01-2026 13:40||NIFTY27JAN2625700CE,0.1086367813503689
08-01-2026 13:40||NIFTY27JAN2626000CE,0.1011808449117551
08-01-2026 13:40||NIFTY27JAN2626200CE,0.0972578529765316
08-01-2026 13:40||NIFTY27JAN2626300CE,0.0957221417425854
08-01-2026 13:45||NIFTY27JAN2624600PE,0.1366021220488934
08-01-2026 13:45||NIFTY27JAN2624700PE,0.1308578979750286
08-01-2026 13:45||NIFTY27JAN2625100PE,0.109729600850568
08-01-2026 13:45||NIFTY27JAN2625600CE,0.1131973161010593
08-01-2026 13:45||NIFTY27JAN2625700CE,0.1088411833396866
08-01-2026 13:50||NIFTY27JAN2624600PE,0.13535710963835
08-01-2026 13:50||NIFTY27JAN2625500CE,0.1170337238590505
08-01-2026 13:55||NIFTY27JAN2624200PE,0.1617506681650288
08-01-2026 13:55||NIFTY27JAN2624600PE,0.1355517554300142
08-01-2026 13:55||NIFTY27JAN2625000PE,0.1140450442731281
08-01-2026 13:55||NIFTY27JAN2625200CE,0.1382944753635595
08-01-2026 13:55||NIFTY27JAN2625700CE,0.1065697515809398
08-01-2026 14:00||NIFTY27JAN2623800PE,0.1847463852830021
08-01-2026 14:00||NIFTY27JAN2623900PE,0.1791815750497759
08-01-2026 14:00||NIFTY27JAN2625300CE,0.1105279361693718
08-01-2026 14:00||NIFTY27JAN2625400CE,0.1117811036106511
08-01-2026 14:00||NIFTY27JAN2625900CE,0.0986634912528529
08-01-2026 14:00||NIFTY27JAN2626000CE,0.0967315420002356
08-01-2026 14:00||NIFTY27JAN2626100CE,0.0949877695508861
08-01-2026 14:00||NIFTY27JAN2626200CE,0.0934650051408948
08-01-2026 14:00||NIFTY27JAN2626300CE,0.092195311501963
08-01-2026 14:05||NIFTY27JAN2623900PE,0.1786737092309827
08-01-2026 14:05||NIFTY27JAN2624500PE,0.1422922673568179
08-01-2026 14:05||NIFTY27JAN2625300CE,0.1154324163731987
08-01-2026 14:05||NIFTY27JAN2626000CE,0.0962009411259709
08-01-2026 14:05||NIFTY27JAN2626200CE,0.0931206955476765
08-01-2026 14:05||NIFTY27JAN2626300CE,0.0917692339392042
08-01-2026 14:05||NIFTY27JAN2626500CE,0.0890348441672159
08-01-2026 14:10||NIFTY27JAN2624800PE,0.1242300999895417
08-01-2026 14:10||NIFTY27JAN2625000PE,0.1141046044831878
08-01-2026 14:10||NIFTY27JAN2625200CE,0.1209578312934195
08-01-2026 14:10||NIFTY27JAN2625300CE,0.120292603557035
08-01-2026 14:10||NIFTY27JAN2625700CE,0.1098144125201274
08-01-2026 14:15||NIFTY27JAN2623800PE,0.1839488143513466
08-01-2026 14:15||NIFTY27JAN2624200PE,0.1604517485802684
08-01-2026 14:15||NIFTY27JAN2624300PE,0.1538449529884662
08-01-2026 14:15||NIFTY27JAN2625000PE,0.1130904847286492
08-01-2026 14:15||NIFTY27JAN2625200CE,0.1288885149258795
08-01-2026 14:15||NIFTY27JAN2625600CE,0.1149936957360747
08-01-2026 14:15||NIFTY27JAN2626100CE,0.0971059221219115
08-01-2026 14:15||NIFTY27JAN2626400CE,0.0920711973662822
08-01-2026 14:20||NIFTY27JAN2624500PE,0.1408180114316508
08-01-2026 14:20||NIFTY27JAN2625000PE,0.1131323322341828
08-01-2026 14:20||NIFTY27JAN2625700CE,0.1034901537332786
08-01-2026 14:20||NIFTY27JAN2626400CE,0.0892968823656399
08-01-2026 14:25||NIFTY27JAN2624600PE,0.1360096248336978
08-01-2026 14:25||NIFTY27JAN2624800PE,0.1243255918548641
08-01-2026 14:25||NIFTY27JAN2625200CE,0.119147663308061
08-01-2026 14:25||NIFTY27JAN2625600CE,0.1037100099862936
08-01-2026 14:25||NIFTY27JAN2625900CE,0.097612397916773
08-01-2026 14:25||NIFTY27JAN2626000CE,0.0957294829242093
08-01-2026 14:30||NIFTY27JAN2624500PE,0.1399985751969781
08-01-2026 14:30||NIFTY27JAN2626200CE,0.0981086001556784
08-01-2026 14:30||NIFTY27JAN2626400CE,0.093183988792629
08-01-2026 14:30||NIFTY27JAN2626500CE,0.0904284351195092
08-01-2026 14:35||NIFTY27JAN2624200PE,0.1601740195697709
08-01-2026 14:35||NIFTY27JAN2624800PE,0.1234463869297135
08-01-2026 14:35||NIFTY27JAN2625100PE,0.1088492016479088
08-01-2026 14:35||NIFTY27JAN2626100CE,0.0952497337787553
08-01-2026 14:40||NIFTY27JAN2624200PE,0.1595939220348746
08-01-2026 14:40||NIFTY27JAN2624600PE,0.1348177047035716
08-01-2026 14:40||NIFTY27JAN2625000PE,0.1127452352224521
08-01-2026 14:40||NIFTY27JAN2625300CE,0.120097390457748
08-01-2026 14:40||NIFTY27JAN2625400CE,0.1160760002146379
08-01-2026 14:40||NIFTY27JAN2625500CE,0.1122862683943421
08-01-2026 14:40||NIFTY27JAN2626200CE,0.0927357533363795
08-01-2026 14:40||NIFTY27JAN2626300CE,0.0911716918058326
08-01-2026 14:45||NIFTY27JAN2624000PE,0.1700973779147533
08-01-2026 14:45||NIFTY27JAN2624700PE,0.128448558378222
08-01-2026 14:45||NIFTY27JAN2625000PE,0.1121991658983347
08-01-2026 14:45||NIFTY27JAN2625300CE,0.1228304883228455
08-01-2026 14:45||NIFTY27JAN2625700CE,0.1059206530903952
08-01-2026 14:50||NIFTY27JAN2624100PE,0.1657150544871668
08-01-2026 14:50||NIFTY27JAN2624300PE,0.1534006539369939
08-01-2026 14:50||NIFTY27JAN2625100PE,0.1093482834817924
08-01-2026 14:50||NIFTY27JAN2625400CE,0.1139341818134628
08-01-2026 14:50||NIFTY27JAN2625500CE,0.1082941408270473
08-01-2026 14:50||NIFTY27JAN2626000CE,0.093408399399663
08-01-2026 14:50||NIFTY27JAN2626200CE,0.0904324717355525
08-01-2026 14:55||NIFTY27JAN2626300CE,0.0908635540135288
08-01-2026 15:00||NIFTY27JAN2623900PE,0.1742703572497864
08-01-2026 15:00||NIFTY27JAN2624000PE,0.1681233554715248
08-01-2026 15:00||NIFTY27JAN2624900PE,0.1180651648515147
08-01-2026 15:00||NIFTY27JAN2625100PE,0.1082639715519806
08-01-2026 15:00||NIFTY27JAN2625200CE,0.1342784159939901
08-01-2026 15:00||NIFTY27JAN2625600CE,0.0985742641866055
08-01-2026 15:00||NIFTY27JAN2625700CE,0.0960206344169265
08-01-2026 15:00||NIFTY27JAN2626300CE,0.0885225685098046
08-01-2026 15:00||NIFTY27JAN2626400CE,0.0880707001453679
08-01-2026 15:05||NIFTY27JAN2624400PE,0.1428794698013097
08-01-2026 15:05||NIFTY27JAN2624800PE,0.1197107848894956
08-01-2026 15:05||NIFTY27JAN2624900PE,0.1148322956422641
08-01-2026 15:05||NIFTY27JAN2626000CE,0.098366433878356
08-01-2026 15:05||NIFTY27JAN2626100CE,0.0965969335265484
08-01-2026 15:05||NIFTY27JAN2626200CE,0.0949511836563734
08-01-2026 15:10||NIFTY27JAN2624000PE,0.1667601556742108
08-01-2026 15:10||NIFTY27JAN2624200PE,0.1554193960774361
08-01-2026 15:10||NIFTY27JAN2624600PE,0.1311948430827268
08-01-2026 15:10||NIFTY27JAN2625100PE,0.1057798004518976
08-01-2026 15:10||NIFTY27JAN2625700CE,0.1038502462901426
08-01-2026 15:10||NIFTY27JAN2626100CE,0.0947970537216975
08-01-2026 15:10||NIFTY27JAN2626300CE,0.092224951929565
08-01-2026 15:10||NIFTY27JAN2626500CE,0.0896819202708577
08-01-2026 15:15||NIFTY27JAN2624800PE,0.1199004817032859
08-01-2026 15:15||NIFTY27JAN2625100PE,0.1058794810897701
08-01-2026 15:15||NIFTY27JAN2625500CE,0.1102508893152878
08-01-2026 15:15||NIFTY27JAN2626100CE,0.0941931579343017
08-01-2026 15:20||NIFTY27JAN2624000PE,0.1671938961523042
08-01-2026 15:20||NIFTY27JAN2624500PE,0.1367568582484816
08-01-2026 15:20||NIFTY27JAN2624800PE,0.1203056897618249
08-01-2026 15:20||NIFTY27JAN2625000PE,0.1111639283638923
08-01-2026 15:20||NIFTY27JAN2625600CE,0.1043288631857326
08-01-2026 15:20||NIFTY27JAN2626100CE,0.0928489284466283
08-01-2026 15:20||NIFTY27JAN2626400CE,0.0888479332419092
08-01-2026 15:20||NIFTY27JAN2626500CE,0.0873814319668872
08-01-2026 15:25||NIFTY27JAN2623800PE,0.1801908467906764
08-01-2026 15:25||NIFTY27JAN2624100PE,0.159758396482623
08-01-2026 15:25||NIFTY27JAN2624300PE,0.1491344451147402
08-01-2026 15:25||NIFTY27JAN2624600PE,0.131112736895302
08-01-2026 15:25||NIFTY27JAN2625100PE,0.1084167265914217
08-01-2026 15:25||NIFTY27JAN2625800CE,0.095896683132556
08-01-2026 15:25||NIFTY27JAN2626100CE,0.0921178726722063
09-01-2026 09:15||NIFTY27JAN2624400PE,0.1451811338326614
09-01-2026 09:15||NIFTY27JAN2625000PE,0.112175643559381
09-01-2026 09:15||NIFTY27JAN2625400CE,0.1233398762594771
09-01-2026 09:15||NIFTY27JAN2625500CE,0.1199086856354186
09-01-2026 09:15||NIFTY27JAN2625800CE,0.1071070760844547
09-01-2026 09:15||NIFTY27JAN2626300CE,0.0943169837955648
09-01-2026 09:20||NIFTY27JAN2624100PE,0.1638292563866268
09-01-2026 09:20||NIFTY27JAN2624200PE,0.1576135109783326
09-01-2026 09:20||NIFTY27JAN2624800PE,0.1242727574774366
09-01-2026 09:20||NIFTY27JAN2625000PE,0.1155497117826759
09-01-2026 09:20||NIFTY27JAN2625300CE,0.108236137039432
09-01-2026 09:25||NIFTY27JAN2624100PE,0.1605345623416761
09-01-2026 09:25||NIFTY27JAN2625000PE,0.1117970256749749
09-01-2026 09:25||NIFTY27JAN2625400CE,0.1190153846212243
09-01-2026 09:25||NIFTY27JAN2626100CE,0.094414197441401
09-01-2026 09:30||NIFTY27JAN2624300PE,0.1490251756996441
09-01-2026 09:30||NIFTY27JAN2624500PE,0.1371938853870562
09-01-2026 09:30||NIFTY27JAN2624600PE,0.13143343044801
09-01-2026 09:30||NIFTY27JAN2625300CE,0.1147803014911229
09-01-2026 09:30||NIFTY27JAN2625400CE,0.1125263304619882
09-01-2026 09:30||NIFTY27JAN2626100CE,0.0933831641010701
09-01-2026 09:30||NIFTY27JAN2626400CE,0.0903924708001068
09-01-2026 09:35||NIFTY27JAN2624800PE,0.1195866497930991
09-01-2026 09:35||NIFTY27JAN2626000CE,0.0979081250820783
09-01-2026 09:35||NIFTY27JAN2626200CE,0.0944828280591861
09-01-2026 09:40||NIFTY27JAN2625500CE,0.1354423305381105
09-01-2026 09:40||NIFTY27JAN2625600CE,0.1301135867534101
09-01-2026 09:40||NIFTY27JAN2625700CE,0.1248607657807424
09-01-2026 09:40||NIFTY27JAN2625900CE,0.1144869099378752
09-01-2026 09:45||NIFTY27JAN2624000PE,0.1649105585289582
09-01-2026 09:45||NIFTY27JAN2624300PE,0.1472605342480546
09-01-2026 09:45||NIFTY27JAN2624400PE,0.1411077751506973
09-01-2026 09:45||NIFTY27JAN2624700PE,0.1238743220869339
09-01-2026 09:45||NIFTY27JAN2624900PE,0.1135751064714875
09-01-2026 09:45||NIFTY27JAN2625600CE,0.1235558656215639
09-01-2026 09:45||NIFTY27JAN2625900CE,0.1073314672516945
09-01-2026 09:50||NIFTY27JAN2624100PE,0.1598279672506356
09-01-2026 09:50||NIFTY27JAN2624400PE,0.1422958322748814
09-01-2026 09:50||NIFTY27JAN2624600PE,0.1300657545946257
09-01-2026 09:50||NIFTY27JAN2624700PE,0.1245527044445338
09-01-2026 09:50||NIFTY27JAN2624900PE,0.1146694320211049
09-01-2026 09:50||NIFTY27JAN2625300CE,0.1366538841842436
09-01-2026 09:50||NIFTY27JAN2625600CE,0.1199885238160646
09-01-2026 09:50||NIFTY27JAN2626000CE,0.1030202559034532
09-01-2026 09:50||NIFTY27JAN2626100CE,0.1003590333105218
09-01-2026 09:50||NIFTY27JAN2626400CE,0.0945072022439075
09-01-2026 09:55||NIFTY27JAN2623800PE,0.1782626554560158
09-01-2026 09:55||NIFTY27JAN2624800PE,0.1199041484779644
09-01-2026 09:55||NIFTY27JAN2624900PE,0.11515693282547
09-01-2026 09:55||NIFTY27JAN2625000PE,0.1109498461119259
09-01-2026 09:55||NIFTY27JAN2625200CE,0.1327979604168081
09-01-2026 10:00||NIFTY27JAN2624100PE,0.1624433134544875
09-01-2026 10:00||NIFTY27JAN2624300PE,0.1497027205191157
09-01-2026 10:00||NIFTY27JAN2625100PE,0.1082672056346128
09-01-2026 10:00||NIFTY27JAN2625500CE,0.106186600760912
09-01-2026 10:00||NIFTY27JAN2626100CE,0.0928809622797698
09-01-2026 10:05||NIFTY27JAN2624500PE,0.1362848362929943
09-01-2026 10:05||NIFTY27JAN2624800PE,0.1192092485636904
09-01-2026 10:05||NIFTY27JAN2625600CE,0.1206096918216753
09-01-2026 10:05||NIFTY27JAN2626100CE,0.099328329043254
09-01-2026 10:10||NIFTY27JAN2624400PE,0.1435179730994697
09-01-2026 10:10||NIFTY27JAN2626300CE,0.0911626215709028
09-01-2026 10:10||NIFTY27JAN2626400CE,0.0905004759018585
09-01-2026 10:15||NIFTY27JAN2625100PE,0.1073855689037098
09-01-2026 10:15||NIFTY27JAN2625600CE,0.1084867226689193
09-01-2026 10:15||NIFTY27JAN2626200CE,0.0924358799796395
09-01-2026 10:15||NIFTY27JAN2626300CE,0.0912101131372575
09-01-2026 10:20||NIFTY27JAN2623900PE,0.1734875351070063
09-01-2026 10:20||NIFTY27JAN2624000PE,0.1675714996539069
09-01-2026 10:20||NIFTY27JAN2625200CE,0.1439026139203851
09-01-2026 10:20||NIFTY27JAN2625700CE,0.1130244959829141
09-01-2026 10:25||NIFTY27JAN2624200PE,0.1552606708869177
09-01-2026 10:25||NIFTY27JAN2625000PE,0.1093847723814528
09-01-2026 10:25||NIFTY27JAN2625600CE,0.120592161055727
09-01-2026 10:25||NIFTY27JAN2626200CE,0.097036799586691
09-01-2026 10:25||NIFTY27JAN2626500CE,0.0911553225020514
09-01-2026 10:30||NIFTY27JAN2624300PE,0.1499489085827934
09-01-2026 10:30||NIFTY27JAN2624900PE,0.1172295904721233
09-01-2026 10:35||NIFTY27JAN2624300PE,0.1491596973879193
09-01-2026 10:35||NIFTY27JAN2624800PE,0.1196983281701222
09-01-2026 10:35||NIFTY27JAN2626300CE,0.091584998206702
09-01-2026 10:40||NIFTY27JAN2624000PE,0.1662122527547631
09-01-2026 10:40||NIFTY27JAN2624700PE,0.1249407666415199
09-01-2026 10:40||NIFTY27JAN2625000PE,0.1092956879363668
09-01-2026 10:40||NIFTY27JAN2625500CE,0.1164386585255152
09-01-2026 10:40||NIFTY27JAN2626000CE,0.0975481139724584
09-01-2026 10:40||NIFTY27JAN2626100CE,0.0958081433181374
09-01-2026 10:40||NIFTY27JAN2626400CE,0.0903874125303666
09-01-2026 10:40||NIFTY27JAN2626500CE,0.0883326231416129
09-01-2026 10:45||NIFTY27JAN2624400PE,0.1424736022243889
09-01-2026 10:45||NIFTY27JAN2625000PE,0.1095142647968855
09-01-2026 10:45||NIFTY27JAN2625200CE,0.1329473835252079
09-01-2026 10:45||NIFTY27JAN2625400CE,0.1204823376853819
09-01-2026 10:45||NIFTY27JAN2625500CE,0.1145050638030201
09-01-2026 10:45||NIFTY27JAN2626300CE,0.0908704597251903
09-01-2026 10:50||NIFTY27JAN2624100PE,0.1613037595177493
09-01-2026 10:50||NIFTY27JAN2625800CE,0.0951235638973032
09-01-2026 10:50||NIFTY27JAN2625900CE,0.0929765268261417
09-01-2026 10:50||NIFTY27JAN2626000CE,0.0912218833301994
09-01-2026 10:50||NIFTY27JAN2626400CE,0.0870423932348929
09-01-2026 10:50||NIFTY27JAN2626500CE,0.0855006375490258
09-01-2026 10:55||NIFTY27JAN2623800PE,0.1759470311934063
09-01-2026 10:55||NIFTY27JAN2624700PE,0.1240129727754268
09-01-2026 10:55||NIFTY27JAN2624900PE,0.1145380917399443
09-01-2026 10:55||NIFTY27JAN2626300CE,0.0913160448548858
09-01-2026 11:00||NIFTY27JAN2624900PE,0.1132373721123732
09-01-2026 11:00||NIFTY27JAN2625000PE,0.1085578858598949
09-01-2026 11:00||NIFTY27JAN2625200CE,0.1678089705552401
09-01-2026 11:00||NIFTY27JAN2625700CE,0.1024952785889717
09-01-2026 11:00||NIFTY27JAN2625800CE,0.0990618252206913
09-01-2026 11:05||NIFTY27JAN2624000PE,0.1633672033111678
09-01-2026 11:05||NIFTY27JAN2624400PE,0.1383903211451616
09-01-2026 11:05||NIFTY27JAN2625100PE,0.104405449142912
09-01-2026 11:05||NIFTY27JAN2625300CE,0.1248290400409202
09-01-2026 11:05||NIFTY27JAN2625500CE,0.1133254117235934
09-01-2026 11:05||NIFTY27JAN2625700CE,0.1056656153039577
09-01-2026 11:10||NIFTY27JAN2623900PE,0.1704317866285925
09-01-2026 11:10||NIFTY27JAN2624700PE,0.1236879333579139
09-01-2026 11:10||NIFTY27JAN2625100PE,0.1064541716944026
09-01-2026 11:10||NIFTY27JAN2625200CE,0.1193168713311456
09-01-2026 11:10||NIFTY27JAN2625500CE,0.1064683595816527
09-01-2026 11:10||NIFTY27JAN2625800CE,0.0946216148210726
09-01-2026 11:15||NIFTY27JAN2624200PE,0.1522429879651371
09-01-2026 11:15||NIFTY27JAN2624600PE,0.127982224317696
09-01-2026 11:15||NIFTY27JAN2625700CE,0.1021298103942883
09-01-2026 11:15||NIFTY27JAN2626400CE,0.091483243154869
09-01-2026 11:20||NIFTY27JAN2625200CE,0.1315310891900216
09-01-2026 11:20||NIFTY27JAN2625500CE,0.1100618206576195
09-01-2026 11:25||NIFTY27JAN2624600PE,0.1274977294729959
09-01-2026 11:25||NIFTY27JAN2625100PE,0.1034567665116875
09-01-2026 11:25||NIFTY27JAN2625600CE,0.109743275888821
09-01-2026 11:30||NIFTY27JAN2624000PE,0.1627815031751457
09-01-2026 11:30||NIFTY27JAN2624100PE,0.1573112569177365
09-01-2026 11:30||NIFTY27JAN2624500PE,0.1340810349900386
09-01-2026 11:30||NIFTY27JAN2624600PE,0.1283489032279212
09-01-2026 11:30||NIFTY27JAN2624900PE,0.1132806607975345
09-01-2026 11:30||NIFTY27JAN2625000PE,0.1087153756485207
09-01-2026 11:30||NIFTY27JAN2625300CE,0.1230084962875351
09-01-2026 11:30||NIFTY27JAN2626200CE,0.0900857746839692
09-01-2026 11:35||NIFTY27JAN2624100PE,0.1575479395451304
09-01-2026 11:35||NIFTY27JAN2624600PE,0.1277321645620967
09-01-2026 11:35||NIFTY27JAN2625200CE,0.1204072250724391
09-01-2026 11:35||NIFTY27JAN2625300CE,0.1163957002378778
09-01-2026 11:35||NIFTY27JAN2625700CE,0.1007007696617244
09-01-2026 11:35||NIFTY27JAN2625800CE,0.0978815649866125
09-01-2026 11:40||NIFTY27JAN2624600PE,0.1276788718246702
09-01-2026 11:40||NIFTY27JAN2624700PE,0.1225870506884984
09-01-2026 11:40||NIFTY27JAN2625000PE,0.1084019508312951
09-01-2026 11:40||NIFTY27JAN2625300CE,0.1179003908292605
09-01-2026 11:40||NIFTY27JAN2625800CE,0.0980872789530649
09-01-2026 11:40||NIFTY27JAN2625900CE,0.0965305624666311
09-01-2026 11:45||NIFTY27JAN2625900CE,0.097049174026708
09-01-2026 11:45||NIFTY27JAN2626000CE,0.0951033077467621
09-01-2026 11:45||NIFTY27JAN2626200CE,0.0932528076443434
09-01-2026 11:45||NIFTY27JAN2626500CE,0.0914121852829109
09-01-2026 11:50||NIFTY27JAN2625000PE,0.1083898892996594
09-01-2026 11:50||NIFTY27JAN2625200CE,0.1186942850454739
09-01-2026 11:50||NIFTY27JAN2625400CE,0.1125361002718418
09-01-2026 11:50||NIFTY27JAN2625500CE,0.1094593932095543
09-01-2026 11:50||NIFTY27JAN2626000CE,0.0962618316999256
09-01-2026 11:50||NIFTY27JAN2626500CE,0.0927880744640925
09-01-2026 11:55||NIFTY27JAN2624200PE,0.1515068953707367
09-01-2026 11:55||NIFTY27JAN2624300PE,0.1440916574138927
09-01-2026 11:55||NIFTY27JAN2624500PE,0.1324630531047037
09-01-2026 11:55||NIFTY27JAN2624900PE,0.1136597840552431
09-01-2026 11:55||NIFTY27JAN2625400CE,0.1145411471845614
09-01-2026 11:55||NIFTY27JAN2625600CE,0.1060294928066509
09-01-2026 11:55||NIFTY27JAN2625800CE,0.100105207897175
09-01-2026 11:55||NIFTY27JAN2626300CE,0.093490138233821
09-01-2026 12:00||NIFTY27JAN2623800PE,0.1735065284068184
09-01-2026 12:00||NIFTY27JAN2624400PE,0.1378679480388713
09-01-2026 12:00||NIFTY27JAN2624800PE,0.1151305382491148
09-01-2026 12:00||NIFTY27JAN2625600CE,0.112014804017907
09-01-2026 12:00||NIFTY27JAN2625800CE,0.1034595362860855
09-01-2026 12:00||NIFTY27JAN2626300CE,0.0951859447804714
09-01-2026 12:05||NIFTY27JAN2624600PE,0.127376155951018
09-01-2026 12:05||NIFTY27JAN2625500CE,0.1080498727555893
09-01-2026 12:05||NIFTY27JAN2626000CE,0.095009218939643
09-01-2026 12:05||NIFTY27JAN2626500CE,0.0928341130630756
09-01-2026 12:10||NIFTY27JAN2624200PE,0.152269248475811
09-01-2026 12:10||NIFTY27JAN2624300PE,0.1452657834242001
09-01-2026 12:10||NIFTY27JAN2625500CE,0.1056402647611996
09-01-2026 12:10||NIFTY27JAN2625900CE,0.0963020475997476
09-01-2026 12:10||NIFTY27JAN2626300CE,0.09322293507908
09-01-2026 12:15||NIFTY27JAN2623800PE,0.1755676949366242
09-01-2026 12:15||NIFTY27JAN2624100PE,0.1571518379747714
09-01-2026 12:15||NIFTY27JAN2624200PE,0.1503657761718067
09-01-2026 12:15||NIFTY27JAN2624300PE,0.143639754000992
09-01-2026 12:15||NIFTY27JAN2625400CE,0.1105854815853185
09-01-2026 12:15||NIFTY27JAN2625500CE,0.1067643016741987
09-01-2026 12:15||NIFTY27JAN2625800CE,0.0994754302227677
09-01-2026 12:15||NIFTY27JAN2625900CE,0.097492970176351
09-01-2026 12:15||NIFTY27JAN2626200CE,0.092635659956845
09-01-2026 12:15||NIFTY27JAN2626300CE,0.0907684602740153
09-01-2026 12:15||NIFTY27JAN2626400CE,0.0889083467550318
09-01-2026 12:15||NIFTY27JAN2626500CE,0.0870552658181229
09-01-2026 12:20||NIFTY27JAN2624000PE,0.1627403221347908
09-01-2026 12:20||NIFTY27JAN2624700PE,0.1206189483220827
09-01-2026 12:20||NIFTY27JAN2624800PE,0.1159425963891921
09-01-2026 12:20||NIFTY27JAN2625000PE,0.107437636074163
09-01-2026 12:25||NIFTY27JAN2624200PE,0.1501867973795579
09-01-2026 12:25||NIFTY27JAN2624400PE,0.1382127170287361
09-01-2026 12:25||NIFTY27JAN2624600PE,0.1268675523339474
09-01-2026 12:25||NIFTY27JAN2625000PE,0.1086383003798192
09-01-2026 12:30||NIFTY27JAN2623800PE,0.1694792741369943
09-01-2026 12:30||NIFTY27JAN2624400PE,0.1381206750297561
09-01-2026 12:30||NIFTY27JAN2624900PE,0.1126551605715865
09-01-2026 12:30||NIFTY27JAN2626400CE,0.0946612076006723
09-01-2026 12:35||NIFTY27JAN2624100PE,0.1593721667251498
09-01-2026 12:35||NIFTY27JAN2624300PE,0.1461382086804896
09-01-2026 12:35||NIFTY27JAN2624700PE,0.1240170131635968
09-01-2026 12:35||NIFTY27JAN2624900PE,0.1158148796191763
09-01-2026 12:35||NIFTY27JAN2625700CE,0.0977740375399091
09-01-2026 12:35||NIFTY27JAN2626400CE,0.0959284051729519
09-01-2026 12:40||NIFTY27JAN2624100PE,0.158862113817321
09-01-2026 12:40||NIFTY27JAN2625800CE,0.0992795507611712
09-01-2026 12:40||NIFTY27JAN2626100CE,0.096085933129368
09-01-2026 12:45||NIFTY27JAN2623900PE,0.1706745439074012
09-01-2026 12:45||NIFTY27JAN2624100PE,0.1584974133970627
09-01-2026 12:45||NIFTY27JAN2624200PE,0.151736325399013
09-01-2026 12:45||NIFTY27JAN2625100PE,0.1071741716944026
09-01-2026 12:45||NIFTY27JAN2625300CE,0.1046316147775786
09-01-2026 12:45||NIFTY27JAN2625800CE,0.0963108995514815
09-01-2026 12:45||NIFTY27JAN2625900CE,0.0950871021761067
09-01-2026 12:45||NIFTY27JAN2626000CE,0.0945704695986733
09-01-2026 12:45||NIFTY27JAN2626400CE,0.0983051012023622
09-01-2026 12:50||NIFTY27JAN2623800PE,0.1773802686399427
09-01-2026 12:50||NIFTY27JAN2624100PE,0.1557342285027088
09-01-2026 12:50||NIFTY27JAN2625300CE,0.1212385593531844
09-01-2026 12:50||NIFTY27JAN2625500CE,0.1110435983892258
09-01-2026 12:50||NIFTY27JAN2626200CE,0.0977078667789711
09-01-2026 12:55||NIFTY27JAN2624100PE,0.1578970431185838
09-01-2026 12:55||NIFTY27JAN2624500PE,0.1325105415888257
09-01-2026 12:55||NIFTY27JAN2624800PE,0.117142952374603
09-01-2026 12:55||NIFTY27JAN2625600CE,0.1047391756481136
09-01-2026 12:55||NIFTY27JAN2625700CE,0.1021751931540796
09-01-2026 13:00||NIFTY27JAN2624200PE,0.1507919507150274
09-01-2026 13:00||NIFTY27JAN2624900PE,0.1138599250326247
09-01-2026 13:00||NIFTY27JAN2625200CE,0.1159221188434988
09-01-2026 13:00||NIFTY27JAN2625600CE,0.1038787761327005
09-01-2026 13:00||NIFTY27JAN2625800CE,0.0992966426479461
09-01-2026 13:00||NIFTY27JAN2626400CE,0.0981402383715688
09-01-2026 13:05||NIFTY27JAN2623900PE,0.1704838624128604
09-01-2026 13:05||NIFTY27JAN2624100PE,0.158274638786952
09-01-2026 13:05||NIFTY27JAN2624300PE,0.1454956101669949
09-01-2026 13:05||NIFTY27JAN2624400PE,0.1392617795141965
09-01-2026 13:05||NIFTY27JAN2624700PE,0.1211343372911814
09-01-2026 13:05||NIFTY27JAN2624800PE,0.1162844866070168
09-01-2026 13:05||NIFTY27JAN2624900PE,0.1120620226932992
09-01-2026 13:05||NIFTY27JAN2625000PE,0.1082634321611104
09-01-2026 13:05||NIFTY27JAN2626000CE,0.0975733956740334
09-01-2026 13:05||NIFTY27JAN2626400CE,0.0975828855007266
09-01-2026 13:05||NIFTY27JAN2626500CE,0.0972071967685586
09-01-2026 13:10||NIFTY27JAN2624000PE,0.163590212238035
09-01-2026 13:10||NIFTY27JAN2624100PE,0.1578040093767634
09-01-2026 13:10||NIFTY27JAN2624300PE,0.1457092200893135
09-01-2026 13:10||NIFTY27JAN2625200CE,0.1194378812086806
09-01-2026 13:10||NIFTY27JAN2625900CE,0.0991970456664581
09-01-2026 13:10||NIFTY27JAN2626100CE,0.0974369224107599
09-01-2026 13:10||NIFTY27JAN2626400CE,0.098635015303651
09-01-2026 13:15||NIFTY27JAN2624100PE,0.1586339268155349
09-01-2026 13:15||NIFTY27JAN2624400PE,0.1388047202175169
09-01-2026 13:15||NIFTY27JAN2625000PE,0.1084412983470694
09-01-2026 13:15||NIFTY27JAN2625300CE,0.1158877786291684
09-01-2026 13:15||NIFTY27JAN2625700CE,0.1039484368524771
09-01-2026 13:15||NIFTY27JAN2625800CE,0.1018533099782363
09-01-2026 13:15||NIFTY27JAN2625900CE,0.1000890044154174
09-01-2026 13:15||NIFTY27JAN2626100CE,0.0977611369200585
09-01-2026 13:15||NIFTY27JAN2626200CE,0.0974946201936752
09-01-2026 13:20||NIFTY27JAN2624100PE,0.1585078109204024
09-01-2026 13:20||NIFTY27JAN2625000PE,0.108455510798345
09-01-2026 13:20||NIFTY27JAN2625200CE,0.1208504753009443
09-01-2026 13:20||NIFTY27JAN2625600CE,0.1038970542880124
09-01-2026 13:25||NIFTY27JAN2624500PE,0.1333367761675438
09-01-2026 13:25||NIFTY27JAN2625100PE,0.1059142116146684
09-01-2026 13:25||NIFTY27JAN2625300CE,0.1173234998931296
09-01-2026 13:25||NIFTY27JAN2626200CE,0.0966711939654888
09-01-2026 13:30||NIFTY27JAN2624300PE,0.1465169682329695
09-01-2026 13:30||NIFTY27JAN2624900PE,0.1152972449955005
09-01-2026 13:30||NIFTY27JAN2625900CE,0.096302807568773
09-01-2026 13:30||NIFTY27JAN2626400CE,0.0972895160119793
09-01-2026 13:35||NIFTY27JAN2623900PE,0.1692868181864504
09-01-2026 13:35||NIFTY27JAN2624100PE,0.157397736938673
09-01-2026 13:35||NIFTY27JAN2624400PE,0.1393294325563422
09-01-2026 13:35||NIFTY27JAN2624600PE,0.1264872864750836
09-01-2026 13:35||NIFTY27JAN2625100PE,0.1051936527309455
09-01-2026 13:35||NIFTY27JAN2625300CE,0.121727814779092
09-01-2026 13:35||NIFTY27JAN2625400CE,0.1164830417926352
09-01-2026 13:35||NIFTY27JAN2625900CE,0.1005614314142232
09-01-2026 13:35||NIFTY27JAN2626100CE,0.0984153072694762
09-01-2026 13:40||NIFTY27JAN2624500PE,0.1337429919156338
09-01-2026 13:40||NIFTY27JAN2624800PE,0.1190989792332228
09-01-2026 13:40||NIFTY27JAN2625100PE,0.1080631337674885
09-01-2026 13:40||NIFTY27JAN2625300CE,0.1066589866028992
09-01-2026 13:40||NIFTY27JAN2625500CE,0.1008165238701677
09-01-2026 13:40||NIFTY27JAN2626500CE,0.0974256624880166
09-01-2026 13:45||NIFTY27JAN2623900PE,0.1689890458274012
09-01-2026 13:45||NIFTY27JAN2624100PE,0.1570107804366178
09-01-2026 13:45||NIFTY27JAN2624300PE,0.1446748951216292
09-01-2026 13:45||NIFTY27JAN2624400PE,0.1387229601491058
09-01-2026 13:45||NIFTY27JAN2625200CE,0.1121024950560144
09-01-2026 13:45||NIFTY27JAN2626000CE,0.096284006700501
09-01-2026 13:50||NIFTY27JAN2623800PE,0.1713416884518189
09-01-2026 13:50||NIFTY27JAN2624600PE,0.1280259771764569
09-01-2026 13:50||NIFTY27JAN2624700PE,0.122881551989627
09-01-2026 13:50||NIFTY27JAN2625400CE,0.1096379881153202
09-01-2026 13:50||NIFTY27JAN2625800CE,0.0982037403633657
09-01-2026 13:50||NIFTY27JAN2626100CE,0.0962042472635335
09-01-2026 13:55||NIFTY27JAN2624000PE,0.1600610894549878
09-01-2026 13:55||NIFTY27JAN2625400CE,0.1158004213924887
09-01-2026 13:55||NIFTY27JAN2625500CE,0.1128005872445897
09-01-2026 13:55||NIFTY27JAN2626400CE,0.1011221303020005
09-01-2026 14:00||NIFTY27JAN2624200PE,0.1511652426460333
09-01-2026 14:00||NIFTY27JAN2624300PE,0.1455180399184497
09-01-2026 14:00||NIFTY27JAN2624400PE,0.1398801206863004
09-01-2026 14:00||NIFTY27JAN2625500CE,0.105421926146864
09-01-2026 14:00||NIFTY27JAN2625800CE,0.0984077905458474
09-01-2026 14:00||NIFTY27JAN2626000CE,0.095800437223359
09-01-2026 14:05||NIFTY27JAN2624100PE,0.1571719930920345
09-01-2026 14:05||NIFTY27JAN2624300PE,0.1446021520101893
09-01-2026 14:05||NIFTY27JAN2624400PE,0.1387036678128272
09-01-2026 14:05||NIFTY27JAN2625200CE,0.1251900991272553
09-01-2026 14:05||NIFTY27JAN2625400CE,0.1144893629012418
09-01-2026 14:10||NIFTY27JAN2624300PE,0.1445276105132066
09-01-2026 14:10||NIFTY27JAN2624700PE,0.1224781702941666
09-01-2026 14:10||NIFTY27JAN2625300CE,0.1114433438605657
09-01-2026 14:10||NIFTY27JAN2626300CE,0.0957611492643092
09-01-2026 14:10||NIFTY27JAN2626400CE,0.0954435085912465
09-01-2026 14:10||NIFTY27JAN2626500CE,0.0951270688309674
09-01-2026 14:15||NIFTY27JAN2625500CE,0.1049263343508019
09-01-2026 14:20||NIFTY27JAN2624100PE,0.1563431435629219
09-01-2026 14:20||NIFTY27JAN2624300PE,0.1444459189808017
09-01-2026 14:20||NIFTY27JAN2624400PE,0.1387384801394759
09-01-2026 14:20||NIFTY27JAN2625000PE,0.1088425317181446
09-01-2026 14:20||NIFTY27JAN2625200CE,0.1146017118428448
09-01-2026 14:20||NIFTY27JAN2625400CE,0.1089813373764194
09-01-2026 14:20||NIFTY27JAN2625900CE,0.0974954557035989
09-01-2026 14:25||NIFTY27JAN2624100PE,0.1570949426944679
09-01-2026 14:25||NIFTY27JAN2624200PE,0.1508170108781447
09-01-2026 14:25||NIFTY27JAN2624300PE,0.1446484578729348
09-01-2026 14:25||NIFTY27JAN2625100PE,0.1068740918538706
09-01-2026 14:25||NIFTY27JAN2625300CE,0.1106707881396491
09-01-2026 14:25||NIFTY27JAN2625600CE,0.0999788354887212
09-01-2026 14:30||NIFTY27JAN2624000PE,0.161697780291394
09-01-2026 14:30||NIFTY27JAN2624200PE,0.1485704337129091
09-01-2026 14:30||NIFTY27JAN2625900CE,0.1007807896804002
09-01-2026 14:30||NIFTY27JAN2626300CE,0.0992404016791938
09-01-2026 14:35||NIFTY27JAN2624200PE,0.1494532816265698
09-01-2026 14:35||NIFTY27JAN2624300PE,0.1433002308293567
09-01-2026 14:35||NIFTY27JAN2624600PE,0.1267712630537423
09-01-2026 14:35||NIFTY27JAN2625800CE,0.1001570404082944
09-01-2026 14:40||NIFTY27JAN2623800PE,0.1744918365484334
09-01-2026 14:40||NIFTY27JAN2625200CE,0.1243008713415812
09-01-2026 14:40||NIFTY27JAN2625600CE,0.1070528270780958
09-01-2026 14:40||NIFTY27JAN2625900CE,0.0998063516000973
09-01-2026 14:40||NIFTY27JAN2626100CE,0.0980092640096381
09-01-2026 14:40||NIFTY27JAN2626400CE,0.1001571770972009
09-01-2026 14:45||NIFTY27JAN2624500PE,0.1320077982765326
09-01-2026 14:45||NIFTY27JAN2624600PE,0.1266058013187925
09-01-2026 14:45||NIFTY27JAN2625300CE,0.114127063614387
09-01-2026 14:45||NIFTY27JAN2625600CE,0.1048412829466269
09-01-2026 14:50||NIFTY27JAN2623900PE,0.1693582672124022
09-01-2026 14:50||NIFTY27JAN2626000CE,0.0971672764333202
09-01-2026 14:50||NIFTY27JAN2626300CE,0.0980128794920301
09-01-2026 14:55||NIFTY27JAN2623900PE,0.1680624808347578
09-01-2026 14:55||NIFTY27JAN2624000PE,0.1623896319453152
09-01-2026 14:55||NIFTY27JAN2624800PE,0.1171932454483952
09-01-2026 14:55||NIFTY27JAN2625600CE,0.1030768885736099
09-01-2026 14:55||NIFTY27JAN2625900CE,0.097355838555388
09-01-2026 15:00||NIFTY27JAN2624000PE,0.1618296167761018
09-01-2026 15:00||NIFTY27JAN2624300PE,0.1438799346971773
09-01-2026 15:00||NIFTY27JAN2625400CE,0.1125908921058238
09-01-2026 15:00||NIFTY27JAN2625600CE,0.1058557779419428
09-01-2026 15:00||NIFTY27JAN2625700CE,0.1028554429666202
09-01-2026 15:00||NIFTY27JAN2625800CE,0.1003138108382107
09-01-2026 15:00||NIFTY27JAN2626500CE,0.1002099843504162
09-01-2026 15:05||NIFTY27JAN2624200PE,0.1501090584618996
09-01-2026 15:05||NIFTY27JAN2624300PE,0.143774183696683
09-01-2026 15:05||NIFTY27JAN2625000PE,0.106719839732584
09-01-2026 15:05||NIFTY27JAN2625100PE,0.1018093607960595
09-01-2026 15:05||NIFTY27JAN2625600CE,0.10574843171471
09-01-2026 15:05||NIFTY27JAN2626500CE,0.0999781133965843
09-01-2026 15:10||NIFTY27JAN2623800PE,0.1733568686621154
09-01-2026 15:10||NIFTY27JAN2624000PE,0.1622023389559266
09-01-2026 15:10||NIFTY27JAN2624600PE,0.1268285264008867
09-01-2026 15:10||NIFTY27JAN2625000PE,0.1079385571640128
09-01-2026 15:10||NIFTY27JAN2625100PE,0.1033455233304558
09-01-2026 15:10||NIFTY27JAN2625200CE,0.1184403366606313
09-01-2026 15:10||NIFTY27JAN2626200CE,0.0962448290678882
09-01-2026 15:15||NIFTY27JAN2624200PE,0.1516036833358628
09-01-2026 15:15||NIFTY27JAN2624300PE,0.1451052112820327
09-01-2026 15:15||NIFTY27JAN2624500PE,0.1330765844455244
09-01-2026 15:15||NIFTY27JAN2624700PE,0.1230191444655757
09-01-2026 15:15||NIFTY27JAN2624900PE,0.1146941926202982
09-01-2026 15:15||NIFTY27JAN2625200CE,0.1137416039906705
09-01-2026 15:15||NIFTY27JAN2625900CE,0.0960680296854229
09-01-2026 15:15||NIFTY27JAN2626000CE,0.0951577174387954
09-01-2026 15:20||NIFTY27JAN2623800PE,0.1740643510532309
09-01-2026 15:20||NIFTY27JAN2624700PE,0.1237155102764281
09-01-2026 15:20||NIFTY27JAN2625100PE,0.1068948104186572
09-01-2026 15:20||NIFTY27JAN2625200CE,0.1256927361040331
09-01-2026 15:20||NIFTY27JAN2625300CE,0.1195141815221586
09-01-2026 15:20||NIFTY27JAN2625600CE,0.1048793577136101
09-01-2026 15:20||NIFTY27JAN2625800CE,0.1004329599538046
09-01-2026 15:20||NIFTY27JAN2626100CE,0.0974852136002761
09-01-2026 15:25||NIFTY27JAN2624100PE,0.1588285289692095
09-01-2026 15:25||NIFTY27JAN2624200PE,0.1525326538489072
09-01-2026 15:25||NIFTY27JAN2624400PE,0.1405405591007184
09-01-2026 15:25||NIFTY27JAN2625500CE,0.1159048841748929
09-01-2026 15:25||NIFTY27JAN2626000CE,0.10138188386664
09-01-2026 15:25||NIFTY27JAN2626100CE,0.1002304926498272
12-01-2026 09:15||NIFTY27JAN2624000PE,0.1762429383946981
12-01-2026 09:15||NIFTY27JAN2624900PE,0.1249937458088343
12-01-2026 09:15||NIFTY27JAN2625200CE,0.1146756633811121
12-01-2026 09:15||NIFTY27JAN2626000CE,0.1018926645535947
12-01-2026 09:15||NIFTY27JAN2626100CE,0.1018754932962834
12-01-2026 09:20||NIFTY27JAN2624200PE,0.1632792576097341
12-01-2026 09:20||NIFTY27JAN2624600PE,0.1385915118354083
12-01-2026 09:20||NIFTY27JAN2624800PE,0.1281472077238864
12-01-2026 09:20||NIFTY27JAN2625000PE,0.1190681552570174
12-01-2026 09:20||NIFTY27JAN2625100PE,0.1144348808019518
12-01-2026 09:20||NIFTY27JAN2625200CE,0.1278428119407036
12-01-2026 09:20||NIFTY27JAN2625600CE,0.1138262312011021
12-01-2026 09:20||NIFTY27JAN2625800CE,0.109805644790571
12-01-2026 09:25||NIFTY27JAN2624700PE,0.132483747340239
12-01-2026 09:25||NIFTY27JAN2625800CE,0.114603675940476
12-01-2026 09:25||NIFTY27JAN2626200CE,0.1129495796687979
12-01-2026 09:30||NIFTY27JAN2623900PE,0.1812758038104354
12-01-2026 09:30||NIFTY27JAN2624000PE,0.1753176059116767
12-01-2026 09:30||NIFTY27JAN2624400PE,0.1487520925310169
12-01-2026 09:30||NIFTY27JAN2625200CE,0.1397482178693121
12-01-2026 09:30||NIFTY27JAN2625600CE,0.1237290329673055
12-01-2026 09:30||NIFTY27JAN2625800CE,0.1171866184006735
12-01-2026 09:30||NIFTY27JAN2626000CE,0.1140021297669525
12-01-2026 09:35||NIFTY27JAN2623900PE,0.1798713094994628
12-01-2026 09:35||NIFTY27JAN2624500PE,0.1424373091615763
12-01-2026 09:35||NIFTY27JAN2624600PE,0.136984507489575
12-01-2026 09:35||NIFTY27JAN2624700PE,0.1316888374711738
12-01-2026 09:35||NIFTY27JAN2625000PE,0.1168699955062307
12-01-2026 09:35||NIFTY27JAN2625700CE,0.1176212511540394
12-01-2026 09:35||NIFTY27JAN2625800CE,0.1154039064755753
12-01-2026 09:35||NIFTY27JAN2625900CE,0.1137265974744632
12-01-2026 09:35||NIFTY27JAN2626200CE,0.1129122250343097
12-01-2026 09:35||NIFTY27JAN2626500CE,0.1178289893823258
12-01-2026 09:40||NIFTY27JAN2623900PE,0.180726723703104
12-01-2026 09:40||NIFTY27JAN2624600PE,0.1393076223363871
12-01-2026 09:40||NIFTY27JAN2624700PE,0.1337216391512734
12-01-2026 09:40||NIFTY27JAN2625200CE,0.132043034440582
12-01-2026 09:40||NIFTY27JAN2625400CE,0.1239890628604472
12-01-2026 09:45||NIFTY27JAN2623900PE,0.1808094366617633
12-01-2026 09:45||NIFTY27JAN2624800PE,0.1257459741464252
12-01-2026 09:45||NIFTY27JAN2625000PE,0.1154453678080641
12-01-2026 09:45||NIFTY27JAN2626400CE,0.1165299333537346
12-01-2026 09:45||NIFTY27JAN2626500CE,0.1166792998503366
12-01-2026 09:50||NIFTY27JAN2625000PE,0.119016941594882
12-01-2026 09:50||NIFTY27JAN2625400CE,0.1267919170007055
12-01-2026 09:50||NIFTY27JAN2625900CE,0.1112349717328423
12-01-2026 09:50||NIFTY27JAN2626000CE,0.1099742539154548
12-01-2026 09:55||NIFTY27JAN2623800PE,0.1886136520401949
12-01-2026 09:55||NIFTY27JAN2625000PE,0.1200710020603514
12-01-2026 09:55||NIFTY27JAN2625100PE,0.1148728384992628
12-01-2026 09:55||NIFTY27JAN2625400CE,0.1165137857369942
12-01-2026 09:55||NIFTY27JAN2625700CE,0.1090371585950248
12-01-2026 09:55||NIFTY27JAN2625900CE,0.1068540334469986
12-01-2026 09:55||NIFTY27JAN2626200CE,0.1080569003112549
12-01-2026 09:55||NIFTY27JAN2626400CE,0.1128179645666442
12-01-2026 10:00||NIFTY27JAN2624800PE,0.1248088842912296
12-01-2026 10:00||NIFTY27JAN2625200CE,0.1441748713520171
12-01-2026 10:00||NIFTY27JAN2625700CE,0.1204742324233649
12-01-2026 10:00||NIFTY27JAN2626100CE,0.1135391774074787
12-01-2026 10:00||NIFTY27JAN2626200CE,0.1137969942961948
12-01-2026 10:05||NIFTY27JAN2623900PE,0.1830593894048114
12-01-2026 10:05||NIFTY27JAN2624300PE,0.1573822894986692
12-01-2026 10:05||NIFTY27JAN2624600PE,0.1399644189211875
12-01-2026 10:05||NIFTY27JAN2624700PE,0.1342290887075118
12-01-2026 10:05||NIFTY27JAN2624800PE,0.1285350011411454
12-01-2026 10:05||NIFTY27JAN2625100PE,0.1140479241993991
12-01-2026 10:10||NIFTY27JAN2624000PE,0.1748701903853969
12-01-2026 10:10||NIFTY27JAN2624100PE,0.1688338986146148
12-01-2026 10:10||NIFTY27JAN2624900PE,0.1226301051906921
12-01-2026 10:10||NIFTY27JAN2625600CE,0.116730023097528
12-01-2026 10:10||NIFTY27JAN2626300CE,0.1131086499703539
12-01-2026 10:10||NIFTY27JAN2626400CE,0.1155854828131765
12-01-2026 10:15||NIFTY27JAN2623800PE,0.1865291426864264
12-01-2026 10:15||NIFTY27JAN2624500PE,0.141896113914104
12-01-2026 10:15||NIFTY27JAN2624800PE,0.1244016897546502
12-01-2026 10:15||NIFTY27JAN2625000PE,0.1140765543425334
12-01-2026 10:15||NIFTY27JAN2625100PE,0.1088839208987686
12-01-2026 10:15||NIFTY27JAN2626200CE,0.1126859410496373
12-01-2026 10:15||NIFTY27JAN2626400CE,0.1139742232177533
12-01-2026 10:15||NIFTY27JAN2626500CE,0.1140282414323038
12-01-2026 10:20||NIFTY27JAN2624200PE,0.1635546367471343
12-01-2026 10:20||NIFTY27JAN2624800PE,0.1273918704836758
12-01-2026 10:20||NIFTY27JAN2624900PE,0.1223368056626678
12-01-2026 10:20||NIFTY27JAN2625200CE,0.1320760396458074
12-01-2026 10:20||NIFTY27JAN2626500CE,0.1150652784205233
12-01-2026 10:25||NIFTY27JAN2623800PE,0.1877497698786064
12-01-2026 10:25||NIFTY27JAN2624300PE,0.1564421285236883
12-01-2026 10:25||NIFTY27JAN2624400PE,0.1503166179427474
12-01-2026 10:25||NIFTY27JAN2624900PE,0.1212599765065751
12-01-2026 10:25||NIFTY27JAN2625200CE,0.1428159802658012
12-01-2026 10:25||NIFTY27JAN2625800CE,0.1134240895514524
12-01-2026 10:25||NIFTY27JAN2625900CE,0.1109838619460255
12-01-2026 10:25||NIFTY27JAN2626000CE,0.109428572919856
12-01-2026 10:30||NIFTY27JAN2624500PE,0.1450477709384073
12-01-2026 10:30||NIFTY27JAN2625200CE,0.1282737822141751
12-01-2026 10:30||NIFTY27JAN2625800CE,0.1093222763978051
12-01-2026 10:30||NIFTY27JAN2626200CE,0.1076433734219013
12-01-2026 10:35||NIFTY27JAN2624600PE,0.1375882821052856
12-01-2026 10:35||NIFTY27JAN2625400CE,0.1239377260141099
12-01-2026 10:35||NIFTY27JAN2625700CE,0.1134140217435251
12-01-2026 10:35||NIFTY27JAN2626400CE,0.1131542434658383
12-01-2026 10:40||NIFTY27JAN2625000PE,0.1169613227024941
12-01-2026 10:40||NIFTY27JAN2625100PE,0.1116837978656636
12-01-2026 10:40||NIFTY27JAN2625300CE,0.1291406208369789
12-01-2026 10:40||NIFTY27JAN2625400CE,0.1228724822502579
12-01-2026 10:40||NIFTY27JAN2625500CE,0.1177563478128464
12-01-2026 10:40||NIFTY27JAN2626400CE,0.1124144134620335
12-01-2026 10:45||NIFTY27JAN2624400PE,0.1490289546122517
12-01-2026 10:45||NIFTY27JAN2625000PE,0.1152435630535692
12-01-2026 10:45||NIFTY27JAN2626000CE,0.109700972410441
12-01-2026 10:45||NIFTY27JAN2626200CE,0.110498742116095
12-01-2026 10:45||NIFTY27JAN2626300CE,0.1122740336826702
12-01-2026 10:50||NIFTY27JAN2623900PE,0.1836218382312246
12-01-2026 10:50||NIFTY27JAN2624900PE,0.1235290892542856
12-01-2026 10:50||NIFTY27JAN2625500CE,0.1117609183971772
12-01-2026 10:50||NIFTY27JAN2625600CE,0.1103378173297682
12-01-2026 10:50||NIFTY27JAN2626200CE,0.1055986654348652
12-01-2026 10:55||NIFTY27JAN2624000PE,0.1752886392349351
12-01-2026 10:55||NIFTY27JAN2624300PE,0.1562372310144622
12-01-2026 10:55||NIFTY27JAN2624400PE,0.1500451435204499
12-01-2026 10:55||NIFTY27JAN2624900PE,0.1220974951832531
12-01-2026 10:55||NIFTY27JAN2625100PE,0.1125587019098215
12-01-2026 10:55||NIFTY27JAN2625500CE,0.1167634976298307
12-01-2026 10:55||NIFTY27JAN2626200CE,0.1080090252616241
12-01-2026 10:55||NIFTY27JAN2626400CE,0.1130389345657402
12-01-2026 11:00||NIFTY27JAN2623800PE,0.1871611377190545
12-01-2026 11:00||NIFTY27JAN2624000PE,0.1743653008016034
12-01-2026 11:00||NIFTY27JAN2624500PE,0.1422499941277079
12-01-2026 11:00||NIFTY27JAN2624800PE,0.1261927576068333
12-01-2026 11:00||NIFTY27JAN2624900PE,0.121481386945228
12-01-2026 11:00||NIFTY27JAN2625000PE,0.1169019817319418
12-01-2026 11:00||NIFTY27JAN2625200CE,0.1295101254519518
12-01-2026 11:00||NIFTY27JAN2625400CE,0.1226571826678915
12-01-2026 11:00||NIFTY27JAN2625600CE,0.1161131836292774
12-01-2026 11:00||NIFTY27JAN2626000CE,0.1082273944211112
12-01-2026 11:00||NIFTY27JAN2626300CE,0.1117031641156207
12-01-2026 11:05||NIFTY27JAN2624100PE,0.1672678935203694
12-01-2026 11:05||NIFTY27JAN2624700PE,0.1301161059681545
12-01-2026 11:05||NIFTY27JAN2625200CE,0.1320567129148905
12-01-2026 11:05||NIFTY27JAN2625500CE,0.1201875520166002
12-01-2026 11:05||NIFTY27JAN2625600CE,0.1170787328582979
12-01-2026 11:05||NIFTY27JAN2625700CE,0.1142604792422131
12-01-2026 11:10||NIFTY27JAN2624400PE,0.1488848484953634
12-01-2026 11:10||NIFTY27JAN2624500PE,0.1426998485696496
12-01-2026 11:10||NIFTY27JAN2625200CE,0.1277776238083562
12-01-2026 11:10||NIFTY27JAN2625800CE,0.108900744713062
12-01-2026 11:10||NIFTY27JAN2626000CE,0.1063482450995959
12-01-2026 11:15||NIFTY27JAN2625400CE,0.1187629125691947
12-01-2026 11:15||NIFTY27JAN2625700CE,0.1110630435064474
12-01-2026 11:15||NIFTY27JAN2625800CE,0.1093359801693422
12-01-2026 11:20||NIFTY27JAN2624800PE,0.1237931712697251
12-01-2026 11:20||NIFTY27JAN2626400CE,0.1162106972230733
12-01-2026 11:25||NIFTY27JAN2623800PE,0.182391797765577
12-01-2026 11:25||NIFTY27JAN2624200PE,0.1575396455815791
12-01-2026 11:25||NIFTY27JAN2624300PE,0.1515028632700874
12-01-2026 11:25||NIFTY27JAN2624700PE,0.1284119917495131
12-01-2026 11:25||NIFTY27JAN2625400CE,0.1207293263691015
12-01-2026 11:30||NIFTY27JAN2623900PE,0.1761599715084083
12-01-2026 11:30||NIFTY27JAN2624000PE,0.1703772388656798
12-01-2026 11:35||NIFTY27JAN2624200PE,0.1570223220448797
12-01-2026 11:35||NIFTY27JAN2624400PE,0.1452072843911767
12-01-2026 11:35||NIFTY27JAN2624700PE,0.1280177453572471
12-01-2026 11:35||NIFTY27JAN2624900PE,0.1191212709087353
12-01-2026 11:35||NIFTY27JAN2625300CE,0.1235212846564793
12-01-2026 11:35||NIFTY27JAN2625600CE,0.1155967108739763
12-01-2026 11:35||NIFTY27JAN2625800CE,0.11142605813581
12-01-2026 11:40||NIFTY27JAN2624300PE,0.1518510155880348
12-01-2026 11:40||NIFTY27JAN2624400PE,0.1459936450515363
12-01-2026 11:40||NIFTY27JAN2625000PE,0.1156797768497495
12-01-2026 11:40||NIFTY27JAN2625200CE,0.1239521886646888
12-01-2026 11:40||NIFTY27JAN2625300CE,0.1220673767449326
12-01-2026 11:50||NIFTY27JAN2624700PE,0.1278999181055644
12-01-2026 11:50||NIFTY27JAN2625600CE,0.1159367158962104
12-01-2026 11:50||NIFTY27JAN2625800CE,0.1116421251762774
12-01-2026 11:50||NIFTY27JAN2625900CE,0.1108295477757122
12-01-2026 11:55||NIFTY27JAN2624000PE,0.1695858803769899
12-01-2026 11:55||NIFTY27JAN2624900PE,0.1185655285911249
12-01-2026 11:55||NIFTY27JAN2625100PE,0.1106345673967157
12-01-2026 11:55||NIFTY27JAN2625700CE,0.1138266540252296
12-01-2026 11:55||NIFTY27JAN2626000CE,0.1104091480759881
12-01-2026 11:55||NIFTY27JAN2626500CE,0.1201273523526415
12-01-2026 12:00||NIFTY27JAN2624100PE,0.1634991780073067
12-01-2026 12:00||NIFTY27JAN2624900PE,0.1186772687585592
12-01-2026 12:00||NIFTY27JAN2625100PE,0.1111283390268801
12-01-2026 12:00||NIFTY27JAN2625900CE,0.1098671500115183
12-01-2026 12:05||NIFTY27JAN2624000PE,0.1698629837636817
12-01-2026 12:05||NIFTY27JAN2624900PE,0.117591225672741
12-01-2026 12:05||NIFTY27JAN2625500CE,0.1189967792890096
12-01-2026 12:05||NIFTY27JAN2625800CE,0.1121971911769096
12-01-2026 12:05||NIFTY27JAN2626000CE,0.1099093108011837
12-01-2026 12:10||NIFTY27JAN2623800PE,0.1832929994973689
12-01-2026 12:10||NIFTY27JAN2624200PE,0.1564331391248991
12-01-2026 12:10||NIFTY27JAN2624700PE,0.1242009462456547
12-01-2026 12:10||NIFTY27JAN2624800PE,0.1186343262626793
12-01-2026 12:10||NIFTY27JAN2625000PE,0.108629842036307
12-01-2026 12:10||NIFTY27JAN2625800CE,0.1196795441340559
12-01-2026 12:15||NIFTY27JAN2625100PE,0.1087376846778037
12-01-2026 12:15||NIFTY27JAN2625900CE,0.1138181575987427
12-01-2026 12:15||NIFTY27JAN2626200CE,0.1126904895000582
12-01-2026 12:20||NIFTY27JAN2624400PE,0.1490208243128912
12-01-2026 12:20||NIFTY27JAN2624700PE,0.1303967275090873
12-01-2026 12:20||NIFTY27JAN2625100PE,0.1105277245980695
12-01-2026 12:20||NIFTY27JAN2625300CE,0.1442713913491409
12-01-2026 12:20||NIFTY27JAN2625500CE,0.1328661380742558
12-01-2026 12:20||NIFTY27JAN2626400CE,0.1171066587746692
12-01-2026 12:25||NIFTY27JAN2624800PE,0.1290499824145438
12-01-2026 12:25||NIFTY27JAN2625200CE,0.1265069504870934
12-01-2026 12:25||NIFTY27JAN2626300CE,0.1118439819601937
12-01-2026 12:30||NIFTY27JAN2623800PE,0.188123022214192
12-01-2026 12:30||NIFTY27JAN2624800PE,0.1299928196069861
12-01-2026 12:30||NIFTY27JAN2624900PE,0.1253130812453954
12-01-2026 12:30||NIFTY27JAN2625500CE,0.1340311446285314
12-01-2026 12:30||NIFTY27JAN2625700CE,0.1248614574253067
12-01-2026 12:30||NIFTY27JAN2626500CE,0.1173861419737126
12-01-2026 12:35||NIFTY27JAN2624300PE,0.1621594711519019
12-01-2026 12:35||NIFTY27JAN2624600PE,0.144526939824004
12-01-2026 12:35||NIFTY27JAN2624900PE,0.1293769935749942
12-01-2026 12:35||NIFTY27JAN2625100PE,0.1192051699615767
12-01-2026 12:35||NIFTY27JAN2626000CE,0.1103177980928732
12-01-2026 12:35||NIFTY27JAN2626300CE,0.1110687603539116
12-01-2026 12:40||NIFTY27JAN2624300PE,0.1590943337715234
12-01-2026 12:40||NIFTY27JAN2624400PE,0.1526676068336652
12-01-2026 12:40||NIFTY27JAN2624500PE,0.1462453387391214
12-01-2026 12:40||NIFTY27JAN2625000PE,0.1188470558456034
12-01-2026 12:40||NIFTY27JAN2625300CE,0.1491885952440842
12-01-2026 12:40||NIFTY27JAN2625500CE,0.1378744138286039
12-01-2026 12:40||NIFTY27JAN2626000CE,0.119383226461426
12-01-2026 12:40||NIFTY27JAN2626200CE,0.1173530108280782
12-01-2026 12:45||NIFTY27JAN2624300PE,0.1647377623476953
12-01-2026 12:45||NIFTY27JAN2624500PE,0.15208174305057
12-01-2026 12:45||NIFTY27JAN2624800PE,0.1350622862713826
12-01-2026 12:45||NIFTY27JAN2625000PE,0.125702253369263
12-01-2026 12:45||NIFTY27JAN2625300CE,0.1291078199055793
12-01-2026 12:45||NIFTY27JAN2625700CE,0.113923928067124
12-01-2026 12:45||NIFTY27JAN2625800CE,0.1115444390858686
12-01-2026 12:45||NIFTY27JAN2626000CE,0.1091519301229141
12-01-2026 12:45||NIFTY27JAN2626200CE,0.1092691572163076
12-01-2026 12:45||NIFTY27JAN2626400CE,0.1111441954846118
12-01-2026 12:50||NIFTY27JAN2624500PE,0.1509692474780235
12-01-2026 12:50||NIFTY27JAN2625300CE,0.1374461637565262
12-01-2026 12:50||NIFTY27JAN2625800CE,0.1185489453885587
12-01-2026 12:55||NIFTY27JAN2624500PE,0.1509828508456387
12-01-2026 12:55||NIFTY27JAN2624600PE,0.1453298300417297
12-01-2026 12:55||NIFTY27JAN2624700PE,0.1397019006415495
12-01-2026 12:55||NIFTY27JAN2625000PE,0.123890419646708
12-01-2026 12:55||NIFTY27JAN2625400CE,0.1299827550095527
12-01-2026 12:55||NIFTY27JAN2625900CE,0.1128656296232829
12-01-2026 12:55||NIFTY27JAN2626200CE,0.1113346285653372
12-01-2026 13:00||NIFTY27JAN2624200PE,0.1675623877955491
12-01-2026 13:00||NIFTY27JAN2624500PE,0.1495819237685555
12-01-2026 13:00||NIFTY27JAN2624600PE,0.143212134325574
12-01-2026 13:00||NIFTY27JAN2625500CE,0.1278799140367034
12-01-2026 13:00||NIFTY27JAN2626000CE,0.1144914827602234
12-01-2026 13:00||NIFTY27JAN2626100CE,0.113477840923309
12-01-2026 13:00||NIFTY27JAN2626300CE,0.1130527887500204
12-01-2026 13:00||NIFTY27JAN2626500CE,0.1132870064926108
12-01-2026 13:05||NIFTY27JAN2623900PE,0.1860917834906897
12-01-2026 13:05||NIFTY27JAN2624200PE,0.168304022985734
12-01-2026 13:05||NIFTY27JAN2624500PE,0.1494691330226245
12-01-2026 13:05||NIFTY27JAN2624900PE,0.1280480637855117
12-01-2026 13:05||NIFTY27JAN2625300CE,0.1407687545697354
12-01-2026 13:05||NIFTY27JAN2625500CE,0.1308210280790954
12-01-2026 13:05||NIFTY27JAN2626400CE,0.114811843613007
12-01-2026 13:10||NIFTY27JAN2624700PE,0.1378733815234571
12-01-2026 13:10||NIFTY27JAN2624800PE,0.1327588517147456
12-01-2026 13:10||NIFTY27JAN2626400CE,0.1124034814733668
12-01-2026 13:15||NIFTY27JAN2623800PE,0.1901717409389872
12-01-2026 13:15||NIFTY27JAN2624500PE,0.1514016468262139
12-01-2026 13:15||NIFTY27JAN2624700PE,0.1397970277195318
12-01-2026 13:15||NIFTY27JAN2624800PE,0.1346949116621576
12-01-2026 13:15||NIFTY27JAN2625100PE,0.1228043712957321
12-01-2026 13:15||NIFTY27JAN2625500CE,0.1162082956650182
12-01-2026 13:15||NIFTY27JAN2625800CE,0.1097999738357301
12-01-2026 13:15||NIFTY27JAN2626100CE,0.1068124996432627
12-01-2026 13:15||NIFTY27JAN2626300CE,0.1079666456705767
12-01-2026 13:15||NIFTY27JAN2626400CE,0.1092761912917229
12-01-2026 13:20||NIFTY27JAN2624200PE,0.1671352123671629
12-01-2026 13:20||NIFTY27JAN2624300PE,0.1612757610178866
12-01-2026 13:20||NIFTY27JAN2625000PE,0.1221473615842395
12-01-2026 13:20||NIFTY27JAN2625200CE,0.1402897228237334
12-01-2026 13:20||NIFTY27JAN2625500CE,0.1262397613608592
12-01-2026 13:20||NIFTY27JAN2626200CE,0.1109294744671723
12-01-2026 13:20||NIFTY27JAN2626500CE,0.1132598888268453
12-01-2026 13:25||NIFTY27JAN2624300PE,0.1622767992327793
12-01-2026 13:25||NIFTY27JAN2624500PE,0.150754784557822
12-01-2026 13:25||NIFTY27JAN2624600PE,0.1450542139129466
12-01-2026 13:25||NIFTY27JAN2624800PE,0.1344501073077467
12-01-2026 13:25||NIFTY27JAN2625500CE,0.116558066358971
12-01-2026 13:25||NIFTY27JAN2625800CE,0.109614177498352
12-01-2026 13:25||NIFTY27JAN2626000CE,0.1073267417707581
12-01-2026 13:25||NIFTY27JAN2626400CE,0.1082331593658915
12-01-2026 13:25||NIFTY27JAN2626500CE,0.1082163824016293
12-01-2026 13:30||NIFTY27JAN2623900PE,0.1836515519469707
12-01-2026 13:30||NIFTY27JAN2624400PE,0.1545270417261064
12-01-2026 13:30||NIFTY27JAN2624800PE,0.1307644492170509
12-01-2026 13:30||NIFTY27JAN2624900PE,0.1257024506924524
12-01-2026 13:30||NIFTY27JAN2625100PE,0.115856986921351
12-01-2026 13:30||NIFTY27JAN2625300CE,0.1517966403063424
12-01-2026 13:30||NIFTY27JAN2625500CE,0.1385736792502047
12-01-2026 13:30||NIFTY27JAN2625600CE,0.1329974183354101
12-01-2026 13:30||NIFTY27JAN2625700CE,0.1278320584970834
12-01-2026 13:35||NIFTY27JAN2624700PE,0.140076672320423
12-01-2026 13:35||NIFTY27JAN2624900PE,0.1297053177676983
12-01-2026 13:35||NIFTY27JAN2625500CE,0.1201511767249453
12-01-2026 13:35||NIFTY27JAN2625600CE,0.1178630215399674
12-01-2026 13:35||NIFTY27JAN2625900CE,0.1104544455841221
12-01-2026 13:40||NIFTY27JAN2623900PE,0.186361983413216
12-01-2026 13:40||NIFTY27JAN2624000PE,0.1808809274195627
12-01-2026 13:40||NIFTY27JAN2624100PE,0.1752815629112508
12-01-2026 13:40||NIFTY27JAN2624800PE,0.1344204673374435
12-01-2026 13:40||NIFTY27JAN2624900PE,0.1299959818197728
12-01-2026 13:40||NIFTY27JAN2625200CE,0.143038621667105
12-01-2026 13:40||NIFTY27JAN2625400CE,0.1246125860232292
12-01-2026 13:40||NIFTY27JAN2626100CE,0.1074265775299251
12-01-2026 13:40||NIFTY27JAN2626200CE,0.1073319600610408
12-01-2026 13:45||NIFTY27JAN2623800PE,0.1936630629036579
12-01-2026 13:45||NIFTY27JAN2623900PE,0.187383421515142
12-01-2026 13:45||NIFTY27JAN2624600PE,0.1445275118642256
12-01-2026 13:45||NIFTY27JAN2625100PE,0.1199774451562082
12-01-2026 13:50||NIFTY27JAN2624200PE,0.169635842398431
12-01-2026 13:50||NIFTY27JAN2625200CE,0.137462904270103
12-01-2026 13:50||NIFTY27JAN2625300CE,0.1334963298916408
12-01-2026 13:50||NIFTY27JAN2625400CE,0.1295454027900479
12-01-2026 13:50||NIFTY27JAN2626200CE,0.108764608636663
12-01-2026 13:55||NIFTY27JAN2623800PE,0.1949909773702106
12-01-2026 13:55||NIFTY27JAN2624000PE,0.1829316890021142
12-01-2026 13:55||NIFTY27JAN2624100PE,0.1769179729703812
12-01-2026 13:55||NIFTY27JAN2624700PE,0.1399248323566257
12-01-2026 13:55||NIFTY27JAN2624900PE,0.1299311066256471
12-01-2026 13:55||NIFTY27JAN2626100CE,0.1076140773862241
12-01-2026 13:55||NIFTY27JAN2626400CE,0.1090675298176868
12-01-2026 14:00||NIFTY27JAN2624000PE,0.1820361759218335
12-01-2026 14:00||NIFTY27JAN2624400PE,0.1576731725835665
12-01-2026 14:00||NIFTY27JAN2624500PE,0.1514253520828126
12-01-2026 14:00||NIFTY27JAN2624600PE,0.14536527658582
12-01-2026 14:00||NIFTY27JAN2625000PE,0.1243825323993347
12-01-2026 14:00||NIFTY27JAN2625400CE,0.1224283831744117
12-01-2026 14:00||NIFTY27JAN2625600CE,0.116831437835079
12-01-2026 14:00||NIFTY27JAN2625700CE,0.1130999299550817
12-01-2026 14:00||NIFTY27JAN2626300CE,0.1080190298660965
12-01-2026 14:00||NIFTY27JAN2626400CE,0.1092005528353548
12-01-2026 14:05||NIFTY27JAN2624400PE,0.1570346577069598
12-01-2026 14:05||NIFTY27JAN2624600PE,0.1446733370352937
12-01-2026 14:05||NIFTY27JAN2624800PE,0.1329550307993032
12-01-2026 14:05||NIFTY27JAN2625800CE,0.1151137091445279
12-01-2026 14:05||NIFTY27JAN2626000CE,0.1103716744416209
12-01-2026 14:05||NIFTY27JAN2626200CE,0.1091179466923816
12-01-2026 14:05||NIFTY27JAN2626400CE,0.1075271406760154
12-01-2026 14:05||NIFTY27JAN2626500CE,0.1059801522897638
12-01-2026 14:10||NIFTY27JAN2624100PE,0.1769761407077671
12-01-2026 14:10||NIFTY27JAN2624600PE,0.1461998802617758
12-01-2026 14:10||NIFTY27JAN2624800PE,0.1344844597177512
12-01-2026 14:10||NIFTY27JAN2625200CE,0.1404894456474672
12-01-2026 14:10||NIFTY27JAN2625500CE,0.1159785662246916
12-01-2026 14:10||NIFTY27JAN2626400CE,0.1074871905111665
12-01-2026 14:15||NIFTY27JAN2624100PE,0.1754534309089874
12-01-2026 14:15||NIFTY27JAN2624200PE,0.1692058200759444
12-01-2026 14:15||NIFTY27JAN2624900PE,0.1285450646144783
12-01-2026 14:15||NIFTY27JAN2625800CE,0.1121375475336932
12-01-2026 14:20||NIFTY27JAN2624400PE,0.1556810833293329
12-01-2026 14:20||NIFTY27JAN2624500PE,0.1492048570350338
12-01-2026 14:20||NIFTY27JAN2624600PE,0.1430689394414731
12-01-2026 14:20||NIFTY27JAN2625000PE,0.1210949252870914
12-01-2026 14:20||NIFTY27JAN2625200CE,0.1504228119407039
12-01-2026 14:20||NIFTY27JAN2625700CE,0.1230664245067563
12-01-2026 14:20||NIFTY27JAN2626200CE,0.1112992126938004
12-01-2026 14:20||NIFTY27JAN2626500CE,0.1112963450970814
12-01-2026 14:25||NIFTY27JAN2623900PE,0.1880759693947407
12-01-2026 14:25||NIFTY27JAN2624200PE,0.1710096860857225
12-01-2026 14:25||NIFTY27JAN2624500PE,0.1526801153528713
12-01-2026 14:25||NIFTY27JAN2624600PE,0.146304863415292
12-01-2026 14:25||NIFTY27JAN2626300CE,0.1063477378641152
12-01-2026 14:25||NIFTY27JAN2626500CE,0.1074910072741261
12-01-2026 14:30||NIFTY27JAN2623900PE,0.1880659981342081
12-01-2026 14:30||NIFTY27JAN2624200PE,0.1710429867548872
12-01-2026 14:30||NIFTY27JAN2625200CE,0.1234244158791947
12-01-2026 14:30||NIFTY27JAN2625700CE,0.1088888153943152
12-01-2026 14:30||NIFTY27JAN2626200CE,0.104370944246428
12-01-2026 14:35||NIFTY27JAN2624500PE,0.1489536598477041
12-01-2026 14:35||NIFTY27JAN2625100PE,0.1163488024452494
12-01-2026 14:35||NIFTY27JAN2625900CE,0.1160944468684815
12-01-2026 14:35||NIFTY27JAN2626000CE,0.1138720538060728
12-01-2026 14:35||NIFTY27JAN2626100CE,0.1123569645703936
12-01-2026 14:35||NIFTY27JAN2626400CE,0.1092585638422553
12-01-2026 14:35||NIFTY27JAN2626500CE,0.1072646945689524
12-01-2026 14:40||NIFTY27JAN2624100PE,0.1765907731405302
12-01-2026 14:40||NIFTY27JAN2624300PE,0.1640158928027122
12-01-2026 14:40||NIFTY27JAN2624500PE,0.1516818987061708
12-01-2026 14:40||NIFTY27JAN2625100PE,0.1196881238007289
12-01-2026 14:40||NIFTY27JAN2625300CE,0.1331403410504337
12-01-2026 14:40||NIFTY27JAN2625600CE,0.1192244325794892
12-01-2026 14:40||NIFTY27JAN2626400CE,0.1091591292969798
12-01-2026 14:45||NIFTY27JAN2624000PE,0.1825123973865197
12-01-2026 14:45||NIFTY27JAN2624600PE,0.1466145015453038
12-01-2026 14:45||NIFTY27JAN2625000PE,0.1247229893152016
12-01-2026 14:45||NIFTY27JAN2625300CE,0.1266338693249891
12-01-2026 14:45||NIFTY27JAN2625500CE,0.1181733041584251
12-01-2026 14:45||NIFTY27JAN2626000CE,0.1066078300647505
12-01-2026 14:45||NIFTY27JAN2626100CE,0.1059108411655728
12-01-2026 14:45||NIFTY27JAN2626200CE,0.1057202697651645
12-01-2026 14:45||NIFTY27JAN2626500CE,0.1066909402062262
12-01-2026 14:50||NIFTY27JAN2624000PE,0.1832202000212868
12-01-2026 14:50||NIFTY27JAN2624400PE,0.1580930700864298
12-01-2026 14:50||NIFTY27JAN2624800PE,0.1339389371924192
12-01-2026 14:50||NIFTY27JAN2625100PE,0.1183504391761523
12-01-2026 14:50||NIFTY27JAN2625600CE,0.1221512968119492
12-01-2026 14:50||NIFTY27JAN2626000CE,0.1094440840107301
12-01-2026 14:50||NIFTY27JAN2626300CE,0.1068601920541766
12-01-2026 14:50||NIFTY27JAN2626400CE,0.1077139851254475
12-01-2026 14:55||NIFTY27JAN2624300PE,0.1644915969522838
12-01-2026 14:55||NIFTY27JAN2624500PE,0.1519787349849331
12-01-2026 14:55||NIFTY27JAN2624700PE,0.1396977452461167
12-01-2026 14:55||NIFTY27JAN2624900PE,0.1289922093198122
12-01-2026 14:55||NIFTY27JAN2625100PE,0.1191800201603771
12-01-2026 14:55||NIFTY27JAN2626200CE,0.1068995905069178
12-01-2026 15:00||NIFTY27JAN2623800PE,0.1955936233055245
12-01-2026 15:00||NIFTY27JAN2623900PE,0.1892836383681898
12-01-2026 15:00||NIFTY27JAN2624300PE,0.1644161621133516
12-01-2026 15:00||NIFTY27JAN2624700PE,0.1393910231260848
12-01-2026 15:00||NIFTY27JAN2624800PE,0.1340313028602838
12-01-2026 15:00||NIFTY27JAN2626000CE,0.1080566097964043
12-01-2026 15:00||NIFTY27JAN2626100CE,0.1065778064976774
12-01-2026 15:05||NIFTY27JAN2623800PE,0.1946084131054795
12-01-2026 15:05||NIFTY27JAN2624200PE,0.1718943695431443
12-01-2026 15:05||NIFTY27JAN2624300PE,0.1653287392651284
12-01-2026 15:05||NIFTY27JAN2624900PE,0.1300277003828465
12-01-2026 15:05||NIFTY27JAN2625900CE,0.1075688154127126
12-01-2026 15:05||NIFTY27JAN2626200CE,0.1044096309232735
12-01-2026 15:10||NIFTY27JAN2624000PE,0.1834781577771548
12-01-2026 15:10||NIFTY27JAN2624500PE,0.1526813960896026
12-01-2026 15:10||NIFTY27JAN2624600PE,0.1460295356922176
12-01-2026 15:10||NIFTY27JAN2625200CE,0.137214732763884
12-01-2026 15:10||NIFTY27JAN2625600CE,0.1135429829336307
12-01-2026 15:10||NIFTY27JAN2625900CE,0.1064552700140911
12-01-2026 15:10||NIFTY27JAN2626200CE,0.1024841656964574
12-01-2026 15:10||NIFTY27JAN2626300CE,0.1029450367077358
12-01-2026 15:10||NIFTY27JAN2626400CE,0.1042486891452502
12-01-2026 15:15||NIFTY27JAN2623900PE,0.1912789959157943
12-01-2026 15:15||NIFTY27JAN2624000PE,0.1856122740203232
12-01-2026 15:15||NIFTY27JAN2624500PE,0.1535558050067652
12-01-2026 15:15||NIFTY27JAN2624900PE,0.1298326155155666
12-01-2026 15:15||NIFTY27JAN2625200CE,0.1407526790492422
12-01-2026 15:15||NIFTY27JAN2625400CE,0.1280141213892587
12-01-2026 15:15||NIFTY27JAN2625500CE,0.1220087333540192
12-01-2026 15:20||NIFTY27JAN2624100PE,0.1811923723576677
12-01-2026 15:20||NIFTY27JAN2624200PE,0.1744573834050999
12-01-2026 15:20||NIFTY27JAN2624400PE,0.1613801970478907
12-01-2026 15:20||NIFTY27JAN2624500PE,0.1549368831036729
12-01-2026 15:20||NIFTY27JAN2625000PE,0.1242065761377762
12-01-2026 15:20||NIFTY27JAN2625200CE,0.1397568033059882
12-01-2026 15:20||NIFTY27JAN2625300CE,0.1340822091304655
12-01-2026 15:20||NIFTY27JAN2626200CE,0.1042578740733049
12-01-2026 15:20||NIFTY27JAN2626300CE,0.1044879398010824
12-01-2026 15:25||NIFTY27JAN2624200PE,0.1739244110621832
12-01-2026 15:25||NIFTY27JAN2624600PE,0.1484581258060189
12-01-2026 15:25||NIFTY27JAN2625400CE,0.1177504099713799
12-01-2026 15:25||NIFTY27JAN2625500CE,0.1142741589233833
12-01-2026 15:25||NIFTY27JAN2625700CE,0.1083986730735608
13-01-2026 09:15||NIFTY27JAN2624000PE,0.1901224100966798
13-01-2026 09:15||NIFTY27JAN2624700PE,0.1449258748831258
13-01-2026 09:15||NIFTY27JAN2625500CE,0.1007556176932221
13-01-2026 09:15||NIFTY27JAN2625600CE,0.0997533384010478
13-01-2026 09:15||NIFTY27JAN2625800CE,0.0983464883012032
13-01-2026 09:15||NIFTY27JAN2625900CE,0.0978013896954418
13-01-2026 09:15||NIFTY27JAN2626100CE,0.0972128448820601
13-01-2026 09:20||NIFTY27JAN2623800PE,0.20152823338761
13-01-2026 09:20||NIFTY27JAN2624500PE,0.1560220378994626
13-01-2026 09:20||NIFTY27JAN2624600PE,0.149145253816147
13-01-2026 09:20||NIFTY27JAN2624800PE,0.13682122223
13-01-2026 09:25||NIFTY27JAN2623800PE,0.2013917123933167
13-01-2026 09:25||NIFTY27JAN2624200PE,0.1757813153482542
13-01-2026 09:25||NIFTY27JAN2624400PE,0.1652149800095382
13-01-2026 09:25||NIFTY27JAN2624600PE,0.154066012514372
13-01-2026 09:25||NIFTY27JAN2624800PE,0.1427346544608148
13-01-2026 09:25||NIFTY27JAN2625300CE,0.0758512690512825
13-01-2026 09:25||NIFTY27JAN2625500CE,0.082840301832221
13-01-2026 09:30||NIFTY27JAN2624500PE,0.1551415189719306
13-01-2026 09:30||NIFTY27JAN2625300CE,0.095994450646471
13-01-2026 09:30||NIFTY27JAN2625500CE,0.097981334987507
13-01-2026 09:30||NIFTY27JAN2625700CE,0.0989739919736243
13-01-2026 09:30||NIFTY27JAN2626000CE,0.0998219567628956
13-01-2026 09:30||NIFTY27JAN2626200CE,0.1008918836518762
13-01-2026 09:35||NIFTY27JAN2624000PE,0.1861403776847869
13-01-2026 09:35||NIFTY27JAN2625000PE,0.125567410354765
13-01-2026 09:35||NIFTY27JAN2625300CE,0.1128591018392621
13-01-2026 09:35||NIFTY27JAN2625700CE,0.1079556997240822
13-01-2026 09:35||NIFTY27JAN2625800CE,0.1069567665134058
13-01-2026 09:40||NIFTY27JAN2625200CE,0.1184071405749974
13-01-2026 09:40||NIFTY27JAN2625400CE,0.1141385428510756
13-01-2026 09:40||NIFTY27JAN2625600CE,0.1108017963493566
13-01-2026 09:45||NIFTY27JAN2623800PE,0.1956330291658429
13-01-2026 09:45||NIFTY27JAN2624500PE,0.1534008564629174
13-01-2026 09:45||NIFTY27JAN2625400CE,0.098624729449725
13-01-2026 09:45||NIFTY27JAN2625800CE,0.0992540037551109
13-01-2026 09:45||NIFTY27JAN2625900CE,0.099467707956306
13-01-2026 09:50||NIFTY27JAN2623900PE,0.1919279003731927
13-01-2026 09:50||NIFTY27JAN2624500PE,0.1532086783574265
13-01-2026 09:50||NIFTY27JAN2624600PE,0.1466799818788679
13-01-2026 09:50||NIFTY27JAN2625000PE,0.1247219639867796
13-01-2026 09:50||NIFTY27JAN2625100PE,0.1192857165984657
13-01-2026 09:50||NIFTY27JAN2626300CE,0.105445177355344
13-01-2026 09:55||NIFTY27JAN2624100PE,0.1787340335547122
13-01-2026 09:55||NIFTY27JAN2624200PE,0.1718664239651798
13-01-2026 09:55||NIFTY27JAN2624300PE,0.1649169555525384
13-01-2026 09:55||NIFTY27JAN2624700PE,0.1412466854010034
13-01-2026 09:55||NIFTY27JAN2625600CE,0.1045698106315202
13-01-2026 10:00||NIFTY27JAN2624200PE,0.1694848119403584
13-01-2026 10:00||NIFTY27JAN2626300CE,0.111823067560225
13-01-2026 10:00||NIFTY27JAN2626500CE,0.1128073232465734
13-01-2026 10:05||NIFTY27JAN2624000PE,0.1813945302695413
13-01-2026 10:05||NIFTY27JAN2624800PE,0.1341246546691599
13-01-2026 10:05||NIFTY27JAN2626400CE,0.1096371872781761
13-01-2026 10:10||NIFTY27JAN2624100PE,0.1794094348762807
13-01-2026 10:10||NIFTY27JAN2624200PE,0.1726545309969271
13-01-2026 10:10||NIFTY27JAN2624500PE,0.1537690655913186
13-01-2026 10:10||NIFTY27JAN2624700PE,0.1421099475504044
13-01-2026 10:10||NIFTY27JAN2625100PE,0.1240942116146684
13-01-2026 10:10||NIFTY27JAN2625800CE,0.101366961383972
13-01-2026 10:15||NIFTY27JAN2624500PE,0.1527842730809338
13-01-2026 10:15||NIFTY27JAN2624800PE,0.1361795135194024
13-01-2026 10:15||NIFTY27JAN2624900PE,0.1312989879037926
13-01-2026 10:15||NIFTY27JAN2625100PE,0.1217388545481359
13-01-2026 10:15||NIFTY27JAN2625800CE,0.1022222684460648
13-01-2026 10:20||NIFTY27JAN2623900PE,0.1911791018031215
13-01-2026 10:20||NIFTY27JAN2624100PE,0.1783825100692224
13-01-2026 10:20||NIFTY27JAN2625300CE,0.1183733142067782
13-01-2026 10:20||NIFTY27JAN2625700CE,0.1063274471459132
13-01-2026 10:20||NIFTY27JAN2626500CE,0.1072852270183186
13-01-2026 10:25||NIFTY27JAN2623900PE,0.1912685044768509
13-01-2026 10:25||NIFTY27JAN2624200PE,0.1726695829535108
13-01-2026 10:25||NIFTY27JAN2624500PE,0.1517263022225282
13-01-2026 10:25||NIFTY27JAN2624700PE,0.1392097610764914
13-01-2026 10:25||NIFTY27JAN2625100PE,0.1179392415681747
13-01-2026 10:25||NIFTY27JAN2625700CE,0.1151666037520003
13-01-2026 10:30||NIFTY27JAN2623800PE,0.2002611924339373
13-01-2026 10:30||NIFTY27JAN2624400PE,0.1618287272248509
13-01-2026 10:30||NIFTY27JAN2624600PE,0.1494075629813748
13-01-2026 10:30||NIFTY27JAN2624700PE,0.1431955229777133
13-01-2026 10:30||NIFTY27JAN2624900PE,0.1317034869540925
13-01-2026 10:30||NIFTY27JAN2625300CE,0.1137372337369016
13-01-2026 10:30||NIFTY27JAN2625900CE,0.1019500055353016
13-01-2026 10:30||NIFTY27JAN2626000CE,0.1012631451557008
13-01-2026 10:30||NIFTY27JAN2626100CE,0.1009670375121008
13-01-2026 10:30||NIFTY27JAN2626400CE,0.1033009396263093
13-01-2026 10:35||NIFTY27JAN2623800PE,0.2007363539849351
13-01-2026 10:35||NIFTY27JAN2623900PE,0.1941594464566045
13-01-2026 10:35||NIFTY27JAN2624300PE,0.1676630110239828
13-01-2026 10:35||NIFTY27JAN2624600PE,0.1487479648516723
13-01-2026 10:35||NIFTY27JAN2625000PE,0.1263236818410656
13-01-2026 10:35||NIFTY27JAN2626000CE,0.1021894129910753
13-01-2026 10:35||NIFTY27JAN2626100CE,0.1021564743395568
13-01-2026 10:40||NIFTY27JAN2623900PE,0.1927063945785441
13-01-2026 10:40||NIFTY27JAN2624000PE,0.1869641204837612
13-01-2026 10:40||NIFTY27JAN2624400PE,0.1604455736663299
13-01-2026 10:40||NIFTY27JAN2624500PE,0.1543072184071165
13-01-2026 10:40||NIFTY27JAN2624800PE,0.1361054016096546
13-01-2026 10:40||NIFTY27JAN2626300CE,0.1034238583850271
13-01-2026 10:45||NIFTY27JAN2623900PE,0.1901721551216489
13-01-2026 10:45||NIFTY27JAN2624900PE,0.1286377675002284
13-01-2026 10:45||NIFTY27JAN2625200CE,0.1323041783591714
13-01-2026 10:45||NIFTY27JAN2625600CE,0.1101026869363426
13-01-2026 10:50||NIFTY27JAN2624900PE,0.1312900965560942
13-01-2026 10:50||NIFTY27JAN2625000PE,0.1263301526737695
13-01-2026 10:50||NIFTY27JAN2625500CE,0.1076622928486263
13-01-2026 10:50||NIFTY27JAN2625600CE,0.1034521736278087
13-01-2026 10:50||NIFTY27JAN2625700CE,0.0998576321773423
13-01-2026 10:50||NIFTY27JAN2625900CE,0.0979274826268881
13-01-2026 10:55||NIFTY27JAN2624300PE,0.1633771804998156
13-01-2026 10:55||NIFTY27JAN2624400PE,0.1572939239269485
13-01-2026 10:55||NIFTY27JAN2625200CE,0.137046871383325
13-01-2026 10:55||NIFTY27JAN2625700CE,0.1102186812558358
13-01-2026 10:55||NIFTY27JAN2626400CE,0.1063849874509703
13-01-2026 11:00||NIFTY27JAN2623900PE,0.1903897383705462
13-01-2026 11:00||NIFTY27JAN2624200PE,0.1711193189597793
13-01-2026 11:00||NIFTY27JAN2625000PE,0.1242243573660426
13-01-2026 11:00||NIFTY27JAN2625700CE,0.1031230776127488
13-01-2026 11:00||NIFTY27JAN2625800CE,0.1020979628343295
13-01-2026 11:00||NIFTY27JAN2626400CE,0.1035022710737646
13-01-2026 11:05||NIFTY27JAN2624100PE,0.1764386724471682
13-01-2026 11:05||NIFTY27JAN2624800PE,0.1327110289173135
13-01-2026 11:05||NIFTY27JAN2625100PE,0.1178890020465792
13-01-2026 11:05||NIFTY27JAN2625800CE,0.1093386394139061
13-01-2026 11:10||NIFTY27JAN2623900PE,0.1893870181414361
13-01-2026 11:10||NIFTY27JAN2624800PE,0.1339722222828073
13-01-2026 11:10||NIFTY27JAN2624900PE,0.1285164879963247
13-01-2026 11:10||NIFTY27JAN2625000PE,0.1230826204389921
13-01-2026 11:10||NIFTY27JAN2625100PE,0.117670445025447
13-01-2026 11:10||NIFTY27JAN2625900CE,0.103270532404421
13-01-2026 11:10||NIFTY27JAN2626400CE,0.1034754048296198
13-01-2026 11:15||NIFTY27JAN2624500PE,0.1508955714689654
13-01-2026 11:15||NIFTY27JAN2625100PE,0.1195871257940808
13-01-2026 11:15||NIFTY27JAN2625200CE,0.114790527481236
13-01-2026 11:15||NIFTY27JAN2625300CE,0.1130468244752584
13-01-2026 11:20||NIFTY27JAN2624900PE,0.1284882256249377
13-01-2026 11:20||NIFTY27JAN2626100CE,0.1012548974259345
13-01-2026 11:25||NIFTY27JAN2624000PE,0.1827318129086544
13-01-2026 11:25||NIFTY27JAN2624500PE,0.1498601395575178
13-01-2026 11:25||NIFTY27JAN2624800PE,0.1323014327156346
13-01-2026 11:25||NIFTY27JAN2625600CE,0.1120424169904205
13-01-2026 11:25||NIFTY27JAN2626000CE,0.1028463375735862
13-01-2026 11:25||NIFTY27JAN2626200CE,0.1018189051555292
13-01-2026 11:25||NIFTY27JAN2626400CE,0.1032646796525267
13-01-2026 11:30||NIFTY27JAN2625100PE,0.1173093214087065
13-01-2026 11:30||NIFTY27JAN2625500CE,0.1145248262788038
13-01-2026 11:30||NIFTY27JAN2625800CE,0.1082699429388217
13-01-2026 11:30||NIFTY27JAN2625900CE,0.1060051476882475
13-01-2026 11:35||NIFTY27JAN2623800PE,0.1975558743895286
13-01-2026 11:35||NIFTY27JAN2623900PE,0.1908890188755032
13-01-2026 11:35||NIFTY27JAN2624100PE,0.1776631242368536
13-01-2026 11:35||NIFTY27JAN2624900PE,0.1294501844260375
13-01-2026 11:35||NIFTY27JAN2625300CE,0.1102626948221062
13-01-2026 11:35||NIFTY27JAN2626000CE,0.0991864483843135
13-01-2026 11:35||NIFTY27JAN2626300CE,0.1001101646271311
13-01-2026 11:35||NIFTY27JAN2626500CE,0.1012317377443591
13-01-2026 11:40||NIFTY27JAN2623800PE,0.1942087297423105
13-01-2026 11:40||NIFTY27JAN2624500PE,0.151260725184804
13-01-2026 11:40||NIFTY27JAN2624900PE,0.1301881003473475
13-01-2026 11:40||NIFTY27JAN2625300CE,0.0978896105238267
13-01-2026 11:40||NIFTY27JAN2625400CE,0.0976521476658917
13-01-2026 11:45||NIFTY27JAN2623800PE,0.1927355186525702
13-01-2026 11:45||NIFTY27JAN2625000PE,0.1221489942857768
13-01-2026 11:45||NIFTY27JAN2625400CE,0.1116277098054132
13-01-2026 11:45||NIFTY27JAN2625800CE,0.1044200486078735
13-01-2026 11:45||NIFTY27JAN2626200CE,0.1008601158153487
13-01-2026 11:45||NIFTY27JAN2626300CE,0.1017994955919707
13-01-2026 11:45||NIFTY27JAN2626400CE,0.1034371659392007
13-01-2026 11:50||NIFTY27JAN2624000PE,0.1807577719436086
13-01-2026 11:50||NIFTY27JAN2624300PE,0.1625229155790239
13-01-2026 11:50||NIFTY27JAN2625100PE,0.1198765269900921
13-01-2026 11:50||NIFTY27JAN2626200CE,0.0980306679474088
13-01-2026 11:50||NIFTY27JAN2626300CE,0.0990894080204646
13-01-2026 11:55||NIFTY27JAN2624300PE,0.1606637320501809
13-01-2026 11:55||NIFTY27JAN2624800PE,0.1315364205809686
13-01-2026 11:55||NIFTY27JAN2625000PE,0.121927623760299
13-01-2026 11:55||NIFTY27JAN2625400CE,0.1099269758368196
13-01-2026 11:55||NIFTY27JAN2625500CE,0.1069588220124993
13-01-2026 12:00||NIFTY27JAN2624500PE,0.1476092125478829
13-01-2026 12:00||NIFTY27JAN2625000PE,0.1209806962977696
13-01-2026 12:00||NIFTY27JAN2625900CE,0.1023420391184839
13-01-2026 12:05||NIFTY27JAN2623800PE,0.1918492041245808
13-01-2026 12:05||NIFTY27JAN2624500PE,0.1465717276679907
13-01-2026 12:05||NIFTY27JAN2624700PE,0.1345702347274755
13-01-2026 12:05||NIFTY27JAN2625000PE,0.1197292904141674
13-01-2026 12:05||NIFTY27JAN2625300CE,0.1114415744794234
13-01-2026 12:05||NIFTY27JAN2625800CE,0.104990295570526
13-01-2026 12:10||NIFTY27JAN2624500PE,0.1480776988793011
13-01-2026 12:10||NIFTY27JAN2625000PE,0.1224575768257228
13-01-2026 12:10||NIFTY27JAN2625200CE,0.1146785545299432
13-01-2026 12:10||NIFTY27JAN2625500CE,0.0998399720037514
13-01-2026 12:10||NIFTY27JAN2625600CE,0.0996892420573958
13-01-2026 12:15||NIFTY27JAN2624200PE,0.1653685431859114
13-01-2026 12:15||NIFTY27JAN2624300PE,0.1589948636943741
13-01-2026 12:15||NIFTY27JAN2625300CE,0.1160275304131502
13-01-2026 12:15||NIFTY27JAN2625800CE,0.1064293612141324
13-01-2026 12:15||NIFTY27JAN2626500CE,0.1068149308059615
13-01-2026 12:20||NIFTY27JAN2624100PE,0.1713912549733157
13-01-2026 12:20||NIFTY27JAN2624700PE,0.1362795651309936
13-01-2026 12:20||NIFTY27JAN2625100PE,0.1182452894618485
13-01-2026 12:20||NIFTY27JAN2625700CE,0.1018253194976431
13-01-2026 12:25||NIFTY27JAN2623800PE,0.1876059445777971
13-01-2026 12:25||NIFTY27JAN2624200PE,0.1644415060442762
13-01-2026 12:25||NIFTY27JAN2624300PE,0.1579442108376537
13-01-2026 12:25||NIFTY27JAN2624500PE,0.144939249181838
13-01-2026 12:25||NIFTY27JAN2625700CE,0.1104984031131972
13-01-2026 12:30||NIFTY27JAN2623900PE,0.1830307641869726
13-01-2026 12:30||NIFTY27JAN2624000PE,0.1768289143383505
13-01-2026 12:30||NIFTY27JAN2624100PE,0.1707025359310667
13-01-2026 12:30||NIFTY27JAN2624400PE,0.1532705491993214
13-01-2026 12:30||NIFTY27JAN2624700PE,0.1354583009702284
13-01-2026 12:30||NIFTY27JAN2624900PE,0.1259359747791058
13-01-2026 12:30||NIFTY27JAN2626000CE,0.1003850543686555
13-01-2026 12:30||NIFTY27JAN2626400CE,0.1042978865536719
13-01-2026 12:35||NIFTY27JAN2624200PE,0.1631531068640875
13-01-2026 12:35||NIFTY27JAN2624300PE,0.1574952299180361
13-01-2026 12:35||NIFTY27JAN2624600PE,0.1405962376650856
13-01-2026 12:35||NIFTY27JAN2624800PE,0.1291012619809739
13-01-2026 12:35||NIFTY27JAN2625100PE,0.115827045953549
13-01-2026 12:35||NIFTY27JAN2625900CE,0.102979517715706
13-01-2026 12:35||NIFTY27JAN2626100CE,0.1029076667918314
13-01-2026 12:35||NIFTY27JAN2626400CE,0.1058905904448707
13-01-2026 12:40||NIFTY27JAN2624100PE,0.169685877662064
13-01-2026 12:40||NIFTY27JAN2624300PE,0.1573635286867843
13-01-2026 12:40||NIFTY27JAN2624600PE,0.1407769772598447
13-01-2026 12:40||NIFTY27JAN2624700PE,0.1351271557993063
13-01-2026 12:40||NIFTY27JAN2625100PE,0.1168355689037098
13-01-2026 12:40||NIFTY27JAN2626500CE,0.106330833662782
13-01-2026 12:45||NIFTY27JAN2625300CE,0.099015825419397
13-01-2026 12:45||NIFTY27JAN2626200CE,0.1013526057402107
13-01-2026 12:50||NIFTY27JAN2623900PE,0.1815189434420453
13-01-2026 12:50||NIFTY27JAN2624100PE,0.1692098650135322
13-01-2026 12:50||NIFTY27JAN2624600PE,0.1401276101633608
13-01-2026 12:50||NIFTY27JAN2625400CE,0.1068384851935492
13-01-2026 12:50||NIFTY27JAN2625500CE,0.1054642780352961
13-01-2026 12:55||NIFTY27JAN2624000PE,0.1739888505348058
13-01-2026 12:55||NIFTY27JAN2624300PE,0.157222225191761
13-01-2026 12:55||NIFTY27JAN2624500PE,0.1454659436663289
13-01-2026 12:55||NIFTY27JAN2624700PE,0.1345658893320485
13-01-2026 12:55||NIFTY27JAN2625000PE,0.1205089579666912
13-01-2026 12:55||NIFTY27JAN2625100PE,0.1158167225384567
13-01-2026 12:55||NIFTY27JAN2625300CE,0.1113616090517485
13-01-2026 12:55||NIFTY27JAN2625500CE,0.1062352417204443
13-01-2026 12:55||NIFTY27JAN2626200CE,0.1041803101154882
13-01-2026 12:55||NIFTY27JAN2626400CE,0.1069810288979783
13-01-2026 12:55||NIFTY27JAN2626500CE,0.1078288402877177
13-01-2026 13:00||NIFTY27JAN2624000PE,0.1744363625972864
13-01-2026 13:00||NIFTY27JAN2624600PE,0.1397517217125972
13-01-2026 13:00||NIFTY27JAN2624700PE,0.1338838299995927
13-01-2026 13:00||NIFTY27JAN2626400CE,0.1087863047037951
13-01-2026 13:05||NIFTY27JAN2624000PE,0.1747982306993251
13-01-2026 13:05||NIFTY27JAN2624600PE,0.1386736685774104
13-01-2026 13:05||NIFTY27JAN2625200CE,0.1217697624277971
13-01-2026 13:05||NIFTY27JAN2625700CE,0.1081409289766625
13-01-2026 13:05||NIFTY27JAN2626500CE,0.1130304571283336
13-01-2026 13:10||NIFTY27JAN2623900PE,0.1837951688162352
13-01-2026 13:10||NIFTY27JAN2624400PE,0.1521622610839256
13-01-2026 13:10||NIFTY27JAN2624500PE,0.1459798857300598
13-01-2026 13:10||NIFTY27JAN2624700PE,0.1351232386668083
13-01-2026 13:10||NIFTY27JAN2625000PE,0.1207036945166456
13-01-2026 13:10||NIFTY27JAN2625600CE,0.1042468241873737
13-01-2026 13:10||NIFTY27JAN2626000CE,0.1015258407278039
13-01-2026 13:10||NIFTY27JAN2626400CE,0.1068071391235975
13-01-2026 13:10||NIFTY27JAN2626500CE,0.1078204327214811
13-01-2026 13:15||NIFTY27JAN2623800PE,0.1883169401022078
13-01-2026 13:15||NIFTY27JAN2624000PE,0.1762249950987463
13-01-2026 13:15||NIFTY27JAN2624100PE,0.1702112379644026
13-01-2026 13:15||NIFTY27JAN2624700PE,0.1344082467525765
13-01-2026 13:15||NIFTY27JAN2625000PE,0.1198166219367325
13-01-2026 13:15||NIFTY27JAN2625800CE,0.1066804918405261
13-01-2026 13:15||NIFTY27JAN2626100CE,0.1056461906297293
13-01-2026 13:15||NIFTY27JAN2626200CE,0.1067903865777752
13-01-2026 13:15||NIFTY27JAN2626300CE,0.1085860194650816
13-01-2026 13:20||NIFTY27JAN2624300PE,0.1575437740576829
13-01-2026 13:20||NIFTY27JAN2624400PE,0.1520962406203611
13-01-2026 13:20||NIFTY27JAN2624800PE,0.1286586777052301
13-01-2026 13:20||NIFTY27JAN2625000PE,0.1194642352174847
13-01-2026 13:20||NIFTY27JAN2625300CE,0.1173520707517014
13-01-2026 13:20||NIFTY27JAN2625400CE,0.1143250647316581
13-01-2026 13:20||NIFTY27JAN2625900CE,0.1049163159955395
13-01-2026 13:20||NIFTY27JAN2626500CE,0.1117093506299032
13-01-2026 13:25||NIFTY27JAN2624000PE,0.1771894852039926
13-01-2026 13:25||NIFTY27JAN2624200PE,0.1649858771799081
13-01-2026 13:25||NIFTY27JAN2624300PE,0.158095187168138
13-01-2026 13:25||NIFTY27JAN2624600PE,0.1402442332267374
13-01-2026 13:25||NIFTY27JAN2625600CE,0.1043403337895201
13-01-2026 13:25||NIFTY27JAN2626400CE,0.1085419699864834
13-01-2026 13:30||NIFTY27JAN2623800PE,0.1889722475358435
13-01-2026 13:30||NIFTY27JAN2624000PE,0.1762569916940018
13-01-2026 13:30||NIFTY27JAN2624100PE,0.1698926868501046
13-01-2026 13:30||NIFTY27JAN2625500CE,0.1098349592749475
13-01-2026 13:35||NIFTY27JAN2624300PE,0.1587004041337316
13-01-2026 13:35||NIFTY27JAN2624800PE,0.1296120958623676
13-01-2026 13:35||NIFTY27JAN2625700CE,0.1020407676823614
13-01-2026 13:40||NIFTY27JAN2623800PE,0.1900475404106181
13-01-2026 13:40||NIFTY27JAN2624400PE,0.1497098303514899
13-01-2026 13:40||NIFTY27JAN2624500PE,0.143600450330892
13-01-2026 13:40||NIFTY27JAN2625500CE,0.111911134293218
13-01-2026 13:40||NIFTY27JAN2625700CE,0.1076618496662759
13-01-2026 13:40||NIFTY27JAN2625900CE,0.1047844063063274
13-01-2026 13:40||NIFTY27JAN2626100CE,0.1045566660255182
13-01-2026 13:45||NIFTY27JAN2624000PE,0.176642806041003
13-01-2026 13:45||NIFTY27JAN2624100PE,0.1690528375906333
13-01-2026 13:45||NIFTY27JAN2625100PE,0.1166541716944026
13-01-2026 13:45||NIFTY27JAN2625300CE,0.1098259263207935
13-01-2026 13:45||NIFTY27JAN2625800CE,0.10169152626239
13-01-2026 13:45||NIFTY27JAN2626000CE,0.100658978508491
13-01-2026 13:50||NIFTY27JAN2624200PE,0.1623733317281304
13-01-2026 13:50||NIFTY27JAN2624400PE,0.1500976088990815
13-01-2026 13:50||NIFTY27JAN2624500PE,0.1438674849683683
13-01-2026 13:50||NIFTY27JAN2626000CE,0.1018555190735392
13-01-2026 13:55||NIFTY27JAN2624200PE,0.1620977704898169
13-01-2026 13:55||NIFTY27JAN2624300PE,0.1556390471053506
13-01-2026 13:55||NIFTY27JAN2625000PE,0.1186895491007883
13-01-2026 13:55||NIFTY27JAN2625500CE,0.109046246939453
13-01-2026 13:55||NIFTY27JAN2626000CE,0.1030788149492206
13-01-2026 14:00||NIFTY27JAN2623900PE,0.1804506837479999
13-01-2026 14:00||NIFTY27JAN2624000PE,0.1741018446639269
13-01-2026 14:00||NIFTY27JAN2624100PE,0.1679171725641787
13-01-2026 14:00||NIFTY27JAN2624600PE,0.1389421060474119
13-01-2026 14:00||NIFTY27JAN2625300CE,0.1032872319953208
13-01-2026 14:00||NIFTY27JAN2625700CE,0.1017711466733608
13-01-2026 14:05||NIFTY27JAN2623900PE,0.1805931934875245
13-01-2026 14:05||NIFTY27JAN2624200PE,0.1613400971951033
13-01-2026 14:05||NIFTY27JAN2624500PE,0.1432429341527079
13-01-2026 14:05||NIFTY27JAN2625700CE,0.1045446850889263
13-01-2026 14:05||NIFTY27JAN2626300CE,0.1065251439889452
13-01-2026 14:05||NIFTY27JAN2626500CE,0.1104884509732791
13-01-2026 14:10||NIFTY27JAN2624300PE,0.1545595783782397
13-01-2026 14:10||NIFTY27JAN2624700PE,0.1322207000821172
13-01-2026 14:10||NIFTY27JAN2625200CE,0.1027889313919317
13-01-2026 14:10||NIFTY27JAN2625400CE,0.1036090036613259
13-01-2026 14:10||NIFTY27JAN2626100CE,0.1012652531185087
13-01-2026 14:15||NIFTY27JAN2623800PE,0.1839981550862586
13-01-2026 14:15||NIFTY27JAN2624800PE,0.1250855368613129
13-01-2026 14:15||NIFTY27JAN2626200CE,0.103503533275941
13-01-2026 14:20||NIFTY27JAN2624000PE,0.171619711138736
13-01-2026 14:20||NIFTY27JAN2624400PE,0.1479600676674634
13-01-2026 14:20||NIFTY27JAN2624800PE,0.126800659379866
13-01-2026 14:20||NIFTY27JAN2624900PE,0.1225226416476461
13-01-2026 14:20||NIFTY27JAN2625200CE,0.1106679010368022
13-01-2026 14:20||NIFTY27JAN2625800CE,0.0992118381998723
13-01-2026 14:25||NIFTY27JAN2624000PE,0.171173033575493
13-01-2026 14:25||NIFTY27JAN2624100PE,0.1647404906278461
13-01-2026 14:25||NIFTY27JAN2624200PE,0.1583721082210601
13-01-2026 14:25||NIFTY27JAN2624500PE,0.1413798434150539
13-01-2026 14:25||NIFTY27JAN2624600PE,0.1354427540862603
13-01-2026 14:25||NIFTY27JAN2625600CE,0.1032758933232234
13-01-2026 14:25||NIFTY27JAN2626000CE,0.101288502715856
13-01-2026 14:25||NIFTY27JAN2626200CE,0.1038541802712591
13-01-2026 14:30||NIFTY27JAN2624500PE,0.139776165720931
13-01-2026 14:30||NIFTY27JAN2624600PE,0.1336595362861534
13-01-2026 14:30||NIFTY27JAN2624900PE,0.1192177737902331
13-01-2026 14:30||NIFTY27JAN2625100PE,0.1103467245339884
13-01-2026 14:30||NIFTY27JAN2625600CE,0.111467989875844
13-01-2026 14:35||NIFTY27JAN2623800PE,0.1826983026898859
13-01-2026 14:35||NIFTY27JAN2624200PE,0.1583956902454145
13-01-2026 14:35||NIFTY27JAN2625100PE,0.1112144112159979
13-01-2026 14:35||NIFTY27JAN2625400CE,0.1168444440092707
13-01-2026 14:35||NIFTY27JAN2626300CE,0.1076789169555615
13-01-2026 14:35||NIFTY27JAN2626500CE,0.1114268776517358
13-01-2026 14:40||NIFTY27JAN2624500PE,0.1417442225677082
13-01-2026 14:40||NIFTY27JAN2624600PE,0.1356853814982843
13-01-2026 14:40||NIFTY27JAN2624800PE,0.1242701397452806
13-01-2026 14:40||NIFTY27JAN2625300CE,0.1203540947564541
13-01-2026 14:40||NIFTY27JAN2625600CE,0.111415941950041
13-01-2026 14:40||NIFTY27JAN2625800CE,0.106562927973187
13-01-2026 14:45||NIFTY27JAN2625100PE,0.1141864870698259
13-01-2026 14:45||NIFTY27JAN2626000CE,0.1003581897826024
13-01-2026 14:45||NIFTY27JAN2626100CE,0.1005994587411941
13-01-2026 14:45||NIFTY27JAN2626500CE,0.1067692556076896
13-01-2026 14:50||NIFTY27JAN2624400PE,0.1483963644414151
13-01-2026 14:50||NIFTY27JAN2624500PE,0.1418425035641939
13-01-2026 14:55||NIFTY27JAN2623800PE,0.1889564485125603
13-01-2026 14:55||NIFTY27JAN2623900PE,0.1825398283505486
13-01-2026 14:55||NIFTY27JAN2624100PE,0.1693567369568906
13-01-2026 14:55||NIFTY27JAN2624400PE,0.1506676476831016
13-01-2026 14:55||NIFTY27JAN2624500PE,0.144384050935198
13-01-2026 14:55||NIFTY27JAN2624800PE,0.1277808552738772
13-01-2026 14:55||NIFTY27JAN2624900PE,0.1229452576273669
13-01-2026 14:55||NIFTY27JAN2625100PE,0.1135286147052463
13-01-2026 14:55||NIFTY27JAN2625700CE,0.100366714967958
13-01-2026 14:55||NIFTY27JAN2625900CE,0.0982627985179329
13-01-2026 14:55||NIFTY27JAN2626400CE,0.103096284709163
13-01-2026 15:00||NIFTY27JAN2623900PE,0.1847751252724225
13-01-2026 15:00||NIFTY27JAN2624500PE,0.1473506607050959
13-01-2026 15:00||NIFTY27JAN2624600PE,0.1412466970060334
13-01-2026 15:00||NIFTY27JAN2625100PE,0.117397085873815
13-01-2026 15:00||NIFTY27JAN2625700CE,0.0883735622632933
13-01-2026 15:00||NIFTY27JAN2626200CE,0.0928515124680031
13-01-2026 15:05||NIFTY27JAN2624000PE,0.1747972500479779
13-01-2026 15:05||NIFTY27JAN2624500PE,0.1423701685107142
13-01-2026 15:05||NIFTY27JAN2624900PE,0.1203117765924705
13-01-2026 15:05||NIFTY27JAN2625400CE,0.1151050046078703
13-01-2026 15:05||NIFTY27JAN2625700CE,0.1063375683587503
13-01-2026 15:05||NIFTY27JAN2625800CE,0.1040493723506114
13-01-2026 15:05||NIFTY27JAN2626000CE,0.1007808528389986
13-01-2026 15:05||NIFTY27JAN2626100CE,0.1005778141546167
13-01-2026 15:05||NIFTY27JAN2626500CE,0.105228355905515
13-01-2026 15:10||NIFTY27JAN2624000PE,0.1769987621621887
13-01-2026 15:10||NIFTY27JAN2624200PE,0.1642454925168791
13-01-2026 15:10||NIFTY27JAN2624400PE,0.15168684429637
13-01-2026 15:10||NIFTY27JAN2624900PE,0.1239704096531738
13-01-2026 15:10||NIFTY27JAN2625300CE,0.0948888010989723
13-01-2026 15:10||NIFTY27JAN2625600CE,0.0941766987345356
13-01-2026 15:10||NIFTY27JAN2626200CE,0.0947451046544851
13-01-2026 15:15||NIFTY27JAN2623800PE,0.1869458720489526
13-01-2026 15:15||NIFTY27JAN2624200PE,0.1651427032496043
13-01-2026 15:15||NIFTY27JAN2624600PE,0.1409861341863656
13-01-2026 15:15||NIFTY27JAN2624700PE,0.1353872726041969
13-01-2026 15:15||NIFTY27JAN2625700CE,0.0926721808941147
13-01-2026 15:15||NIFTY27JAN2626000CE,0.0918451619022185
13-01-2026 15:15||NIFTY27JAN2626300CE,0.0966375186212251
13-01-2026 15:15||NIFTY27JAN2626500CE,0.1006724876655598
13-01-2026 15:20||NIFTY27JAN2623900PE,0.1829760262838557
13-01-2026 15:20||NIFTY27JAN2624300PE,0.1580675279677481
13-01-2026 15:20||NIFTY27JAN2624800PE,0.1279985790512367
13-01-2026 15:20||NIFTY27JAN2625300CE,0.1036591343447546
13-01-2026 15:20||NIFTY27JAN2625600CE,0.0984817361164861
13-01-2026 15:20||NIFTY27JAN2626200CE,0.0964509822224364
13-01-2026 15:25||NIFTY27JAN2624500PE,0.1458978448867838
13-01-2026 15:25||NIFTY27JAN2624700PE,0.1350457760298235
13-01-2026 15:25||NIFTY27JAN2624900PE,0.1246989365320147
13-01-2026 15:25||NIFTY27JAN2626000CE,0.0934251986995704
14-01-2026 09:15||NIFTY27JAN2624300PE,0.1622967250205531
14-01-2026 09:15||NIFTY27JAN2624400PE,0.1558677979162713
14-01-2026 09:15||NIFTY27JAN2625300CE,0.1250948086908314
14-01-2026 09:15||NIFTY27JAN2626100CE,0.1015433529350727
14-01-2026 09:15||NIFTY27JAN2626500CE,0.1081514731600954
14-01-2026 09:20||NIFTY27JAN2624100PE,0.1768161234368509
14-01-2026 09:25||NIFTY27JAN2624000PE,0.1829810397927555
14-01-2026 09:25||NIFTY27JAN2624200PE,0.1697595870392915
14-01-2026 09:25||NIFTY27JAN2624700PE,0.1367195916786473
14-01-2026 09:25||NIFTY27JAN2625300CE,0.1274741141442287
14-01-2026 09:25||NIFTY27JAN2626500CE,0.1073626037747586
14-01-2026 09:30||NIFTY27JAN2623800PE,0.1980506702920363
14-01-2026 09:30||NIFTY27JAN2624000PE,0.1859322928403992
14-01-2026 09:30||NIFTY27JAN2624600PE,0.1464112429000645
14-01-2026 09:30||NIFTY27JAN2624700PE,0.1401234998893287
14-01-2026 09:30||NIFTY27JAN2626200CE,0.0970305109268231
14-01-2026 09:30||NIFTY27JAN2626500CE,0.1033483252769355
14-01-2026 09:35||NIFTY27JAN2624000PE,0.1843522626375699
14-01-2026 09:35||NIFTY27JAN2625500CE,0.1005919621118991
14-01-2026 09:35||NIFTY27JAN2626400CE,0.1026172177806126
14-01-2026 09:40||NIFTY27JAN2623800PE,0.19464646448498
14-01-2026 09:40||NIFTY27JAN2624000PE,0.1825678281807002
14-01-2026 09:40||NIFTY27JAN2624200PE,0.16968103967985
14-01-2026 09:40||NIFTY27JAN2624700PE,0.1373714636707806
14-01-2026 09:40||NIFTY27JAN2624800PE,0.1315796707342645
14-01-2026 09:40||NIFTY27JAN2625000PE,0.1205446830642458
14-01-2026 09:40||NIFTY27JAN2625500CE,0.1004034079571543
14-01-2026 09:40||NIFTY27JAN2625800CE,0.0969419396810033
14-01-2026 09:45||NIFTY27JAN2624300PE,0.1623559213007352
14-01-2026 09:45||NIFTY27JAN2624400PE,0.1556323029236966
14-01-2026 09:45||NIFTY27JAN2624500PE,0.1489239585867627
14-01-2026 09:45||NIFTY27JAN2624600PE,0.1424112114332926
14-01-2026 09:45||NIFTY27JAN2625400CE,0.1058235495604184
14-01-2026 09:50||NIFTY27JAN2623800PE,0.194299497100084
14-01-2026 09:50||NIFTY27JAN2623900PE,0.1875456486165371
14-01-2026 09:50||NIFTY27JAN2624600PE,0.1412703286345099
14-01-2026 09:50||NIFTY27JAN2625200CE,0.1424143972874858
14-01-2026 09:50||NIFTY27JAN2625300CE,0.1360947337918327
14-01-2026 09:50||NIFTY27JAN2626400CE,0.1082653585962233
14-01-2026 09:55||NIFTY27JAN2624100PE,0.1788118065254507
14-01-2026 09:55||NIFTY27JAN2626000CE,0.0934546006972055
14-01-2026 10:00||NIFTY27JAN2624000PE,0.1821586005902804
14-01-2026 10:00||NIFTY27JAN2624400PE,0.1556877214538612
14-01-2026 10:00||NIFTY27JAN2625100PE,0.1153198004518976
14-01-2026 10:00||NIFTY27JAN2625500CE,0.1023743223669562
14-01-2026 10:00||NIFTY27JAN2626100CE,0.0969693765455774
14-01-2026 10:00||NIFTY27JAN2626500CE,0.1032352659284044
14-01-2026 10:05||NIFTY27JAN2624600PE,0.141988770390798
14-01-2026 10:05||NIFTY27JAN2624800PE,0.1299742770932164
14-01-2026 10:05||NIFTY27JAN2625000PE,0.1189337361632304
14-01-2026 10:05||NIFTY27JAN2625300CE,0.1135673198069995
14-01-2026 10:05||NIFTY27JAN2625400CE,0.108437744873592
14-01-2026 10:05||NIFTY27JAN2626200CE,0.0983392997131083
14-01-2026 10:05||NIFTY27JAN2626300CE,0.1003711974460169
14-01-2026 10:05||NIFTY27JAN2626400CE,0.1032279434028216
14-01-2026 10:10||NIFTY27JAN2624000PE,0.1803961551153663
14-01-2026 10:10||NIFTY27JAN2624200PE,0.1673063233224992
14-01-2026 10:10||NIFTY27JAN2624500PE,0.1474200288117808
14-01-2026 10:10||NIFTY27JAN2624600PE,0.1410613389297265
14-01-2026 10:10||NIFTY27JAN2625400CE,0.1100359708635679
14-01-2026 10:10||NIFTY27JAN2625600CE,0.103806652137501
14-01-2026 10:10||NIFTY27JAN2626400CE,0.1044812069389386
14-01-2026 10:15||NIFTY27JAN2624100PE,0.1749842725326063
14-01-2026 10:15||NIFTY27JAN2625000PE,0.1193499490422399
14-01-2026 10:15||NIFTY27JAN2625200CE,0.0969434653294858
14-01-2026 10:15||NIFTY27JAN2625600CE,0.09721824943624
14-01-2026 10:15||NIFTY27JAN2625900CE,0.0956348652153577
14-01-2026 10:20||NIFTY27JAN2624200PE,0.1665276142123365
14-01-2026 10:20||NIFTY27JAN2624700PE,0.1340067202732204
14-01-2026 10:20||NIFTY27JAN2625000PE,0.1172031659993828
14-01-2026 10:20||NIFTY27JAN2625500CE,0.1013913344982852
14-01-2026 10:20||NIFTY27JAN2625600CE,0.0996965372216974
14-01-2026 10:20||NIFTY27JAN2625700CE,0.0982121571431075
14-01-2026 10:20||NIFTY27JAN2625800CE,0.0971985464163351
14-01-2026 10:25||NIFTY27JAN2623800PE,0.1924316460595539
14-01-2026 10:25||NIFTY27JAN2624300PE,0.159800230044484
14-01-2026 10:25||NIFTY27JAN2625000PE,0.1173419582110564
14-01-2026 10:25||NIFTY27JAN2626100CE,0.0988138920905131
14-01-2026 10:25||NIFTY27JAN2626200CE,0.100069810993786
14-01-2026 10:25||NIFTY27JAN2626400CE,0.1045649582671
14-01-2026 10:30||NIFTY27JAN2623900PE,0.185150083737741
14-01-2026 10:30||NIFTY27JAN2624000PE,0.179318618058948
14-01-2026 10:30||NIFTY27JAN2624700PE,0.1331226370978712
14-01-2026 10:30||NIFTY27JAN2624800PE,0.1274401681820633
14-01-2026 10:30||NIFTY27JAN2625100PE,0.1124693613289726
14-01-2026 10:30||NIFTY27JAN2625200CE,0.1235587921543255
14-01-2026 10:30||NIFTY27JAN2626500CE,0.1073046014847764
14-01-2026 10:35||NIFTY27JAN2623900PE,0.1871675367159198
14-01-2026 10:35||NIFTY27JAN2624400PE,0.1544772245455553
14-01-2026 10:35||NIFTY27JAN2625600CE,0.0992821054253784
14-01-2026 10:35||NIFTY27JAN2625700CE,0.0977823236666039
14-01-2026 10:35||NIFTY27JAN2626300CE,0.1003652912300114
14-01-2026 10:40||NIFTY27JAN2623800PE,0.1900087965367918
14-01-2026 10:40||NIFTY27JAN2624100PE,0.174143500114963
14-01-2026 10:40||NIFTY27JAN2625300CE,0.1042100904620274
14-01-2026 10:40||NIFTY27JAN2625600CE,0.0985885395676686
14-01-2026 10:40||NIFTY27JAN2626300CE,0.1004786076107771
14-01-2026 10:40||NIFTY27JAN2626500CE,0.1052227133183542
14-01-2026 10:45||NIFTY27JAN2624000PE,0.1767978872400014
14-01-2026 10:45||NIFTY27JAN2624600PE,0.1381162376520863
14-01-2026 10:45||NIFTY27JAN2624800PE,0.125246319506049
14-01-2026 10:45||NIFTY27JAN2625400CE,0.1215120940854877
14-01-2026 10:50||NIFTY27JAN2624000PE,0.1798056743570085
14-01-2026 10:50||NIFTY27JAN2624300PE,0.160788613908139
14-01-2026 10:50||NIFTY27JAN2624800PE,0.1283475061114665
14-01-2026 10:50||NIFTY27JAN2625200CE,0.1148603463992022
14-01-2026 10:50||NIFTY27JAN2625400CE,0.1097300621106699
14-01-2026 10:50||NIFTY27JAN2625800CE,0.0995684648485557
14-01-2026 10:55||NIFTY27JAN2624600PE,0.1406699553554508
14-01-2026 10:55||NIFTY27JAN2625000PE,0.1167149673484621
14-01-2026 10:55||NIFTY27JAN2625200CE,0.1253120792394351
14-01-2026 10:55||NIFTY27JAN2626200CE,0.1000531010478259
14-01-2026 10:55||NIFTY27JAN2626300CE,0.0989504188637838
14-01-2026 10:55||NIFTY27JAN2626400CE,0.0978519214419276
14-01-2026 10:55||NIFTY27JAN2626500CE,0.0967575771393296
14-01-2026 11:00||NIFTY27JAN2624100PE,0.1751555672628743
14-01-2026 11:00||NIFTY27JAN2626100CE,0.0993527416558943
14-01-2026 11:00||NIFTY27JAN2626300CE,0.1010026247920056
14-01-2026 11:05||NIFTY27JAN2624000PE,0.1820359350204074
14-01-2026 11:05||NIFTY27JAN2624800PE,0.1307545655893842
14-01-2026 11:05||NIFTY27JAN2625300CE,0.1051605974037576
14-01-2026 11:05||NIFTY27JAN2626000CE,0.0962327087258538
14-01-2026 11:05||NIFTY27JAN2626100CE,0.0964241110872663
14-01-2026 11:05||NIFTY27JAN2626300CE,0.0989071041700065
14-01-2026 11:10||NIFTY27JAN2624000PE,0.1816375934273453
14-01-2026 11:10||NIFTY27JAN2624300PE,0.1621141291564196
14-01-2026 11:10||NIFTY27JAN2624500PE,0.1488513362597316
14-01-2026 11:10||NIFTY27JAN2625200CE,0.1172573069758464
14-01-2026 11:15||NIFTY27JAN2624100PE,0.1760059179821035
14-01-2026 11:15||NIFTY27JAN2624300PE,0.1625273180282508
14-01-2026 11:15||NIFTY27JAN2624400PE,0.1558395260255353
14-01-2026 11:15||NIFTY27JAN2624500PE,0.1491974500483076
14-01-2026 11:15||NIFTY27JAN2624600PE,0.1426311625096417
14-01-2026 11:15||NIFTY27JAN2625500CE,0.109237115332222
14-01-2026 11:15||NIFTY27JAN2625800CE,0.1015342391766968
14-01-2026 11:15||NIFTY27JAN2626000CE,0.0978226622463004
14-01-2026 11:20||NIFTY27JAN2623800PE,0.1978021201542267
14-01-2026 11:20||NIFTY27JAN2623900PE,0.1909216958927807
14-01-2026 11:20||NIFTY27JAN2624600PE,0.1438863596147052
14-01-2026 11:20||NIFTY27JAN2624800PE,0.1311509280779526
14-01-2026 11:20||NIFTY27JAN2625100PE,0.1165083633223243
14-01-2026 11:20||NIFTY27JAN2625300CE,0.1091417722945315
14-01-2026 11:20||NIFTY27JAN2625600CE,0.1015093426836664
14-01-2026 11:20||NIFTY27JAN2625800CE,0.0974187204259862
14-01-2026 11:25||NIFTY27JAN2623900PE,0.1886319998267146
14-01-2026 11:25||NIFTY27JAN2624700PE,0.1348958240577654
14-01-2026 11:25||NIFTY27JAN2624900PE,0.1233908201562113
14-01-2026 11:25||NIFTY27JAN2625400CE,0.1283118017651403
14-01-2026 11:25||NIFTY27JAN2626200CE,0.1018505756259158
14-01-2026 11:30||NIFTY27JAN2624200PE,0.171327331613125
14-01-2026 11:30||NIFTY27JAN2624300PE,0.1651791296508667
14-01-2026 11:30||NIFTY27JAN2624400PE,0.1590241599837
14-01-2026 11:30||NIFTY27JAN2625000PE,0.1215920601881036
14-01-2026 11:30||NIFTY27JAN2625300CE,0.1072710363295455
14-01-2026 11:30||NIFTY27JAN2625800CE,0.0969447225822207
14-01-2026 11:30||NIFTY27JAN2626000CE,0.0951053711664716
14-01-2026 11:35||NIFTY27JAN2623900PE,0.1903509305838945
14-01-2026 11:35||NIFTY27JAN2624400PE,0.1573528507868207
14-01-2026 11:35||NIFTY27JAN2624500PE,0.1503659681453286
14-01-2026 11:35||NIFTY27JAN2624700PE,0.1376899808296382
14-01-2026 11:35||NIFTY27JAN2625100PE,0.115740199654557
14-01-2026 11:35||NIFTY27JAN2625500CE,0.1032579587046243
14-01-2026 11:35||NIFTY27JAN2625700CE,0.1000904797711964
14-01-2026 11:35||NIFTY27JAN2626100CE,0.096354102588465
14-01-2026 11:40||NIFTY27JAN2623900PE,0.1905776922599222
14-01-2026 11:40||NIFTY27JAN2625500CE,0.1007028793096934
14-01-2026 11:40||NIFTY27JAN2625600CE,0.0988623136667206
14-01-2026 11:40||NIFTY27JAN2626500CE,0.1010377518895015
14-01-2026 11:45||NIFTY27JAN2623900PE,0.1903878696638652
14-01-2026 11:45||NIFTY27JAN2624300PE,0.1633416243407412
14-01-2026 11:45||NIFTY27JAN2624500PE,0.149945498151375
14-01-2026 11:45||NIFTY27JAN2626400CE,0.1024720341680021
14-01-2026 11:50||NIFTY27JAN2625100PE,0.1158300798937591
14-01-2026 11:50||NIFTY27JAN2625700CE,0.0998137353074454
14-01-2026 11:50||NIFTY27JAN2625800CE,0.0980144017991927
14-01-2026 11:50||NIFTY27JAN2626100CE,0.0958214001870804
14-01-2026 11:55||NIFTY27JAN2624200PE,0.1714418029872488
14-01-2026 11:55||NIFTY27JAN2624400PE,0.1579605913279601
14-01-2026 11:55||NIFTY27JAN2624800PE,0.1315049227468741
14-01-2026 11:55||NIFTY27JAN2625200CE,0.114245524792979
14-01-2026 11:55||NIFTY27JAN2625600CE,0.1014159029375647
14-01-2026 12:00||NIFTY27JAN2623800PE,0.2007973484667226
14-01-2026 12:00||NIFTY27JAN2624400PE,0.159221032177218
14-01-2026 12:00||NIFTY27JAN2624900PE,0.1274229779293451
14-01-2026 12:00||NIFTY27JAN2625000PE,0.121758749595474
14-01-2026 12:00||NIFTY27JAN2625100PE,0.1161171330117366
14-01-2026 12:05||NIFTY27JAN2624400PE,0.1592702151946979
14-01-2026 12:05||NIFTY27JAN2624600PE,0.1455867866698195
14-01-2026 12:05||NIFTY27JAN2626500CE,0.0968015204390171
14-01-2026 12:10||NIFTY27JAN2624400PE,0.1571115813803888
14-01-2026 12:10||NIFTY27JAN2624600PE,0.1436357868721475
14-01-2026 12:10||NIFTY27JAN2624800PE,0.1312155466122226
14-01-2026 12:10||NIFTY27JAN2624900PE,0.1258030453362716
14-01-2026 12:10||NIFTY27JAN2625100PE,0.1153005046170669
14-01-2026 12:10||NIFTY27JAN2625900CE,0.0922680658140265
14-01-2026 12:10||NIFTY27JAN2626300CE,0.0947918546306133
14-01-2026 12:15||NIFTY27JAN2624200PE,0.1684622286837401
14-01-2026 12:15||NIFTY27JAN2624800PE,0.1280060890576605
14-01-2026 12:15||NIFTY27JAN2626500CE,0.1028613450471996
14-01-2026 12:20||NIFTY27JAN2623800PE,0.1984365012542487
14-01-2026 12:20||NIFTY27JAN2623900PE,0.1916340492245428
14-01-2026 12:20||NIFTY27JAN2625300CE,0.1007898822145483
14-01-2026 12:20||NIFTY27JAN2626400CE,0.0975010540031468
14-01-2026 12:25||NIFTY27JAN2624500PE,0.1508913317242441
14-01-2026 12:25||NIFTY27JAN2625400CE,0.0946974906016597
14-01-2026 12:25||NIFTY27JAN2625500CE,0.0953144609172416
14-01-2026 12:25||NIFTY27JAN2625900CE,0.091841335365023
14-01-2026 12:30||NIFTY27JAN2623900PE,0.1905562330013261
14-01-2026 12:30||NIFTY27JAN2624300PE,0.1637950747938081
14-01-2026 12:30||NIFTY27JAN2624900PE,0.1257058340245637
14-01-2026 12:30||NIFTY27JAN2625800CE,0.0962804311293478
14-01-2026 12:30||NIFTY27JAN2626300CE,0.0959632727922737
14-01-2026 12:30||NIFTY27JAN2626400CE,0.0985419048527877
14-01-2026 12:35||NIFTY27JAN2623900PE,0.1910838744986046
14-01-2026 12:35||NIFTY27JAN2625300CE,0.1043429511250216
14-01-2026 12:35||NIFTY27JAN2625500CE,0.1000174325065498
14-01-2026 12:35||NIFTY27JAN2625900CE,0.0942913695093437
14-01-2026 12:45||NIFTY27JAN2625600CE,0.0954426306940569
14-01-2026 12:45||NIFTY27JAN2625700CE,0.0938147849640202
14-01-2026 12:50||NIFTY27JAN2624900PE,0.1246565675278787
14-01-2026 12:50||NIFTY27JAN2626300CE,0.0954451603873609
14-01-2026 12:50||NIFTY27JAN2626500CE,0.0990664164500075
14-01-2026 12:55||NIFTY27JAN2623900PE,0.1885759724367511
14-01-2026 12:55||NIFTY27JAN2624300PE,0.1620637441879419
14-01-2026 12:55||NIFTY27JAN2625000PE,0.1182052720561932
14-01-2026 13:00||NIFTY27JAN2624700PE,0.136411775253416
14-01-2026 13:00||NIFTY27JAN2625400CE,0.0985957730000467
14-01-2026 13:00||NIFTY27JAN2625700CE,0.094868174580134
14-01-2026 13:00||NIFTY27JAN2625800CE,0.0929013120737557
14-01-2026 13:00||NIFTY27JAN2626200CE,0.0929688543828902
14-01-2026 13:00||NIFTY27JAN2626300CE,0.0948910515943246
14-01-2026 13:00||NIFTY27JAN2626500CE,0.0985904821290258
14-01-2026 13:05||NIFTY27JAN2624000PE,0.1825325643681658
14-01-2026 13:05||NIFTY27JAN2624400PE,0.1560525280078809
14-01-2026 13:05||NIFTY27JAN2624800PE,0.1294818353103755
14-01-2026 13:05||NIFTY27JAN2624900PE,0.1242008184365435
14-01-2026 13:05||NIFTY27JAN2625800CE,0.0957068090735472
14-01-2026 13:05||NIFTY27JAN2626200CE,0.0939283967483506
14-01-2026 13:05||NIFTY27JAN2626300CE,0.095612914548325
14-01-2026 13:10||NIFTY27JAN2624000PE,0.1830844986077498
14-01-2026 13:10||NIFTY27JAN2624600PE,0.1434107274748414
14-01-2026 13:10||NIFTY27JAN2624700PE,0.1369238382527724
14-01-2026 13:10||NIFTY27JAN2624900PE,0.1247922100751939
14-01-2026 13:10||NIFTY27JAN2625300CE,0.097168610709836
14-01-2026 13:10||NIFTY27JAN2625800CE,0.0900349208663945
14-01-2026 13:10||NIFTY27JAN2625900CE,0.0897747132303876
14-01-2026 13:10||NIFTY27JAN2626400CE,0.0958999069766489
14-01-2026 13:15||NIFTY27JAN2624000PE,0.1822378680092008
14-01-2026 13:15||NIFTY27JAN2624600PE,0.1418396684196121
14-01-2026 13:15||NIFTY27JAN2624800PE,0.1292252837061077
14-01-2026 13:15||NIFTY27JAN2625200CE,0.1134166733630066
14-01-2026 13:15||NIFTY27JAN2625600CE,0.0933222593170565
14-01-2026 13:15||NIFTY27JAN2626100CE,0.0914142504204936
14-01-2026 13:15||NIFTY27JAN2626200CE,0.0924686177321457
14-01-2026 13:20||NIFTY27JAN2624400PE,0.154830907321698
14-01-2026 13:20||NIFTY27JAN2624700PE,0.1353898482932198
14-01-2026 13:20||NIFTY27JAN2624900PE,0.1245120299248528
14-01-2026 13:20||NIFTY27JAN2625200CE,0.0905988910862157
14-01-2026 13:20||NIFTY27JAN2625900CE,0.0886908356997392
14-01-2026 13:25||NIFTY27JAN2624100PE,0.1727197250610314
14-01-2026 13:25||NIFTY27JAN2624700PE,0.1337954874682178
14-01-2026 13:25||NIFTY27JAN2624900PE,0.1225185724153168
14-01-2026 13:25||NIFTY27JAN2625200CE,0.1063927129044547
14-01-2026 13:25||NIFTY27JAN2625600CE,0.0955423453955798
14-01-2026 13:25||NIFTY27JAN2626400CE,0.0972723850713978
14-01-2026 13:25||NIFTY27JAN2626500CE,0.0984104510963001
14-01-2026 13:30||NIFTY27JAN2624200PE,0.1664847392833176
14-01-2026 13:30||NIFTY27JAN2624300PE,0.1596968976789556
14-01-2026 13:30||NIFTY27JAN2625200CE,0.0989063960823808
14-01-2026 13:30||NIFTY27JAN2625700CE,0.090004927087995
14-01-2026 13:30||NIFTY27JAN2626500CE,0.1003114922398093
14-01-2026 13:35||NIFTY27JAN2624000PE,0.1779852471796127
14-01-2026 13:35||NIFTY27JAN2624100PE,0.1714811723904854
14-01-2026 13:35||NIFTY27JAN2625100PE,0.1157160878671668
14-01-2026 13:35||NIFTY27JAN2625500CE,0.081640607310998
14-01-2026 13:35||NIFTY27JAN2625700CE,0.0841264905807746
14-01-2026 13:40||NIFTY27JAN2626500CE,0.1046691747761453
14-01-2026 13:45||NIFTY27JAN2624100PE,0.168190051942886
14-01-2026 13:45||NIFTY27JAN2624200PE,0.1616962107229231
14-01-2026 13:45||NIFTY27JAN2624400PE,0.1487915731320564
14-01-2026 13:45||NIFTY27JAN2624600PE,0.1360788459557475
14-01-2026 13:45||NIFTY27JAN2624700PE,0.1299937176404306
14-01-2026 13:45||NIFTY27JAN2624800PE,0.1241569313366285
14-01-2026 13:45||NIFTY27JAN2625400CE,0.1025955671804991
14-01-2026 13:45||NIFTY27JAN2626200CE,0.0975381942386789
14-01-2026 13:45||NIFTY27JAN2626300CE,0.100238791788958
14-01-2026 13:45||NIFTY27JAN2626400CE,0.103849911744642
14-01-2026 13:50||NIFTY27JAN2625400CE,0.0858205806162685
14-01-2026 13:50||NIFTY27JAN2625600CE,0.0877623816000067
14-01-2026 13:50||NIFTY27JAN2626300CE,0.0981932840136804
14-01-2026 13:55||NIFTY27JAN2623800PE,0.186827988411961
14-01-2026 13:55||NIFTY27JAN2624600PE,0.1359221607321971
14-01-2026 13:55||NIFTY27JAN2624900PE,0.1196479946713684
14-01-2026 13:55||NIFTY27JAN2625200CE,0.1031590693305923
14-01-2026 13:55||NIFTY27JAN2626200CE,0.0981132014695077
14-01-2026 14:00||NIFTY27JAN2623800PE,0.1900096855383279
14-01-2026 14:00||NIFTY27JAN2623900PE,0.1830553242272846
14-01-2026 14:00||NIFTY27JAN2624400PE,0.149391548427206
14-01-2026 14:00||NIFTY27JAN2624500PE,0.1431625051529848
14-01-2026 14:05||NIFTY27JAN2624000PE,0.1752708548323271
14-01-2026 14:05||NIFTY27JAN2624300PE,0.1550475957171189
14-01-2026 14:05||NIFTY27JAN2624700PE,0.1296329044111985
14-01-2026 14:05||NIFTY27JAN2624800PE,0.1240852507746129
14-01-2026 14:05||NIFTY27JAN2625200CE,0.1087103762646951
14-01-2026 14:05||NIFTY27JAN2625700CE,0.0975923526241494
14-01-2026 14:05||NIFTY27JAN2625900CE,0.0963836359692104
14-01-2026 14:10||NIFTY27JAN2624200PE,0.1621837590004077
14-01-2026 14:10||NIFTY27JAN2624800PE,0.1230378833510507
14-01-2026 14:10||NIFTY27JAN2625700CE,0.0993236248705939
14-01-2026 14:15||NIFTY27JAN2624600PE,0.1377944949684981
14-01-2026 14:15||NIFTY27JAN2625300CE,0.0910088087471479
14-01-2026 14:15||NIFTY27JAN2625900CE,0.0907144595555335
14-01-2026 14:15||NIFTY27JAN2626000CE,0.0916557815947313
14-01-2026 14:15||NIFTY27JAN2626500CE,0.1054396417507673
14-01-2026 14:20||NIFTY27JAN2624400PE,0.1497054313140833
14-01-2026 14:20||NIFTY27JAN2624900PE,0.1206897776147437
14-01-2026 14:20||NIFTY27JAN2625100PE,0.1114731326652636
14-01-2026 14:25||NIFTY27JAN2623800PE,0.1868254290450675
14-01-2026 14:25||NIFTY27JAN2625600CE,0.1017035893315707
14-01-2026 14:25||NIFTY27JAN2626100CE,0.100331422781465
14-01-2026 14:30||NIFTY27JAN2623900PE,0.1814347919858776
14-01-2026 14:30||NIFTY27JAN2624300PE,0.1542100184514567
14-01-2026 14:30||NIFTY27JAN2624500PE,0.1413813250583476
14-01-2026 14:30||NIFTY27JAN2625000PE,0.112283166394815
14-01-2026 14:30||NIFTY27JAN2625100PE,0.1065493142224695
14-01-2026 14:30||NIFTY27JAN2625400CE,0.1073962648521024
14-01-2026 14:30||NIFTY27JAN2626000CE,0.098359940372393
14-01-2026 14:30||NIFTY27JAN2626100CE,0.0996574969853216
14-01-2026 14:30||NIFTY27JAN2626400CE,0.1056316585601217
14-01-2026 14:30||NIFTY27JAN2626500CE,0.1068188117841209
14-01-2026 14:35||NIFTY27JAN2624000PE,0.1749661331303994
14-01-2026 14:35||NIFTY27JAN2624300PE,0.1548290303532131
14-01-2026 14:35||NIFTY27JAN2625500CE,0.1080041859988203
14-01-2026 14:35||NIFTY27JAN2625900CE,0.0995497894464618
14-01-2026 14:35||NIFTY27JAN2626400CE,0.10780657720001
14-01-2026 14:40||NIFTY27JAN2624300PE,0.1569135147752933
14-01-2026 14:40||NIFTY27JAN2624400PE,0.150181132207194
14-01-2026 14:40||NIFTY27JAN2624500PE,0.1434982174386099
14-01-2026 14:40||NIFTY27JAN2624700PE,0.1306243440427802
14-01-2026 14:40||NIFTY27JAN2624800PE,0.1249059461927359
14-01-2026 14:40||NIFTY27JAN2625000PE,0.1141894021244019
14-01-2026 14:40||NIFTY27JAN2625400CE,0.1056216239304425
14-01-2026 14:40||NIFTY27JAN2625800CE,0.0974830529200484
14-01-2026 14:45||NIFTY27JAN2624500PE,0.1462625744114143
14-01-2026 14:45||NIFTY27JAN2624800PE,0.1271418101593087
14-01-2026 14:45||NIFTY27JAN2625100PE,0.1117401996545567
14-01-2026 14:45||NIFTY27JAN2625400CE,0.0980745210688709
14-01-2026 14:45||NIFTY27JAN2625500CE,0.0974207414315398
14-01-2026 14:45||NIFTY27JAN2625800CE,0.0946098528079659
14-01-2026 14:45||NIFTY27JAN2626100CE,0.0961881760401089
14-01-2026 14:45||NIFTY27JAN2626200CE,0.0981408989767516
14-01-2026 14:45||NIFTY27JAN2626300CE,0.1004234369948256
14-01-2026 14:50||NIFTY27JAN2624400PE,0.1529429796418134
14-01-2026 14:50||NIFTY27JAN2624600PE,0.1396122053315464
14-01-2026 14:50||NIFTY27JAN2624900PE,0.1223383937750463
14-01-2026 14:50||NIFTY27JAN2625200CE,0.109368059453057
14-01-2026 14:50||NIFTY27JAN2625700CE,0.0946728892695434
14-01-2026 14:50||NIFTY27JAN2625800CE,0.0936332264286134
14-01-2026 14:50||NIFTY27JAN2626300CE,0.0994666749588115
14-01-2026 14:55||NIFTY27JAN2624100PE,0.1718137472018052
14-01-2026 14:55||NIFTY27JAN2624200PE,0.1654050485906968
14-01-2026 14:55||NIFTY27JAN2624600PE,0.1394265483303588
14-01-2026 14:55||NIFTY27JAN2624800PE,0.1269700846500288
14-01-2026 14:55||NIFTY27JAN2625100PE,0.112159081887111
14-01-2026 14:55||NIFTY27JAN2625300CE,0.0961194163120976
14-01-2026 14:55||NIFTY27JAN2625400CE,0.0938105250428327
14-01-2026 14:55||NIFTY27JAN2625600CE,0.0911121110099411
14-01-2026 14:55||NIFTY27JAN2626400CE,0.1006903384556601
14-01-2026 15:00||NIFTY27JAN2624300PE,0.1565352523087421
14-01-2026 15:00||NIFTY27JAN2624700PE,0.1311687083550918
14-01-2026 15:00||NIFTY27JAN2625800CE,0.0958736863438172
14-01-2026 15:05||NIFTY27JAN2623900PE,0.1851927890971367
14-01-2026 15:05||NIFTY27JAN2624400PE,0.1527879559888188
14-01-2026 15:05||NIFTY27JAN2624800PE,0.128163170588681
14-01-2026 15:05||NIFTY27JAN2626300CE,0.0993483273971701
14-01-2026 15:10||NIFTY27JAN2624100PE,0.169967931919577
14-01-2026 15:10||NIFTY27JAN2624500PE,0.1439773284998004
14-01-2026 15:10||NIFTY27JAN2624900PE,0.1222554541419238
14-01-2026 15:10||NIFTY27JAN2625500CE,0.0961639137334876
14-01-2026 15:10||NIFTY27JAN2626200CE,0.098142515818119
14-01-2026 15:15||NIFTY27JAN2624400PE,0.1495771733448533
14-01-2026 15:15||NIFTY27JAN2624700PE,0.1303892839260335
14-01-2026 15:15||NIFTY27JAN2625100PE,0.1105482834817926
14-01-2026 15:15||NIFTY27JAN2625500CE,0.1030822343690185
14-01-2026 15:15||NIFTY27JAN2625900CE,0.0976155702984969
14-01-2026 15:15||NIFTY27JAN2626100CE,0.0988313575949888
14-01-2026 15:20||NIFTY27JAN2624500PE,0.1426788443069453
14-01-2026 15:20||NIFTY27JAN2624800PE,0.125522056479003
14-01-2026 15:20||NIFTY27JAN2626100CE,0.0996737127563356
14-01-2026 15:20||NIFTY27JAN2626300CE,0.1040715138594439
14-01-2026 15:20||NIFTY27JAN2626400CE,0.107004189389308
14-01-2026 15:25||NIFTY27JAN2623900PE,0.1854421020649415
14-01-2026 15:25||NIFTY27JAN2624600PE,0.1393221836144645
14-01-2026 15:25||NIFTY27JAN2625100PE,0.1141968463522193
14-01-2026 15:25||NIFTY27JAN2625200CE,0.1041613861422302
14-01-2026 15:25||NIFTY27JAN2626400CE,0.1039550704846423
14-01-2026 15:25||NIFTY27JAN2626500CE,0.1061119554280663
16-01-2026 09:15||NIFTY27JAN2624100PE,0.179435893428551
16-01-2026 09:15||NIFTY27JAN2624200PE,0.1719569411422439
16-01-2026 09:15||NIFTY27JAN2624300PE,0.1644029431736095
16-01-2026 09:15||NIFTY27JAN2624800PE,0.1308326095525328
16-01-2026 09:15||NIFTY27JAN2625000PE,0.11913041524191
16-01-2026 09:15||NIFTY27JAN2626000CE,0.1056530052696395
16-01-2026 09:15||NIFTY27JAN2626100CE,0.1050188109136524
16-01-2026 09:20||NIFTY27JAN2624100PE,0.1784602367480798
16-01-2026 09:20||NIFTY27JAN2624400PE,0.1581713206345172
16-01-2026 09:20||NIFTY27JAN2624600PE,0.144563645528581
16-01-2026 09:20||NIFTY27JAN2625000PE,0.1205411897729982
16-01-2026 09:20||NIFTY27JAN2625200CE,0.1210583181138084
16-01-2026 09:20||NIFTY27JAN2625400CE,0.1105882871778859
16-01-2026 09:20||NIFTY27JAN2625700CE,0.1019809887213048
16-01-2026 09:20||NIFTY27JAN2626000CE,0.0971529016100034
16-01-2026 09:25||NIFTY27JAN2624600PE,0.14131587929519
16-01-2026 09:25||NIFTY27JAN2624700PE,0.1349239676213642
16-01-2026 09:25||NIFTY27JAN2625300CE,0.1303326252616534
16-01-2026 09:25||NIFTY27JAN2625600CE,0.1104487611204383
16-01-2026 09:25||NIFTY27JAN2626300CE,0.1012553351762991
16-01-2026 09:25||NIFTY27JAN2626500CE,0.1042108537478927
16-01-2026 09:30||NIFTY27JAN2623800PE,0.1957798754967477
16-01-2026 09:30||NIFTY27JAN2624300PE,0.1596492429320748
16-01-2026 09:30||NIFTY27JAN2624400PE,0.1530278085157292
16-01-2026 09:30||NIFTY27JAN2624900PE,0.1223526199888676
16-01-2026 09:30||NIFTY27JAN2625100PE,0.1115873270988492
16-01-2026 09:30||NIFTY27JAN2625500CE,0.1051576936755901
16-01-2026 09:30||NIFTY27JAN2625700CE,0.1011635571371769
16-01-2026 09:30||NIFTY27JAN2625900CE,0.0963136874390391
16-01-2026 09:30||NIFTY27JAN2626000CE,0.0949314513063964
16-01-2026 09:35||NIFTY27JAN2624100PE,0.1744131915866165
16-01-2026 09:35||NIFTY27JAN2624200PE,0.1672661068590328
16-01-2026 09:35||NIFTY27JAN2624800PE,0.1274351459196487
16-01-2026 09:35||NIFTY27JAN2625100PE,0.1124784032425903
16-01-2026 09:35||NIFTY27JAN2626300CE,0.0987706952308597
16-01-2026 09:35||NIFTY27JAN2626400CE,0.1015757133553488
16-01-2026 09:40||NIFTY27JAN2624200PE,0.1663181326847704
16-01-2026 09:40||NIFTY27JAN2624300PE,0.1599831199990334
16-01-2026 09:40||NIFTY27JAN2625900CE,0.1038259902719625
16-01-2026 09:40||NIFTY27JAN2626500CE,0.1035979737660905
16-01-2026 09:45||NIFTY27JAN2623900PE,0.1902214620666653
16-01-2026 09:45||NIFTY27JAN2624500PE,0.14697296111308
16-01-2026 09:45||NIFTY27JAN2624800PE,0.1253330647877998
16-01-2026 09:45||NIFTY27JAN2624900PE,0.1194974379291103
16-01-2026 09:45||NIFTY27JAN2625400CE,0.1262704852938913
16-01-2026 09:45||NIFTY27JAN2626000CE,0.1011799948060823
16-01-2026 09:45||NIFTY27JAN2626100CE,0.0996319918050106
16-01-2026 09:50||NIFTY27JAN2623900PE,0.1928782183490544
16-01-2026 09:50||NIFTY27JAN2624200PE,0.1718525159538227
16-01-2026 09:50||NIFTY27JAN2624900PE,0.1217680405490701
16-01-2026 09:50||NIFTY27JAN2625500CE,0.1126394073862433
16-01-2026 09:50||NIFTY27JAN2625600CE,0.1081728081054858
16-01-2026 09:50||NIFTY27JAN2625700CE,0.1046296264394734
16-01-2026 09:50||NIFTY27JAN2625800CE,0.1016770789727387
16-01-2026 09:50||NIFTY27JAN2626000CE,0.0967541907552023
16-01-2026 09:50||NIFTY27JAN2626200CE,0.0959734538557855
16-01-2026 09:55||NIFTY27JAN2623800PE,0.2005594037980227
16-01-2026 09:55||NIFTY27JAN2624000PE,0.1864141810493422
16-01-2026 09:55||NIFTY27JAN2624200PE,0.1724573021688142
16-01-2026 09:55||NIFTY27JAN2624500PE,0.1505999105910518
16-01-2026 09:55||NIFTY27JAN2624900PE,0.1225230958816776
16-01-2026 09:55||NIFTY27JAN2625000PE,0.1165003687706383
16-01-2026 09:55||NIFTY27JAN2625300CE,0.115724277845572
16-01-2026 09:55||NIFTY27JAN2625400CE,0.1107619869050722
16-01-2026 09:55||NIFTY27JAN2625500CE,0.1063265282344026
16-01-2026 09:55||NIFTY27JAN2625700CE,0.099346500815952
16-01-2026 09:55||NIFTY27JAN2625900CE,0.0949528265489423
16-01-2026 09:55||NIFTY27JAN2626000CE,0.0934236468037194
16-01-2026 09:55||NIFTY27JAN2626400CE,0.0940012637649591
16-01-2026 09:55||NIFTY27JAN2626500CE,0.0934047911883836
16-01-2026 10:00||NIFTY27JAN2624000PE,0.1859215088407736
16-01-2026 10:00||NIFTY27JAN2625400CE,0.1322717814373338
16-01-2026 10:00||NIFTY27JAN2625900CE,0.1041382453750548
16-01-2026 10:00||NIFTY27JAN2626000CE,0.1013379610803961
16-01-2026 10:00||NIFTY27JAN2626400CE,0.0988278959042393
16-01-2026 10:00||NIFTY27JAN2626500CE,0.0972218867345414
16-01-2026 10:05||NIFTY27JAN2624000PE,0.1864808297408365
16-01-2026 10:05||NIFTY27JAN2624100PE,0.1799340945742228
16-01-2026 10:05||NIFTY27JAN2624400PE,0.1583674629074707
16-01-2026 10:05||NIFTY27JAN2625100PE,0.1102122755083847
16-01-2026 10:05||NIFTY27JAN2625700CE,0.1092145187146728
16-01-2026 10:05||NIFTY27JAN2626400CE,0.0996637130835011
16-01-2026 10:05||NIFTY27JAN2626500CE,0.099697298707025
16-01-2026 10:10||NIFTY27JAN2623900PE,0.1962496618568259
16-01-2026 10:10||NIFTY27JAN2624800PE,0.1298300416524041
16-01-2026 10:10||NIFTY27JAN2625300CE,0.1411635018872144
16-01-2026 10:10||NIFTY27JAN2625600CE,0.1173213239090715
16-01-2026 10:10||NIFTY27JAN2626100CE,0.1006910024661214
16-01-2026 10:10||NIFTY27JAN2626400CE,0.1032660260769619
16-01-2026 10:15||NIFTY27JAN2623800PE,0.2070556808888723
16-01-2026 10:15||NIFTY27JAN2624400PE,0.1649459518571952
16-01-2026 10:15||NIFTY27JAN2624500PE,0.1569587033224352
16-01-2026 10:15||NIFTY27JAN2625300CE,0.1588985476262932
16-01-2026 10:20||NIFTY27JAN2623800PE,0.2109303092339345
16-01-2026 10:20||NIFTY27JAN2624300PE,0.1763021949305712
16-01-2026 10:20||NIFTY27JAN2624500PE,0.1617425327308277
16-01-2026 10:20||NIFTY27JAN2624800PE,0.1383481522441392
16-01-2026 10:20||NIFTY27JAN2625700CE,0.1182538846458015
16-01-2026 10:20||NIFTY27JAN2625900CE,0.11091086039072
16-01-2026 10:20||NIFTY27JAN2626400CE,0.1048301876958409
16-01-2026 10:25||NIFTY27JAN2624000PE,0.197991838493205
16-01-2026 10:25||NIFTY27JAN2624200PE,0.184320240409914
16-01-2026 10:25||NIFTY27JAN2624300PE,0.1773403095592103
16-01-2026 10:25||NIFTY27JAN2624600PE,0.1539912454499402
16-01-2026 10:25||NIFTY27JAN2625400CE,0.1385369181113048
16-01-2026 10:25||NIFTY27JAN2626000CE,0.1052748964998266
16-01-2026 10:30||NIFTY27JAN2624200PE,0.1842989214759453
16-01-2026 10:30||NIFTY27JAN2624400PE,0.1694471357208355
16-01-2026 10:30||NIFTY27JAN2624800PE,0.1404415569854826
16-01-2026 10:30||NIFTY27JAN2625500CE,0.1247782901192631
16-01-2026 10:35||NIFTY27JAN2624000PE,0.1986854294239932
16-01-2026 10:35||NIFTY27JAN2624200PE,0.1850580817334996
16-01-2026 10:35||NIFTY27JAN2624900PE,0.1350474340620328
16-01-2026 10:35||NIFTY27JAN2625100PE,0.1213109856081795
16-01-2026 10:35||NIFTY27JAN2625200CE,0.1499470297995801
16-01-2026 10:35||NIFTY27JAN2625600CE,0.1198096355351023
16-01-2026 10:35||NIFTY27JAN2626300CE,0.0995098217703091
16-01-2026 10:35||NIFTY27JAN2626400CE,0.1008090480465487
16-01-2026 10:40||NIFTY27JAN2623800PE,0.213104201041845
16-01-2026 10:40||NIFTY27JAN2624200PE,0.1858958236672172
16-01-2026 10:40||NIFTY27JAN2624700PE,0.1494477316886644
16-01-2026 10:40||NIFTY27JAN2624900PE,0.1358587224237924
16-01-2026 10:40||NIFTY27JAN2626200CE,0.0937707408198141
16-01-2026 10:45||NIFTY27JAN2623800PE,0.2121642747404143
16-01-2026 10:45||NIFTY27JAN2624000PE,0.1981729989822274
16-01-2026 10:45||NIFTY27JAN2624400PE,0.1701560895360057
16-01-2026 10:45||NIFTY27JAN2624600PE,0.1547936162966483
16-01-2026 10:45||NIFTY27JAN2624900PE,0.134540149128662
16-01-2026 10:45||NIFTY27JAN2625200CE,0.135180811909396
16-01-2026 10:50||NIFTY27JAN2624200PE,0.1831480970459392
16-01-2026 10:50||NIFTY27JAN2624300PE,0.1757489463166091
16-01-2026 10:50||NIFTY27JAN2624400PE,0.168378039534599
16-01-2026 10:50||NIFTY27JAN2624600PE,0.1538370066044382
16-01-2026 10:50||NIFTY27JAN2625400CE,0.1304578301456397
16-01-2026 10:50||NIFTY27JAN2626300CE,0.0975122188370626
16-01-2026 10:50||NIFTY27JAN2626400CE,0.0991774195522782
16-01-2026 10:55||NIFTY27JAN2623800PE,0.2113830939262605
16-01-2026 10:55||NIFTY27JAN2623900PE,0.2042817215078159
16-01-2026 10:55||NIFTY27JAN2624900PE,0.1333898511380169
16-01-2026 10:55||NIFTY27JAN2625400CE,0.1226596055520163
16-01-2026 10:55||NIFTY27JAN2625800CE,0.1032874679035539
16-01-2026 10:55||NIFTY27JAN2625900CE,0.1005437530043065
16-01-2026 10:55||NIFTY27JAN2626100CE,0.0964347581040834
16-01-2026 10:55||NIFTY27JAN2626500CE,0.0973921352076117
16-01-2026 11:00||NIFTY27JAN2624400PE,0.1679273243236689
16-01-2026 11:00||NIFTY27JAN2624900PE,0.1324483187442846
16-01-2026 11:00||NIFTY27JAN2625000PE,0.1256800614937294
16-01-2026 11:00||NIFTY27JAN2625300CE,0.1372152207878034
16-01-2026 11:00||NIFTY27JAN2626000CE,0.0989297014076533
16-01-2026 11:00||NIFTY27JAN2626100CE,0.0971138330321188
16-01-2026 11:05||NIFTY27JAN2624300PE,0.1745906590503119
16-01-2026 11:05||NIFTY27JAN2624400PE,0.1672776863529796
16-01-2026 11:05||NIFTY27JAN2625100PE,0.1187557884917858
16-01-2026 11:05||NIFTY27JAN2626100CE,0.1001459765373884
16-01-2026 11:10||NIFTY27JAN2624000PE,0.1943107247180047
16-01-2026 11:10||NIFTY27JAN2625800CE,0.1020233453366442
16-01-2026 11:10||NIFTY27JAN2626000CE,0.0970827009090408
16-01-2026 11:15||NIFTY27JAN2623900PE,0.2008694967743634
16-01-2026 11:15||NIFTY27JAN2624600PE,0.1507683087243304
16-01-2026 11:15||NIFTY27JAN2625800CE,0.1016061774525354
16-01-2026 11:15||NIFTY27JAN2626200CE,0.0946760550707046
16-01-2026 11:20||NIFTY27JAN2623800PE,0.205476857944724
16-01-2026 11:20||NIFTY27JAN2624000PE,0.191598622980982
16-01-2026 11:20||NIFTY27JAN2624100PE,0.1847241827060244
16-01-2026 11:20||NIFTY27JAN2624900PE,0.1306770688947423
16-01-2026 11:20||NIFTY27JAN2625900CE,0.0999092373494339
16-01-2026 11:20||NIFTY27JAN2626000CE,0.0975858008783134
16-01-2026 11:20||NIFTY27JAN2626200CE,0.0957472297888173
16-01-2026 11:25||NIFTY27JAN2624200PE,0.1779677028801158
16-01-2026 11:25||NIFTY27JAN2624800PE,0.1361255299883003
16-01-2026 11:25||NIFTY27JAN2625000PE,0.1236938013487755
16-01-2026 11:25||NIFTY27JAN2626300CE,0.0981185405798513
16-01-2026 11:30||NIFTY27JAN2624300PE,0.1715589094015006
16-01-2026 11:30||NIFTY27JAN2625600CE,0.1051093939102771
16-01-2026 11:30||NIFTY27JAN2626500CE,0.098301764683418
16-01-2026 11:35||NIFTY27JAN2624500PE,0.156124794158689
16-01-2026 11:35||NIFTY27JAN2624800PE,0.1359653967687709
16-01-2026 11:35||NIFTY27JAN2625300CE,0.1196215023745551
16-01-2026 11:35||NIFTY27JAN2625500CE,0.1103182084863177
16-01-2026 11:35||NIFTY27JAN2626200CE,0.0957167326926538
16-01-2026 11:40||NIFTY27JAN2624400PE,0.1628674626485662
16-01-2026 11:40||NIFTY27JAN2624500PE,0.1557246795204082
16-01-2026 11:40||NIFTY27JAN2625500CE,0.1115948041858198
16-01-2026 11:40||NIFTY27JAN2626100CE,0.0960513821863755
16-01-2026 11:45||NIFTY27JAN2624300PE,0.1694318247040863
16-01-2026 11:45||NIFTY27JAN2625000PE,0.1216490892883719
16-01-2026 11:45||NIFTY27JAN2625400CE,0.1235680759989767
16-01-2026 11:50||NIFTY27JAN2623900PE,0.1982076976439886
16-01-2026 11:50||NIFTY27JAN2624300PE,0.1691833819417833
16-01-2026 11:50||NIFTY27JAN2625500CE,0.1175758322203951
16-01-2026 11:55||NIFTY27JAN2624000PE,0.1906453041526635
16-01-2026 11:55||NIFTY27JAN2624500PE,0.1557489425313382
16-01-2026 11:55||NIFTY27JAN2624800PE,0.1351987599035259
16-01-2026 11:55||NIFTY27JAN2625000PE,0.1227678411467176
16-01-2026 11:55||NIFTY27JAN2625100PE,0.1165406410778367
16-01-2026 11:55||NIFTY27JAN2626200CE,0.0940734649611437
16-01-2026 12:00||NIFTY27JAN2623900PE,0.1949593911573194
16-01-2026 12:00||NIFTY27JAN2624000PE,0.187967283200115
16-01-2026 12:00||NIFTY27JAN2624200PE,0.1739982613543838
16-01-2026 12:00||NIFTY27JAN2624400PE,0.1596673814081335
16-01-2026 12:00||NIFTY27JAN2624800PE,0.1323987971428072
16-01-2026 12:00||NIFTY27JAN2624900PE,0.126303729615985
16-01-2026 12:00||NIFTY27JAN2625200CE,0.1531845743476288
16-01-2026 12:00||NIFTY27JAN2626200CE,0.10087601846672
16-01-2026 12:05||NIFTY27JAN2623800PE,0.2034374341878713
16-01-2026 12:05||NIFTY27JAN2624200PE,0.1744496532236132
16-01-2026 12:05||NIFTY27JAN2624500PE,0.1531841353035164
16-01-2026 12:05||NIFTY27JAN2624800PE,0.1326875708136652
16-01-2026 12:05||NIFTY27JAN2625000PE,0.1197505192365318
16-01-2026 12:05||NIFTY27JAN2625200CE,0.148745980213622
16-01-2026 12:05||NIFTY27JAN2625900CE,0.11156387695046
16-01-2026 12:10||NIFTY27JAN2624800PE,0.1339431324924674
16-01-2026 12:10||NIFTY27JAN2625100PE,0.1163621158273211
16-01-2026 12:10||NIFTY27JAN2625300CE,0.1474104567744683
16-01-2026 12:10||NIFTY27JAN2625800CE,0.1126028926460046
16-01-2026 12:10||NIFTY27JAN2626000CE,0.1051419565922154
16-01-2026 12:10||NIFTY27JAN2626100CE,0.1027389178631834
16-01-2026 12:15||NIFTY27JAN2624000PE,0.1915824575197355
16-01-2026 12:15||NIFTY27JAN2624600PE,0.147607578616527
16-01-2026 12:15||NIFTY27JAN2624800PE,0.1349934834941301
16-01-2026 12:15||NIFTY27JAN2624900PE,0.1288780315251827
16-01-2026 12:15||NIFTY27JAN2625000PE,0.1228787161695359
16-01-2026 12:15||NIFTY27JAN2625800CE,0.1045756916503212
16-01-2026 12:15||NIFTY27JAN2626000CE,0.0992427207080485
16-01-2026 12:20||NIFTY27JAN2623900PE,0.1984404426680763
16-01-2026 12:20||NIFTY27JAN2624300PE,0.1685571215278417
16-01-2026 12:20||NIFTY27JAN2624500PE,0.1542435296698921
16-01-2026 12:20||NIFTY27JAN2624900PE,0.1288218682095674
16-01-2026 12:20||NIFTY27JAN2625400CE,0.1256515410543361
16-01-2026 12:20||NIFTY27JAN2625600CE,0.1145954040759514
16-01-2026 12:20||NIFTY27JAN2625700CE,0.1099236670036124
16-01-2026 12:25||NIFTY27JAN2623800PE,0.2035750443668973
16-01-2026 12:25||NIFTY27JAN2624500PE,0.1553971038860997
16-01-2026 12:25||NIFTY27JAN2624700PE,0.1426492381035916
16-01-2026 12:25||NIFTY27JAN2624800PE,0.1370602282780184
16-01-2026 12:25||NIFTY27JAN2625000PE,0.1262086582782408
16-01-2026 12:25||NIFTY27JAN2625100PE,0.1206296772615874
16-01-2026 12:25||NIFTY27JAN2626400CE,0.0944852725266083
16-01-2026 12:30||NIFTY27JAN2623800PE,0.1990234932316724
16-01-2026 12:30||NIFTY27JAN2624400PE,0.1534306057920894
16-01-2026 12:30||NIFTY27JAN2624600PE,0.1397352864785028
16-01-2026 12:35||NIFTY27JAN2623800PE,0.2018228704714366
16-01-2026 12:35||NIFTY27JAN2623900PE,0.1939900828130351
16-01-2026 12:35||NIFTY27JAN2624800PE,0.1301364229415496
16-01-2026 12:35||NIFTY27JAN2625600CE,0.1104299631438232
16-01-2026 12:35||NIFTY27JAN2625700CE,0.1065831871672307
16-01-2026 12:35||NIFTY27JAN2625800CE,0.1030993918902484
16-01-2026 12:35||NIFTY27JAN2625900CE,0.100242035199342
16-01-2026 12:35||NIFTY27JAN2626000CE,0.0982684537165241
16-01-2026 12:35||NIFTY27JAN2626200CE,0.0978018023636632
16-01-2026 12:40||NIFTY27JAN2623800PE,0.201641091595232
16-01-2026 12:40||NIFTY27JAN2625200CE,0.1204402970565676
16-01-2026 12:40||NIFTY27JAN2625900CE,0.0990409303806544
16-01-2026 12:45||NIFTY27JAN2624000PE,0.1839762713607856
16-01-2026 12:45||NIFTY27JAN2624800PE,0.1300489347065354
16-01-2026 12:45||NIFTY27JAN2625700CE,0.1033421826151549
16-01-2026 12:45||NIFTY27JAN2625900CE,0.1002098568094233
16-01-2026 12:45||NIFTY27JAN2626000CE,0.0987628933444958
16-01-2026 12:45||NIFTY27JAN2626300CE,0.0991330495782309
16-01-2026 12:50||NIFTY27JAN2624300PE,0.1618497343928471
16-01-2026 12:50||NIFTY27JAN2626000CE,0.1031568451747715
16-01-2026 12:50||NIFTY27JAN2626200CE,0.101515891634526
16-01-2026 12:55||NIFTY27JAN2623900PE,0.192639113730168
16-01-2026 12:55||NIFTY27JAN2624700PE,0.1368097957166331
16-01-2026 12:55||NIFTY27JAN2624900PE,0.1255435193638454
16-01-2026 12:55||NIFTY27JAN2625500CE,0.1040656259394782
16-01-2026 12:55||NIFTY27JAN2625800CE,0.0984571184381089
16-01-2026 13:00||NIFTY27JAN2623800PE,0.1984877750209445
16-01-2026 13:00||NIFTY27JAN2624700PE,0.1349249021419969
16-01-2026 13:00||NIFTY27JAN2624800PE,0.1288677853276028
16-01-2026 13:00||NIFTY27JAN2625400CE,0.1107339574035544
16-01-2026 13:00||NIFTY27JAN2625900CE,0.0983209894146509
16-01-2026 13:00||NIFTY27JAN2626000CE,0.0974935312003558
16-01-2026 13:05||NIFTY27JAN2624100PE,0.1747888945972243
16-01-2026 13:05||NIFTY27JAN2625000PE,0.1149970849169366
16-01-2026 13:05||NIFTY27JAN2625300CE,0.1279544130591041
16-01-2026 13:10||NIFTY27JAN2625200CE,0.130728158489306
16-01-2026 13:15||NIFTY27JAN2623800PE,0.1958786316311286
16-01-2026 13:15||NIFTY27JAN2624100PE,0.173173424698482
16-01-2026 13:15||NIFTY27JAN2624600PE,0.1376088439548183
16-01-2026 13:15||NIFTY27JAN2624700PE,0.1313955811883892
16-01-2026 13:15||NIFTY27JAN2625800CE,0.1013999793167932
16-01-2026 13:15||NIFTY27JAN2626100CE,0.0993169561957392
16-01-2026 13:15||NIFTY27JAN2626200CE,0.100195992139096
16-01-2026 13:20||NIFTY27JAN2624300PE,0.1573003747929896
16-01-2026 13:20||NIFTY27JAN2624700PE,0.1312571268192864
16-01-2026 13:20||NIFTY27JAN2625100PE,0.1115166467508897
16-01-2026 13:20||NIFTY27JAN2625600CE,0.1050094469864238
16-01-2026 13:20||NIFTY27JAN2626100CE,0.0985871763732342
16-01-2026 13:25||NIFTY27JAN2623900PE,0.1843814762144526
16-01-2026 13:25||NIFTY27JAN2624300PE,0.1543734651627664
16-01-2026 13:25||NIFTY27JAN2624400PE,0.1475741947876223
16-01-2026 13:25||NIFTY27JAN2625200CE,0.1390326886048794
16-01-2026 13:25||NIFTY27JAN2625300CE,0.1337509265988268
16-01-2026 13:25||NIFTY27JAN2625500CE,0.1229937942517628
16-01-2026 13:25||NIFTY27JAN2625800CE,0.1101856157993826
16-01-2026 13:25||NIFTY27JAN2626400CE,0.1063000330903406
16-01-2026 13:25||NIFTY27JAN2626500CE,0.1065092721028299
16-01-2026 13:30||NIFTY27JAN2624000PE,0.1781146043844939
16-01-2026 13:30||NIFTY27JAN2624200PE,0.1634805533295933
16-01-2026 13:30||NIFTY27JAN2624400PE,0.149935731819247
16-01-2026 13:30||NIFTY27JAN2624900PE,0.1209258419470188
16-01-2026 13:30||NIFTY27JAN2625000PE,0.1159118899921614
16-01-2026 13:30||NIFTY27JAN2625200CE,0.1255954851889152
16-01-2026 13:35||NIFTY27JAN2624400PE,0.148675102657651
16-01-2026 13:35||NIFTY27JAN2624500PE,0.1416423382449082
16-01-2026 13:35||NIFTY27JAN2624900PE,0.1191264008589464
16-01-2026 13:35||NIFTY27JAN2625500CE,0.1181248483557808
16-01-2026 13:35||NIFTY27JAN2626100CE,0.1019620643324542
16-01-2026 13:35||NIFTY27JAN2626400CE,0.1076437586927789
16-01-2026 13:40||NIFTY27JAN2623900PE,0.1866105289956517
16-01-2026 13:40||NIFTY27JAN2624500PE,0.143787504220949
16-01-2026 13:40||NIFTY27JAN2624700PE,0.131782470520036
16-01-2026 13:40||NIFTY27JAN2625200CE,0.1265755838470944
16-01-2026 13:40||NIFTY27JAN2625300CE,0.1201551282701711
16-01-2026 13:40||NIFTY27JAN2625900CE,0.0998914895077053
16-01-2026 13:40||NIFTY27JAN2626000CE,0.0987190602319859
16-01-2026 13:40||NIFTY27JAN2626200CE,0.1001155043826155
16-01-2026 13:40||NIFTY27JAN2626500CE,0.1053859884535808
16-01-2026 13:45||NIFTY27JAN2623900PE,0.1864854521356082
16-01-2026 13:45||NIFTY27JAN2624100PE,0.1702668577969943
16-01-2026 13:45||NIFTY27JAN2624500PE,0.1430539277812538
16-01-2026 13:50||NIFTY27JAN2624700PE,0.1340456688936528
16-01-2026 13:50||NIFTY27JAN2625900CE,0.0950474449123911
16-01-2026 13:50||NIFTY27JAN2626000CE,0.0949928397570238
16-01-2026 13:55||NIFTY27JAN2623900PE,0.1869243598372642
16-01-2026 13:55||NIFTY27JAN2624200PE,0.1632260243894011
16-01-2026 13:55||NIFTY27JAN2624300PE,0.1566562768662009
16-01-2026 13:55||NIFTY27JAN2625000PE,0.1154019455046278
16-01-2026 13:55||NIFTY27JAN2625700CE,0.1031098149924989
16-01-2026 13:55||NIFTY27JAN2626100CE,0.0998172768722308
16-01-2026 14:00||NIFTY27JAN2624500PE,0.1429015955908532
16-01-2026 14:00||NIFTY27JAN2624900PE,0.1202700805372035
16-01-2026 14:00||NIFTY27JAN2625000PE,0.1153200806447311
16-01-2026 14:00||NIFTY27JAN2625100PE,0.1103898412834614
16-01-2026 14:00||NIFTY27JAN2626000CE,0.0987049188337754
16-01-2026 14:05||NIFTY27JAN2624100PE,0.171765142811187
16-01-2026 14:05||NIFTY27JAN2625500CE,0.1029882146374623
16-01-2026 14:05||NIFTY27JAN2625800CE,0.0977762365269311
16-01-2026 14:05||NIFTY27JAN2626100CE,0.0978567875652136
16-01-2026 14:10||NIFTY27JAN2624500PE,0.1441889253537191
16-01-2026 14:10||NIFTY27JAN2625100PE,0.1111877245980696
16-01-2026 14:10||NIFTY27JAN2625500CE,0.1092914614193388
16-01-2026 14:10||NIFTY27JAN2626400CE,0.1045378534834562
16-01-2026 14:10||NIFTY27JAN2626500CE,0.1058407623294642
16-01-2026 14:15||NIFTY27JAN2624300PE,0.1569425885491538
16-01-2026 14:15||NIFTY27JAN2624600PE,0.1359945608835561
16-01-2026 14:15||NIFTY27JAN2624900PE,0.1196174726347129
16-01-2026 14:15||NIFTY27JAN2625500CE,0.1123111910099146
16-01-2026 14:20||NIFTY27JAN2624200PE,0.1643925384242595
16-01-2026 14:20||NIFTY27JAN2624800PE,0.1248380862665981
16-01-2026 14:20||NIFTY27JAN2625100PE,0.1108674850764741
16-01-2026 14:20||NIFTY27JAN2626000CE,0.099579391009299
16-01-2026 14:20||NIFTY27JAN2626300CE,0.1029367008071057
16-01-2026 14:25||NIFTY27JAN2623900PE,0.1902492343973343
16-01-2026 14:25||NIFTY27JAN2624900PE,0.1227393202518585
16-01-2026 14:25||NIFTY27JAN2625100PE,0.1120119975362102
16-01-2026 14:25||NIFTY27JAN2625500CE,0.0997915765561294
16-01-2026 14:25||NIFTY27JAN2626500CE,0.1063717958704289
16-01-2026 14:30||NIFTY27JAN2623800PE,0.1943435230910916
16-01-2026 14:30||NIFTY27JAN2624300PE,0.1573692000629034
16-01-2026 14:30||NIFTY27JAN2626300CE,0.1033280861096845
16-01-2026 14:35||NIFTY27JAN2623800PE,0.19666050320342
16-01-2026 14:35||NIFTY27JAN2624800PE,0.1263563033417731
16-01-2026 14:35||NIFTY27JAN2624900PE,0.1209418229206156
16-01-2026 14:35||NIFTY27JAN2625000PE,0.1159762032705426
16-01-2026 14:35||NIFTY27JAN2625300CE,0.1060969315164981
16-01-2026 14:35||NIFTY27JAN2625900CE,0.0961496153040113
16-01-2026 14:35||NIFTY27JAN2626100CE,0.09659186682195
16-01-2026 14:35||NIFTY27JAN2626200CE,0.0980846770469881
16-01-2026 14:35||NIFTY27JAN2626300CE,0.1002742369628194
16-01-2026 14:35||NIFTY27JAN2626500CE,0.1036454991563199
16-01-2026 14:40||NIFTY27JAN2624200PE,0.1649019842706057
16-01-2026 14:40||NIFTY27JAN2624600PE,0.1375244267634603
16-01-2026 14:40||NIFTY27JAN2624900PE,0.1207907445111146
16-01-2026 14:40||NIFTY27JAN2625800CE,0.1001664095991976
16-01-2026 14:40||NIFTY27JAN2626500CE,0.1062565379464748
16-01-2026 14:45||NIFTY27JAN2623900PE,0.187206663537178
16-01-2026 14:45||NIFTY27JAN2624000PE,0.1791074183670633
16-01-2026 14:45||NIFTY27JAN2624100PE,0.171467628029805
16-01-2026 14:45||NIFTY27JAN2625000PE,0.1159135584789186
16-01-2026 14:45||NIFTY27JAN2625300CE,0.1108621114081849
16-01-2026 14:45||NIFTY27JAN2625600CE,0.1013666010039654
16-01-2026 14:45||NIFTY27JAN2626300CE,0.1003046080632191
16-01-2026 14:45||NIFTY27JAN2626400CE,0.1036717881606005
16-01-2026 14:50||NIFTY27JAN2623900PE,0.1873590388284102
16-01-2026 14:50||NIFTY27JAN2624100PE,0.1724265221354611
16-01-2026 14:50||NIFTY27JAN2624200PE,0.1650012074422113
16-01-2026 14:50||NIFTY27JAN2624300PE,0.1576153592655689
16-01-2026 14:50||NIFTY27JAN2624700PE,0.1313253451498768
16-01-2026 14:50||NIFTY27JAN2625100PE,0.1113678842791333
16-01-2026 14:55||NIFTY27JAN2624200PE,0.1633451182602225
16-01-2026 14:55||NIFTY27JAN2624900PE,0.1209037713369843
16-01-2026 14:55||NIFTY27JAN2625200CE,0.1222181743201262
16-01-2026 14:55||NIFTY27JAN2625300CE,0.1181260158205487
16-01-2026 14:55||NIFTY27JAN2625600CE,0.1065111510861681
16-01-2026 14:55||NIFTY27JAN2625700CE,0.1033863006393289
16-01-2026 14:55||NIFTY27JAN2625800CE,0.1006510152182483
16-01-2026 15:00||NIFTY27JAN2624000PE,0.1796271136607028
16-01-2026 15:00||NIFTY27JAN2624800PE,0.1273561086379101
16-01-2026 15:00||NIFTY27JAN2624900PE,0.1224065091233707
16-01-2026 15:00||NIFTY27JAN2625500CE,0.1013558689226982
16-01-2026 15:05||NIFTY27JAN2623900PE,0.187044887141545
16-01-2026 15:05||NIFTY27JAN2624100PE,0.1719702279121
16-01-2026 15:05||NIFTY27JAN2624200PE,0.1639708964007875
16-01-2026 15:05||NIFTY27JAN2624600PE,0.1370199621818519
16-01-2026 15:05||NIFTY27JAN2624900PE,0.1216731336332312
16-01-2026 15:05||NIFTY27JAN2626200CE,0.0976123196337311
16-01-2026 15:10||NIFTY27JAN2623900PE,0.1865972692505491
16-01-2026 15:10||NIFTY27JAN2624700PE,0.1315781355967587
16-01-2026 15:10||NIFTY27JAN2624800PE,0.1262616125031714
16-01-2026 15:10||NIFTY27JAN2625100PE,0.1116589222060474
16-01-2026 15:10||NIFTY27JAN2625600CE,0.1007497202116397
16-01-2026 15:15||NIFTY27JAN2623800PE,0.1944226162507588
16-01-2026 15:15||NIFTY27JAN2624200PE,0.1624612415572274
16-01-2026 15:15||NIFTY27JAN2624400PE,0.1491658779451361
16-01-2026 15:15||NIFTY27JAN2624500PE,0.1428280680752801
16-01-2026 15:15||NIFTY27JAN2624700PE,0.1312151540521148
16-01-2026 15:15||NIFTY27JAN2624800PE,0.1257125832833869
16-01-2026 15:15||NIFTY27JAN2625000PE,0.1151179913964358
16-01-2026 15:15||NIFTY27JAN2625300CE,0.1193178360122932
16-01-2026 15:15||NIFTY27JAN2625500CE,0.1100651528678129
16-01-2026 15:15||NIFTY27JAN2626000CE,0.0984825700482046
16-01-2026 15:15||NIFTY27JAN2626100CE,0.098641092826334
16-01-2026 15:15||NIFTY27JAN2626300CE,0.101639311651555
16-01-2026 15:20||NIFTY27JAN2623900PE,0.186541956296718
16-01-2026 15:20||NIFTY27JAN2624000PE,0.1785350855047754
16-01-2026 15:20||NIFTY27JAN2624200PE,0.163775493145858
16-01-2026 15:20||NIFTY27JAN2624400PE,0.1501960886906485
16-01-2026 15:20||NIFTY27JAN2624600PE,0.1372145546222618
16-01-2026 15:20||NIFTY27JAN2624800PE,0.1254421919716126
16-01-2026 15:20||NIFTY27JAN2625500CE,0.1084833100518029
16-01-2026 15:20||NIFTY27JAN2625900CE,0.0989706753053811
16-01-2026 15:20||NIFTY27JAN2626100CE,0.0980722007378755
16-01-2026 15:20||NIFTY27JAN2626400CE,0.1023298718850095
16-01-2026 15:20||NIFTY27JAN2626500CE,0.1025987234579995
16-01-2026 15:25||NIFTY27JAN2626400CE,0.1019287747754987
16-01-2026 15:25||NIFTY27JAN2626500CE,0.1036410513321773
19-01-2026 09:15||NIFTY27JAN2624700PE,0.1359348325349327
19-01-2026 09:15||NIFTY27JAN2624900PE,0.1241956399603861
19-01-2026 09:15||NIFTY27JAN2625400CE,0.129740826744103
19-01-2026 09:15||NIFTY27JAN2625500CE,0.1251039072012927
19-01-2026 09:15||NIFTY27JAN2625900CE,0.1181034061007532
19-01-2026 09:15||NIFTY27JAN2626300CE,0.1268107967489111
19-01-2026 09:15||NIFTY27JAN2626400CE,0.1314322971289163
19-01-2026 09:20||NIFTY27JAN2624600PE,0.1466546820858683
19-01-2026 09:20||NIFTY27JAN2625700CE,0.0992186955503065
19-01-2026 09:20||NIFTY27JAN2626100CE,0.1093024640271904
19-01-2026 09:20||NIFTY27JAN2626400CE,0.1223912010542418
19-01-2026 09:25||NIFTY27JAN2624500PE,0.1522720722515324
19-01-2026 09:25||NIFTY27JAN2625500CE,0.1030344125055856
19-01-2026 09:25||NIFTY27JAN2625600CE,0.1033575007923698
19-01-2026 09:25||NIFTY27JAN2625700CE,0.103680154616166
19-01-2026 09:25||NIFTY27JAN2626100CE,0.1119588889340754
19-01-2026 09:25||NIFTY27JAN2626200CE,0.1158653246982261
19-01-2026 09:25||NIFTY27JAN2626400CE,0.1255211278940578
19-01-2026 09:30||NIFTY27JAN2623800PE,0.2072757782090714
19-01-2026 09:30||NIFTY27JAN2624000PE,0.1910943045709038
19-01-2026 09:30||NIFTY27JAN2624200PE,0.1750722748943387
19-01-2026 09:30||NIFTY27JAN2624300PE,0.1669007267072801
19-01-2026 09:30||NIFTY27JAN2624400PE,0.1586615949862029
19-01-2026 09:30||NIFTY27JAN2624800PE,0.1277108360241768
19-01-2026 09:30||NIFTY27JAN2625400CE,0.1291046760569144
19-01-2026 09:30||NIFTY27JAN2625800CE,0.1149761699463922
19-01-2026 09:30||NIFTY27JAN2626500CE,0.1361430660007428
19-01-2026 09:35||NIFTY27JAN2624500PE,0.1555435012127142
19-01-2026 09:35||NIFTY27JAN2624800PE,0.1336603808782594
19-01-2026 09:35||NIFTY27JAN2625500CE,0.0999751442601016
19-01-2026 09:35||NIFTY27JAN2625600CE,0.1005736388943703
19-01-2026 09:35||NIFTY27JAN2626200CE,0.1135540129833811
19-01-2026 09:40||NIFTY27JAN2624100PE,0.1843725063987265
19-01-2026 09:40||NIFTY27JAN2624200PE,0.1757381083831926
19-01-2026 09:40||NIFTY27JAN2624400PE,0.1588249539715782
19-01-2026 09:40||NIFTY27JAN2624500PE,0.1505257844359807
19-01-2026 09:40||NIFTY27JAN2624600PE,0.1424546493936038
19-01-2026 09:40||NIFTY27JAN2624900PE,0.1237755017959438
19-01-2026 09:40||NIFTY27JAN2625700CE,0.1094645093791467
19-01-2026 09:40||NIFTY27JAN2626200CE,0.118092044357664
19-01-2026 09:40||NIFTY27JAN2626300CE,0.1227622448472672
19-01-2026 09:40||NIFTY27JAN2626500CE,0.1318030629841099
19-01-2026 09:45||NIFTY27JAN2623900PE,0.2005331190841722
19-01-2026 09:45||NIFTY27JAN2624000PE,0.1922770334705439
19-01-2026 09:45||NIFTY27JAN2626200CE,0.1164543564869837
19-01-2026 09:50||NIFTY27JAN2623900PE,0.2017182076168122
19-01-2026 09:50||NIFTY27JAN2624700PE,0.1369016454072606
19-01-2026 09:50||NIFTY27JAN2624800PE,0.1308153378072085
19-01-2026 09:50||NIFTY27JAN2625300CE,0.1006570907171901
19-01-2026 09:50||NIFTY27JAN2625900CE,0.1051472484456533
19-01-2026 09:50||NIFTY27JAN2626200CE,0.1149643738592679
19-01-2026 09:55||NIFTY27JAN2624700PE,0.1375372794734362
19-01-2026 09:55||NIFTY27JAN2625400CE,0.101245209660613
19-01-2026 09:55||NIFTY27JAN2625700CE,0.1027154860317656
19-01-2026 09:55||NIFTY27JAN2626400CE,0.1266960969352912
19-01-2026 10:00||NIFTY27JAN2624400PE,0.1577545744244721
19-01-2026 10:00||NIFTY27JAN2625000PE,0.1192312574149451
19-01-2026 10:00||NIFTY27JAN2625700CE,0.1053419251716088
19-01-2026 10:00||NIFTY27JAN2625900CE,0.1082279583582382
19-01-2026 10:05||NIFTY27JAN2624500PE,0.1480160476656257
19-01-2026 10:05||NIFTY27JAN2624800PE,0.1267116753617803
19-01-2026 10:05||NIFTY27JAN2625200CE,0.1257265148945719
19-01-2026 10:05||NIFTY27JAN2625500CE,0.1143813644208171
19-01-2026 10:05||NIFTY27JAN2626100CE,0.1182134107078496
19-01-2026 10:05||NIFTY27JAN2626200CE,0.1220725158568619
19-01-2026 10:10||NIFTY27JAN2623800PE,0.20882580997807
19-01-2026 10:10||NIFTY27JAN2624200PE,0.1744602032785292
19-01-2026 10:10||NIFTY27JAN2624400PE,0.157990877583691
19-01-2026 10:10||NIFTY27JAN2625100PE,0.1161563673090281
19-01-2026 10:15||NIFTY27JAN2624200PE,0.1744465136356622
19-01-2026 10:15||NIFTY27JAN2624400PE,0.1576461853151099
19-01-2026 10:15||NIFTY27JAN2624700PE,0.1345802532061717
19-01-2026 10:15||NIFTY27JAN2624800PE,0.1288079056350992
19-01-2026 10:15||NIFTY27JAN2625100PE,0.115666008026635
19-01-2026 10:15||NIFTY27JAN2625500CE,0.1091460702244492
19-01-2026 10:15||NIFTY27JAN2625700CE,0.1077547663693475
19-01-2026 10:15||NIFTY27JAN2626200CE,0.119535346198545
19-01-2026 10:15||NIFTY27JAN2626500CE,0.1348721712683732
19-01-2026 10:20||NIFTY27JAN2623900PE,0.2012179048866982
19-01-2026 10:20||NIFTY27JAN2624100PE,0.1850452688699508
19-01-2026 10:20||NIFTY27JAN2625500CE,0.1074006474138351
19-01-2026 10:20||NIFTY27JAN2626300CE,0.1230730998583926
19-01-2026 10:25||NIFTY27JAN2625400CE,0.1023808269980229
19-01-2026 10:25||NIFTY27JAN2626100CE,0.1144454010182575
19-01-2026 10:25||NIFTY27JAN2626400CE,0.127728401255603
19-01-2026 10:25||NIFTY27JAN2626500CE,0.1319208916934353
19-01-2026 10:30||NIFTY27JAN2623800PE,0.2084251842735316
19-01-2026 10:30||NIFTY27JAN2623900PE,0.1998396682515455
19-01-2026 10:30||NIFTY27JAN2624600PE,0.1428095907317435
19-01-2026 10:30||NIFTY27JAN2624700PE,0.1370369849646711
19-01-2026 10:30||NIFTY27JAN2624800PE,0.1317146525930015
19-01-2026 10:30||NIFTY27JAN2624900PE,0.1266009533683657
19-01-2026 10:30||NIFTY27JAN2626200CE,0.1202001317984597
19-01-2026 10:35||NIFTY27JAN2623800PE,0.2062717923808173
19-01-2026 10:35||NIFTY27JAN2624700PE,0.136225154217382
19-01-2026 10:35||NIFTY27JAN2624800PE,0.1310687723133032
19-01-2026 10:35||NIFTY27JAN2625000PE,0.1219561528488809
19-01-2026 10:35||NIFTY27JAN2625200CE,0.1092632079291614
19-01-2026 10:35||NIFTY27JAN2626300CE,0.1251529656796939
19-01-2026 10:40||NIFTY27JAN2623800PE,0.2064309011802498
19-01-2026 10:40||NIFTY27JAN2623900PE,0.1979553100927472
19-01-2026 10:40||NIFTY27JAN2624000PE,0.1895151077975867
19-01-2026 10:40||NIFTY27JAN2624700PE,0.1346672149897478
19-01-2026 10:40||NIFTY27JAN2625400CE,0.1175774967435953
19-01-2026 10:40||NIFTY27JAN2625700CE,0.1120453510026901
19-01-2026 10:45||NIFTY27JAN2624000PE,0.1917549412423806
19-01-2026 10:45||NIFTY27JAN2624700PE,0.1376073717832149
19-01-2026 10:45||NIFTY27JAN2625600CE,0.107062567895367
19-01-2026 10:45||NIFTY27JAN2626200CE,0.1190069412862976
19-01-2026 10:50||NIFTY27JAN2625100PE,0.1156073653156763
19-01-2026 10:50||NIFTY27JAN2625200CE,0.1225352871685965
19-01-2026 10:50||NIFTY27JAN2626200CE,0.1205970800032305
19-01-2026 10:55||NIFTY27JAN2624100PE,0.1834833800977879
19-01-2026 10:55||NIFTY27JAN2624200PE,0.1746483268952589
19-01-2026 10:55||NIFTY27JAN2624500PE,0.1491977676060824
19-01-2026 10:55||NIFTY27JAN2625400CE,0.1218411248711393
19-01-2026 10:55||NIFTY27JAN2625500CE,0.1178642755594157
19-01-2026 10:55||NIFTY27JAN2625900CE,0.1115838145382559
19-01-2026 10:55||NIFTY27JAN2626000CE,0.1135037591399439
19-01-2026 11:00||NIFTY27JAN2623900PE,0.2029918283749758
19-01-2026 11:00||NIFTY27JAN2624400PE,0.1599722041672225
19-01-2026 11:00||NIFTY27JAN2625400CE,0.1165500326554851
19-01-2026 11:00||NIFTY27JAN2625600CE,0.1111556313033587
19-01-2026 11:00||NIFTY27JAN2625700CE,0.109192172001637
19-01-2026 11:00||NIFTY27JAN2625800CE,0.1083735832613189
19-01-2026 11:00||NIFTY27JAN2626300CE,0.1230399332046853
19-01-2026 11:00||NIFTY27JAN2626500CE,0.1320997907827911
19-01-2026 11:05||NIFTY27JAN2623800PE,0.2114137800911047
19-01-2026 11:05||NIFTY27JAN2623900PE,0.2032698881339242
19-01-2026 11:05||NIFTY27JAN2624200PE,0.1785285806483403
19-01-2026 11:05||NIFTY27JAN2624500PE,0.1549145090065947
19-01-2026 11:05||NIFTY27JAN2625000PE,0.1251816868443549
19-01-2026 11:05||NIFTY27JAN2625600CE,0.1020742353770793
19-01-2026 11:05||NIFTY27JAN2626100CE,0.1103924090236931
19-01-2026 11:10||NIFTY27JAN2624300PE,0.168461407857638
19-01-2026 11:10||NIFTY27JAN2625800CE,0.1047386376478998
19-01-2026 11:15||NIFTY27JAN2624400PE,0.1600456521388837
19-01-2026 11:15||NIFTY27JAN2624500PE,0.1527916906262806
19-01-2026 11:15||NIFTY27JAN2624600PE,0.1459492172546892
19-01-2026 11:15||NIFTY27JAN2624700PE,0.1394607117959259
19-01-2026 11:15||NIFTY27JAN2624900PE,0.1277819742712298
19-01-2026 11:15||NIFTY27JAN2625100PE,0.1183299003194176
19-01-2026 11:20||NIFTY27JAN2623800PE,0.2063013067702271
19-01-2026 11:20||NIFTY27JAN2624200PE,0.174050355986923
19-01-2026 11:20||NIFTY27JAN2624300PE,0.1660076929475515
19-01-2026 11:20||NIFTY27JAN2624500PE,0.1499507735826984
19-01-2026 11:20||NIFTY27JAN2624900PE,0.1251294327162153
19-01-2026 11:20||NIFTY27JAN2625400CE,0.1152743932031832
19-01-2026 11:20||NIFTY27JAN2625500CE,0.1126288957498781
19-01-2026 11:20||NIFTY27JAN2625600CE,0.1106943648918933
19-01-2026 11:20||NIFTY27JAN2625700CE,0.1094813298864293
19-01-2026 11:20||NIFTY27JAN2626200CE,0.1198779392618282
19-01-2026 11:20||NIFTY27JAN2626300CE,0.1250159930612412
19-01-2026 11:20||NIFTY27JAN2626500CE,0.1350431967507183
19-01-2026 11:25||NIFTY27JAN2624900PE,0.125582094881173
19-01-2026 11:25||NIFTY27JAN2625300CE,0.1184769263523716
19-01-2026 11:25||NIFTY27JAN2625400CE,0.1155504781745229
19-01-2026 11:30||NIFTY27JAN2624100PE,0.1838953821197108
19-01-2026 11:30||NIFTY27JAN2624600PE,0.1429913839616194
19-01-2026 11:30||NIFTY27JAN2624900PE,0.125685010629788
19-01-2026 11:30||NIFTY27JAN2625000PE,0.1204532173949018
19-01-2026 11:30||NIFTY27JAN2625500CE,0.1120291251107279
19-01-2026 11:30||NIFTY27JAN2625700CE,0.1089752022815425
19-01-2026 11:30||NIFTY27JAN2626500CE,0.1348405934358997
19-01-2026 11:35||NIFTY27JAN2623900PE,0.1997114554721993
19-01-2026 11:35||NIFTY27JAN2624600PE,0.1420908367232028
19-01-2026 11:35||NIFTY27JAN2625800CE,0.1100630886792707
19-01-2026 11:35||NIFTY27JAN2626000CE,0.1122997577980554
19-01-2026 11:35||NIFTY27JAN2626200CE,0.1164779037289959
19-01-2026 11:35||NIFTY27JAN2626300CE,0.1170735297239807
19-01-2026 11:35||NIFTY27JAN2626400CE,0.1176668952733204
19-01-2026 11:35||NIFTY27JAN2626500CE,0.118258017469293
19-01-2026 11:40||NIFTY27JAN2623800PE,0.2093940892454764
19-01-2026 11:40||NIFTY27JAN2624100PE,0.1854180317560422
19-01-2026 11:40||NIFTY27JAN2624200PE,0.1767832939223644
19-01-2026 11:40||NIFTY27JAN2624400PE,0.1596699327001718
19-01-2026 11:40||NIFTY27JAN2624500PE,0.1512001321925447
19-01-2026 11:40||NIFTY27JAN2625100PE,0.115858523003388
19-01-2026 11:45||NIFTY27JAN2624300PE,0.1688360551301337
19-01-2026 11:45||NIFTY27JAN2625400CE,0.1140749247152035
19-01-2026 11:50||NIFTY27JAN2624600PE,0.1448369872734169
19-01-2026 11:50||NIFTY27JAN2625200CE,0.1136600396040637
19-01-2026 11:50||NIFTY27JAN2626300CE,0.1226429163656967
19-01-2026 11:55||NIFTY27JAN2623800PE,0.2079811804686835
19-01-2026 11:55||NIFTY27JAN2624300PE,0.1690677816145589
19-01-2026 11:55||NIFTY27JAN2624500PE,0.1533371286515188
19-01-2026 11:55||NIFTY27JAN2624600PE,0.1462739012556431
19-01-2026 11:55||NIFTY27JAN2624700PE,0.1395483595340428
19-01-2026 11:55||NIFTY27JAN2625900CE,0.1051560164611447
19-01-2026 11:55||NIFTY27JAN2626200CE,0.1165879778586955
19-01-2026 12:00||NIFTY27JAN2624200PE,0.1750670413707674
19-01-2026 12:00||NIFTY27JAN2624300PE,0.1668490070891322
19-01-2026 12:00||NIFTY27JAN2624400PE,0.1589398528896234
19-01-2026 12:00||NIFTY27JAN2624500PE,0.151450719575279
19-01-2026 12:00||NIFTY27JAN2624700PE,0.1381561561479594
19-01-2026 12:00||NIFTY27JAN2625000PE,0.1217657590573231
19-01-2026 12:00||NIFTY27JAN2626100CE,0.1141189862573927
19-01-2026 12:00||NIFTY27JAN2626500CE,0.1336480178221501
19-01-2026 12:05||NIFTY27JAN2623900PE,0.2004506790460847
19-01-2026 12:05||NIFTY27JAN2624400PE,0.1608226545494938
19-01-2026 12:05||NIFTY27JAN2624500PE,0.1528249695262325
19-01-2026 12:05||NIFTY27JAN2625200CE,0.1126282313253993
19-01-2026 12:05||NIFTY27JAN2625400CE,0.1080813930945404
19-01-2026 12:05||NIFTY27JAN2625500CE,0.1061568617314962
19-01-2026 12:05||NIFTY27JAN2625700CE,0.1049326048280758
19-01-2026 12:05||NIFTY27JAN2626100CE,0.1152934984151773
19-01-2026 12:05||NIFTY27JAN2626200CE,0.1196858946871793
19-01-2026 12:05||NIFTY27JAN2626400CE,0.1281470779093634
19-01-2026 12:05||NIFTY27JAN2626500CE,0.1319796110660169
19-01-2026 12:10||NIFTY27JAN2623900PE,0.2009592239414172
19-01-2026 12:10||NIFTY27JAN2625600CE,0.1100468822235754
19-01-2026 12:10||NIFTY27JAN2626400CE,0.130409931758532
19-01-2026 12:15||NIFTY27JAN2623900PE,0.2003366233308356
19-01-2026 12:15||NIFTY27JAN2624100PE,0.1849638467222699
19-01-2026 12:15||NIFTY27JAN2624300PE,0.1683364266145953
19-01-2026 12:20||NIFTY27JAN2623800PE,0.2097010309133289
19-01-2026 12:20||NIFTY27JAN2624400PE,0.161965328794373
19-01-2026 12:20||NIFTY27JAN2625100PE,0.1180683234020585
19-01-2026 12:20||NIFTY27JAN2625300CE,0.1065497582601666
19-01-2026 12:20||NIFTY27JAN2626200CE,0.1155866036089302
19-01-2026 12:25||NIFTY27JAN2623800PE,0.2086568974300428
19-01-2026 12:25||NIFTY27JAN2625700CE,0.1049504513662068
19-01-2026 12:25||NIFTY27JAN2626500CE,0.1337256020632971
19-01-2026 12:30||NIFTY27JAN2623900PE,0.2012608108262592
19-01-2026 12:30||NIFTY27JAN2624300PE,0.1688396036756487
19-01-2026 12:30||NIFTY27JAN2624500PE,0.1523992146330395
19-01-2026 12:30||NIFTY27JAN2625000PE,0.1203709954232977
19-01-2026 12:30||NIFTY27JAN2625400CE,0.1090618304103564
19-01-2026 12:30||NIFTY27JAN2626500CE,0.1341490417436496
19-01-2026 12:35||NIFTY27JAN2624100PE,0.1852835444792767
19-01-2026 12:35||NIFTY27JAN2624200PE,0.177144897784727
19-01-2026 12:35||NIFTY27JAN2624400PE,0.1603562076741491
19-01-2026 12:35||NIFTY27JAN2624700PE,0.1384246942818533
19-01-2026 12:35||NIFTY27JAN2625000PE,0.1209856038801991
19-01-2026 12:35||NIFTY27JAN2625300CE,0.110323640987925
19-01-2026 12:40||NIFTY27JAN2623800PE,0.2074802878847134
19-01-2026 12:40||NIFTY27JAN2625700CE,0.1080315650670042
19-01-2026 12:40||NIFTY27JAN2625800CE,0.1076952187755261
19-01-2026 12:40||NIFTY27JAN2626400CE,0.131350417568734
19-01-2026 12:45||NIFTY27JAN2626000CE,0.1096043664498289
19-01-2026 12:45||NIFTY27JAN2626100CE,0.1137046250715295
19-01-2026 12:45||NIFTY27JAN2626400CE,0.1291392080686046
19-01-2026 12:50||NIFTY27JAN2623800PE,0.2076642715589643
19-01-2026 12:50||NIFTY27JAN2624200PE,0.175180596433625
19-01-2026 12:50||NIFTY27JAN2625900CE,0.1102401248941438
19-01-2026 12:50||NIFTY27JAN2626500CE,0.1348630062673658
19-01-2026 12:55||NIFTY27JAN2623900PE,0.2030022143031559
19-01-2026 12:55||NIFTY27JAN2624100PE,0.1874536568464614
19-01-2026 12:55||NIFTY27JAN2624300PE,0.1707637869153888
19-01-2026 12:55||NIFTY27JAN2624400PE,0.1620488868261093
19-01-2026 12:55||NIFTY27JAN2624500PE,0.1534517109657409
19-01-2026 12:55||NIFTY27JAN2624700PE,0.1382785555983308
19-01-2026 12:55||NIFTY27JAN2625100PE,0.1172282036412606
19-01-2026 12:55||NIFTY27JAN2625700CE,0.1051182815709953
19-01-2026 12:55||NIFTY27JAN2626000CE,0.1086994731606129
19-01-2026 13:00||NIFTY27JAN2623900PE,0.2043474238297329
19-01-2026 13:00||NIFTY27JAN2624000PE,0.1964245024678981
19-01-2026 13:00||NIFTY27JAN2624400PE,0.1631721245429727
19-01-2026 13:00||NIFTY27JAN2624700PE,0.1401186976524612
19-01-2026 13:00||NIFTY27JAN2625400CE,0.109487691149136
19-01-2026 13:00||NIFTY27JAN2625600CE,0.105685254323872
19-01-2026 13:00||NIFTY27JAN2625900CE,0.1063904432631757
19-01-2026 13:00||NIFTY27JAN2626200CE,0.1165526121626446
19-01-2026 13:00||NIFTY27JAN2626500CE,0.1314950833053408
19-01-2026 13:05||NIFTY27JAN2624600PE,0.146624226487898
19-01-2026 13:05||NIFTY27JAN2625100PE,0.1181889222060473
19-01-2026 13:05||NIFTY27JAN2625700CE,0.1032271320107005
19-01-2026 13:10||NIFTY27JAN2623800PE,0.2138483379357406
19-01-2026 13:10||NIFTY27JAN2623900PE,0.2055769007815693
19-01-2026 13:10||NIFTY27JAN2624400PE,0.1636075744466602
19-01-2026 13:10||NIFTY27JAN2624500PE,0.1547042459880795
19-01-2026 13:10||NIFTY27JAN2624600PE,0.1464526393987673
19-01-2026 13:10||NIFTY27JAN2626200CE,0.1153143598792537
19-01-2026 13:10||NIFTY27JAN2626300CE,0.1205605536966134
19-01-2026 13:15||NIFTY27JAN2625800CE,0.1063149756936253
19-01-2026 13:20||NIFTY27JAN2624400PE,0.1628656435056929
19-01-2026 13:20||NIFTY27JAN2624800PE,0.1331812522992484
19-01-2026 13:20||NIFTY27JAN2624900PE,0.1274484982343176
19-01-2026 13:20||NIFTY27JAN2625000PE,0.1220289274474838
19-01-2026 13:20||NIFTY27JAN2625200CE,0.1105216953216357
19-01-2026 13:20||NIFTY27JAN2625400CE,0.1065624213709932
19-01-2026 13:25||NIFTY27JAN2623900PE,0.2044845188896491
19-01-2026 13:25||NIFTY27JAN2625000PE,0.1197975273653075
19-01-2026 13:25||NIFTY27JAN2625300CE,0.1121993347287762
19-01-2026 13:25||NIFTY27JAN2625400CE,0.1094854066065893
19-01-2026 13:25||NIFTY27JAN2625900CE,0.1064054023809473
19-01-2026 13:25||NIFTY27JAN2626200CE,0.1175848347977125
19-01-2026 13:25||NIFTY27JAN2626500CE,0.1327297252058309
19-01-2026 13:30||NIFTY27JAN2624300PE,0.170529040522826
19-01-2026 13:30||NIFTY27JAN2624900PE,0.1252923996192114
19-01-2026 13:30||NIFTY27JAN2625100PE,0.1141388850313238
19-01-2026 13:30||NIFTY27JAN2625800CE,0.1062717402889532
19-01-2026 13:30||NIFTY27JAN2626100CE,0.1139229100633675
19-01-2026 13:30||NIFTY27JAN2626300CE,0.1225327752205027
19-01-2026 13:30||NIFTY27JAN2626500CE,0.1320050640286531
19-01-2026 13:35||NIFTY27JAN2624400PE,0.1639080485141413
19-01-2026 13:35||NIFTY27JAN2624900PE,0.1278518433261538
19-01-2026 13:35||NIFTY27JAN2626200CE,0.1157300994075733
19-01-2026 13:35||NIFTY27JAN2626400CE,0.1265179544920029
19-01-2026 13:40||NIFTY27JAN2624800PE,0.133926861990337
19-01-2026 13:40||NIFTY27JAN2625300CE,0.1016723298355202
19-01-2026 13:40||NIFTY27JAN2625400CE,0.1020619728189491
19-01-2026 13:40||NIFTY27JAN2625600CE,0.1012210087210311
19-01-2026 13:40||NIFTY27JAN2625800CE,0.1013970829132903
19-01-2026 13:40||NIFTY27JAN2625900CE,0.1033705272307245
19-01-2026 13:45||NIFTY27JAN2624300PE,0.1690994430071069
19-01-2026 13:45||NIFTY27JAN2624700PE,0.1356489645438023
19-01-2026 13:45||NIFTY27JAN2625100PE,0.1101333533555646
19-01-2026 13:45||NIFTY27JAN2625500CE,0.1209241274953687
19-01-2026 13:45||NIFTY27JAN2626500CE,0.1328138159287582
19-01-2026 13:50||NIFTY27JAN2623900PE,0.2061033007565372
19-01-2026 13:50||NIFTY27JAN2624200PE,0.1813643801757184
19-01-2026 13:50||NIFTY27JAN2625100PE,0.1170202794950887
19-01-2026 13:50||NIFTY27JAN2625400CE,0.1163215460856871
19-01-2026 13:50||NIFTY27JAN2625700CE,0.1068864097723278
19-01-2026 13:50||NIFTY27JAN2626200CE,0.1141316945190696
19-01-2026 13:55||NIFTY27JAN2624500PE,0.1586490674944078
19-01-2026 13:55||NIFTY27JAN2624600PE,0.1502229440804343
19-01-2026 13:55||NIFTY27JAN2625600CE,0.1021778244884236
19-01-2026 13:55||NIFTY27JAN2625700CE,0.1015518149055589
19-01-2026 13:55||NIFTY27JAN2625800CE,0.1018528501052092
19-01-2026 13:55||NIFTY27JAN2625900CE,0.1028179221439755
19-01-2026 13:55||NIFTY27JAN2626200CE,0.1107540984194256
19-01-2026 14:00||NIFTY27JAN2624100PE,0.193572073629468
19-01-2026 14:00||NIFTY27JAN2624600PE,0.1496842782369335
19-01-2026 14:00||NIFTY27JAN2625300CE,0.1223416831254318
19-01-2026 14:00||NIFTY27JAN2625800CE,0.1071922787419164
19-01-2026 14:00||NIFTY27JAN2625900CE,0.1069984246776498
19-01-2026 14:00||NIFTY27JAN2626100CE,0.1096825600892296
19-01-2026 14:05||NIFTY27JAN2623800PE,0.2187440785191581
19-01-2026 14:05||NIFTY27JAN2624200PE,0.187388705942138
19-01-2026 14:05||NIFTY27JAN2624500PE,0.1610647145536101
19-01-2026 14:05||NIFTY27JAN2625000PE,0.1243372602469739
19-01-2026 14:05||NIFTY27JAN2625400CE,0.1065012787040141
19-01-2026 14:05||NIFTY27JAN2626500CE,0.1221786683802061
19-01-2026 14:10||NIFTY27JAN2624400PE,0.1698104918831285
19-01-2026 14:10||NIFTY27JAN2624500PE,0.1607917920658114
19-01-2026 14:10||NIFTY27JAN2625100PE,0.1206801996545567
19-01-2026 14:10||NIFTY27JAN2625200CE,0.1002511881219116
19-01-2026 14:10||NIFTY27JAN2626100CE,0.1034420768880902
19-01-2026 14:15||NIFTY27JAN2623800PE,0.2164690812967684
19-01-2026 14:15||NIFTY27JAN2624100PE,0.1935312027683636
19-01-2026 14:15||NIFTY27JAN2624200PE,0.185148980329711
19-01-2026 14:15||NIFTY27JAN2624500PE,0.1576020251767522
19-01-2026 14:15||NIFTY27JAN2624700PE,0.140650816812033
19-01-2026 14:15||NIFTY27JAN2624800PE,0.1333508432641929
19-01-2026 14:15||NIFTY27JAN2625100PE,0.1148135130366283
19-01-2026 14:15||NIFTY27JAN2626400CE,0.1226017418055117
19-01-2026 14:20||NIFTY27JAN2624200PE,0.1854093479133667
19-01-2026 14:20||NIFTY27JAN2624500PE,0.1600042171318478
19-01-2026 14:20||NIFTY27JAN2625800CE,0.1015298244584477
19-01-2026 14:20||NIFTY27JAN2626000CE,0.1027754034187818
19-01-2026 14:25||NIFTY27JAN2624000PE,0.2018664212388871
19-01-2026 14:25||NIFTY27JAN2625100PE,0.1201400399734932
19-01-2026 14:25||NIFTY27JAN2625700CE,0.0987198837254171
19-01-2026 14:25||NIFTY27JAN2625900CE,0.0983486320758869
19-01-2026 14:25||NIFTY27JAN2626000CE,0.0998882600069307
19-01-2026 14:25||NIFTY27JAN2626500CE,0.1226673516988074
19-01-2026 14:30||NIFTY27JAN2624100PE,0.19380212637053
19-01-2026 14:30||NIFTY27JAN2624300PE,0.176552746401351
19-01-2026 14:30||NIFTY27JAN2624700PE,0.1432343894971589
19-01-2026 14:30||NIFTY27JAN2624800PE,0.1359664020354107
19-01-2026 14:30||NIFTY27JAN2625000PE,0.1228881983885675
19-01-2026 14:35||NIFTY27JAN2623800PE,0.2165721109299877
19-01-2026 14:35||NIFTY27JAN2624300PE,0.1757334200238695
19-01-2026 14:35||NIFTY27JAN2625000PE,0.1223102940383007
19-01-2026 14:35||NIFTY27JAN2625800CE,0.1036067184490128
19-01-2026 14:35||NIFTY27JAN2626100CE,0.1073839256910876
19-01-2026 14:35||NIFTY27JAN2626300CE,0.1145511237554532
19-01-2026 14:35||NIFTY27JAN2626400CE,0.1200846984189857
19-01-2026 14:40||NIFTY27JAN2624000PE,0.2011005639429947
19-01-2026 14:40||NIFTY27JAN2624300PE,0.177641781267569
19-01-2026 14:40||NIFTY27JAN2624700PE,0.1446364529026723
19-01-2026 14:40||NIFTY27JAN2625200CE,0.112062673300391
19-01-2026 14:45||NIFTY27JAN2623900PE,0.2113196113838885
19-01-2026 14:45||NIFTY27JAN2624100PE,0.1951122615507189
19-01-2026 14:45||NIFTY27JAN2624400PE,0.169181430359999
19-01-2026 14:45||NIFTY27JAN2624600PE,0.1521924888895795
19-01-2026 14:45||NIFTY27JAN2624800PE,0.1368460081005871
19-01-2026 14:45||NIFTY27JAN2625800CE,0.0998472614942423
19-01-2026 14:45||NIFTY27JAN2626000CE,0.1014037696191569
19-01-2026 14:50||NIFTY27JAN2624000PE,0.2029529575344829
19-01-2026 14:50||NIFTY27JAN2624200PE,0.1869520478240876
19-01-2026 14:50||NIFTY27JAN2624500PE,0.161367701513744
19-01-2026 14:50||NIFTY27JAN2625100PE,0.1195129142326396
19-01-2026 14:50||NIFTY27JAN2625700CE,0.1020019448497464
19-01-2026 14:55||NIFTY27JAN2623800PE,0.2215180690607369
19-01-2026 14:55||NIFTY27JAN2624400PE,0.1709164795307682
19-01-2026 14:55||NIFTY27JAN2625300CE,0.1052265135708066
19-01-2026 14:55||NIFTY27JAN2625400CE,0.1032234845073299
19-01-2026 14:55||NIFTY27JAN2626000CE,0.0995022213646227
19-01-2026 14:55||NIFTY27JAN2626100CE,0.1019606743604952
19-01-2026 15:00||NIFTY27JAN2624300PE,0.1815284620252979
19-01-2026 15:00||NIFTY27JAN2625000PE,0.1282490041931226
19-01-2026 15:00||NIFTY27JAN2625600CE,0.0911995133896886
19-01-2026 15:00||NIFTY27JAN2626000CE,0.0952395314547046
19-01-2026 15:00||NIFTY27JAN2626300CE,0.1080650092177718
19-01-2026 15:05||NIFTY27JAN2623900PE,0.2106231775521534
19-01-2026 15:05||NIFTY27JAN2625700CE,0.0952560476442622
19-01-2026 15:05||NIFTY27JAN2626000CE,0.0975239712872936
19-01-2026 15:05||NIFTY27JAN2626400CE,0.117012510301417
19-01-2026 15:10||NIFTY27JAN2624100PE,0.1934943910586454
19-01-2026 15:10||NIFTY27JAN2624300PE,0.1766650789497085
19-01-2026 15:10||NIFTY27JAN2624800PE,0.1379744407029375
19-01-2026 15:10||NIFTY27JAN2625800CE,0.0960699729326613
19-01-2026 15:10||NIFTY27JAN2626100CE,0.1025528358515848
19-01-2026 15:15||NIFTY27JAN2624200PE,0.1850412280110493
19-01-2026 15:15||NIFTY27JAN2624400PE,0.1692067509114924
19-01-2026 15:15||NIFTY27JAN2624500PE,0.1615113361595108
19-01-2026 15:15||NIFTY27JAN2624600PE,0.1539569534546846
19-01-2026 15:15||NIFTY27JAN2624700PE,0.1465759816276401
19-01-2026 15:15||NIFTY27JAN2625300CE,0.084384488692581
19-01-2026 15:15||NIFTY27JAN2625400CE,0.0890196989626054
19-01-2026 15:15||NIFTY27JAN2626200CE,0.1053621964042591
19-01-2026 15:20||NIFTY27JAN2624500PE,0.1572429301012016
19-01-2026 15:20||NIFTY27JAN2625200CE,0.0977896831674902
19-01-2026 15:20||NIFTY27JAN2625800CE,0.09574935808613
19-01-2026 15:20||NIFTY27JAN2626400CE,0.119387171307187
19-01-2026 15:20||NIFTY27JAN2626500CE,0.124026735119391
19-01-2026 15:25||NIFTY27JAN2624300PE,0.1736851562820539
19-01-2026 15:25||NIFTY27JAN2624400PE,0.1655676380207103
19-01-2026 15:25||NIFTY27JAN2624700PE,0.1429220603337398
19-01-2026 15:25||NIFTY27JAN2625800CE,0.0936407674320682
19-01-2026 15:25||NIFTY27JAN2626300CE,0.1136987322264401
20-01-2026 09:15||NIFTY27JAN2623900PE,0.2080797396840177
20-01-2026 09:15||NIFTY27JAN2624000PE,0.1994036012184175
20-01-2026 09:15||NIFTY27JAN2624100PE,0.1909757569217102
20-01-2026 09:15||NIFTY27JAN2624400PE,0.1668981547796081
20-01-2026 09:15||NIFTY27JAN2624600PE,0.1511925751686944
20-01-2026 09:15||NIFTY27JAN2625200CE,0.1091151089242201
20-01-2026 09:15||NIFTY27JAN2625500CE,0.1048260576770233
20-01-2026 09:15||NIFTY27JAN2626200CE,0.1135760003220983
20-01-2026 09:15||NIFTY27JAN2626300CE,0.1193612066565933
20-01-2026 09:15||NIFTY27JAN2626400CE,0.1261628308122218
20-01-2026 09:20||NIFTY27JAN2623800PE,0.2143696197049144
20-01-2026 09:20||NIFTY27JAN2624000PE,0.1976845065767127
20-01-2026 09:20||NIFTY27JAN2624700PE,0.1459815519076003
20-01-2026 09:20||NIFTY27JAN2625200CE,0.0847231507664953
20-01-2026 09:20||NIFTY27JAN2625400CE,0.0892900595981946
20-01-2026 09:20||NIFTY27JAN2625500CE,0.0914234184629104
20-01-2026 09:20||NIFTY27JAN2625800CE,0.0959362290327906
20-01-2026 09:20||NIFTY27JAN2626300CE,0.1188769886854821
20-01-2026 09:20||NIFTY27JAN2626500CE,0.1315252599649599
20-01-2026 09:25||NIFTY27JAN2623900PE,0.2032476903332508
20-01-2026 09:25||NIFTY27JAN2625000PE,0.1251712931496394
20-01-2026 09:25||NIFTY27JAN2625400CE,0.1050526974214482
20-01-2026 09:30||NIFTY27JAN2623900PE,0.2022405337748765
20-01-2026 09:30||NIFTY27JAN2624400PE,0.1603299282982353
20-01-2026 09:30||NIFTY27JAN2624800PE,0.1315290330616688
20-01-2026 09:30||NIFTY27JAN2625700CE,0.1074335713980768
20-01-2026 09:30||NIFTY27JAN2626100CE,0.1175133828894409
20-01-2026 09:30||NIFTY27JAN2626300CE,0.1284607467291191
20-01-2026 09:35||NIFTY27JAN2624500PE,0.1534209227669271
20-01-2026 09:35||NIFTY27JAN2625200CE,0.1061802376243823
20-01-2026 09:35||NIFTY27JAN2625700CE,0.1048545508576032
20-01-2026 09:35||NIFTY27JAN2625800CE,0.1055104410372016
20-01-2026 09:35||NIFTY27JAN2626200CE,0.1225676075043924
20-01-2026 09:40||NIFTY27JAN2623800PE,0.2138060223403301
20-01-2026 09:40||NIFTY27JAN2624100PE,0.1867064481838477
20-01-2026 09:40||NIFTY27JAN2625000PE,0.1214904147490286
20-01-2026 09:40||NIFTY27JAN2625900CE,0.1131854941398352
20-01-2026 09:40||NIFTY27JAN2626100CE,0.1217665703702311
20-01-2026 09:40||NIFTY27JAN2626200CE,0.1269292302084609
20-01-2026 09:40||NIFTY27JAN2626400CE,0.1396190221743426
20-01-2026 09:45||NIFTY27JAN2624800PE,0.1327263986495823
20-01-2026 09:45||NIFTY27JAN2625500CE,0.1124767503928727
20-01-2026 09:45||NIFTY27JAN2626200CE,0.1259915593128502
20-01-2026 09:45||NIFTY27JAN2626300CE,0.1325713584398458
20-01-2026 09:50||NIFTY27JAN2624100PE,0.1887310303890107
20-01-2026 09:50||NIFTY27JAN2624800PE,0.1357295342205567
20-01-2026 09:50||NIFTY27JAN2625100PE,0.1235554491429119
20-01-2026 09:50||NIFTY27JAN2625200CE,0.1028069108830297
20-01-2026 09:55||NIFTY27JAN2623900PE,0.2040886534951618
20-01-2026 09:55||NIFTY27JAN2624100PE,0.1860206551921271
20-01-2026 09:55||NIFTY27JAN2625000PE,0.1221884732896673
20-01-2026 10:00||NIFTY27JAN2623900PE,0.2057517732822471
20-01-2026 10:00||NIFTY27JAN2624600PE,0.1449522843914208
20-01-2026 10:00||NIFTY27JAN2624700PE,0.1383657534884878
20-01-2026 10:00||NIFTY27JAN2625200CE,0.120780405766317
20-01-2026 10:00||NIFTY27JAN2625400CE,0.1152417986253061
20-01-2026 10:00||NIFTY27JAN2625700CE,0.1108009198480992
20-01-2026 10:00||NIFTY27JAN2626000CE,0.1159119598372089
20-01-2026 10:00||NIFTY27JAN2626200CE,0.1262688036454321
20-01-2026 10:05||NIFTY27JAN2626100CE,0.1212033558057827
20-01-2026 10:05||NIFTY27JAN2626200CE,0.1260830055806243
20-01-2026 10:05||NIFTY27JAN2626500CE,0.1430129017995354
20-01-2026 10:10||NIFTY27JAN2624900PE,0.1305074474999524
20-01-2026 10:10||NIFTY27JAN2625100PE,0.1215324735399858
20-01-2026 10:10||NIFTY27JAN2626500CE,0.1421701886059085
20-01-2026 10:15||NIFTY27JAN2624000PE,0.1947212363779763
20-01-2026 10:15||NIFTY27JAN2625800CE,0.1112789082144765
20-01-2026 10:15||NIFTY27JAN2626300CE,0.1311871189265478
20-01-2026 10:20||NIFTY27JAN2624100PE,0.1880554747499509
20-01-2026 10:20||NIFTY27JAN2625700CE,0.1055000879421131
20-01-2026 10:20||NIFTY27JAN2626000CE,0.1116894972575719
20-01-2026 10:25||NIFTY27JAN2623800PE,0.2144530183605269
20-01-2026 10:25||NIFTY27JAN2624700PE,0.1391668452839492
20-01-2026 10:25||NIFTY27JAN2625000PE,0.1233596597227588
20-01-2026 10:25||NIFTY27JAN2625800CE,0.1047075518672533
20-01-2026 10:25||NIFTY27JAN2626200CE,0.1200576004731759
20-01-2026 10:25||NIFTY27JAN2626400CE,0.133288104515539
20-01-2026 10:30||NIFTY27JAN2623900PE,0.2055642976518275
20-01-2026 10:30||NIFTY27JAN2624000PE,0.1965396215059186
20-01-2026 10:30||NIFTY27JAN2624300PE,0.1707496196605874
20-01-2026 10:30||NIFTY27JAN2624600PE,0.145486881852999
20-01-2026 10:30||NIFTY27JAN2625500CE,0.1076878938712641
20-01-2026 10:30||NIFTY27JAN2625700CE,0.1061593556520509
20-01-2026 10:30||NIFTY27JAN2625800CE,0.1067225239516449
20-01-2026 10:35||NIFTY27JAN2624300PE,0.1691948928481119
20-01-2026 10:35||NIFTY27JAN2624700PE,0.136319513748296
20-01-2026 10:35||NIFTY27JAN2625200CE,0.1303116855181484
20-01-2026 10:35||NIFTY27JAN2625400CE,0.1210628293938166
20-01-2026 10:35||NIFTY27JAN2625900CE,0.1126124282803825
20-01-2026 10:40||NIFTY27JAN2624000PE,0.1976605834528463
20-01-2026 10:40||NIFTY27JAN2624300PE,0.1716311933690265
20-01-2026 10:40||NIFTY27JAN2625800CE,0.1044941985648665
20-01-2026 10:40||NIFTY27JAN2626000CE,0.1097590930893273
20-01-2026 10:45||NIFTY27JAN2624900PE,0.1267776213708139
20-01-2026 10:45||NIFTY27JAN2625900CE,0.1091030702768301
20-01-2026 10:45||NIFTY27JAN2626200CE,0.1205980020355532
20-01-2026 10:45||NIFTY27JAN2626400CE,0.1331670513637014
20-01-2026 10:50||NIFTY27JAN2623800PE,0.2158681349633023
20-01-2026 10:50||NIFTY27JAN2624100PE,0.189427550615481
20-01-2026 10:50||NIFTY27JAN2625300CE,0.1052831081314289
20-01-2026 10:50||NIFTY27JAN2626200CE,0.1205894437004832
20-01-2026 10:55||NIFTY27JAN2624200PE,0.1792272052813645
20-01-2026 10:55||NIFTY27JAN2624500PE,0.1522728080600477
20-01-2026 10:55||NIFTY27JAN2624600PE,0.1443283245344974
20-01-2026 10:55||NIFTY27JAN2624700PE,0.1372679426037437
20-01-2026 10:55||NIFTY27JAN2624800PE,0.1312100298711768
20-01-2026 10:55||NIFTY27JAN2625300CE,0.1090847307224483
20-01-2026 10:55||NIFTY27JAN2625400CE,0.1081292643153488
20-01-2026 10:55||NIFTY27JAN2625900CE,0.109815018782413
20-01-2026 10:55||NIFTY27JAN2626400CE,0.1345858297363106
20-01-2026 11:00||NIFTY27JAN2623800PE,0.2144458323802311
20-01-2026 11:00||NIFTY27JAN2624000PE,0.1963145151601154
20-01-2026 11:00||NIFTY27JAN2624400PE,0.1608575310693792
20-01-2026 11:00||NIFTY27JAN2625300CE,0.1079049732274192
20-01-2026 11:05||NIFTY27JAN2623800PE,0.2142057398966363
20-01-2026 11:05||NIFTY27JAN2624400PE,0.1599798925101623
20-01-2026 11:05||NIFTY27JAN2624500PE,0.1511671037451498
20-01-2026 11:05||NIFTY27JAN2625400CE,0.1075333272807956
20-01-2026 11:05||NIFTY27JAN2625500CE,0.1062634937256322
20-01-2026 11:05||NIFTY27JAN2625800CE,0.105947652559755
20-01-2026 11:05||NIFTY27JAN2626300CE,0.1292454688331942
20-01-2026 11:10||NIFTY27JAN2624500PE,0.1501632974009343
20-01-2026 11:10||NIFTY27JAN2624900PE,0.1254512772333305
20-01-2026 11:10||NIFTY27JAN2625200CE,0.112767247543661
20-01-2026 11:10||NIFTY27JAN2625600CE,0.1058898280163616
20-01-2026 11:15||NIFTY27JAN2623800PE,0.2112839397762783
20-01-2026 11:15||NIFTY27JAN2624300PE,0.166377446579081
20-01-2026 11:15||NIFTY27JAN2624700PE,0.1345651454832768
20-01-2026 11:15||NIFTY27JAN2625000PE,0.1190048474565298
20-01-2026 11:15||NIFTY27JAN2625300CE,0.1144927226387046
20-01-2026 11:15||NIFTY27JAN2625600CE,0.1075350973274187
20-01-2026 11:20||NIFTY27JAN2624500PE,0.1489392145506888
20-01-2026 11:20||NIFTY27JAN2625700CE,0.107288544597755
20-01-2026 11:20||NIFTY27JAN2626200CE,0.1237014075181533
20-01-2026 11:25||NIFTY27JAN2624000PE,0.1928409184177188
20-01-2026 11:25||NIFTY27JAN2624300PE,0.1654180634484756
20-01-2026 11:25||NIFTY27JAN2624900PE,0.1217963634853658
20-01-2026 11:25||NIFTY27JAN2625200CE,0.1241318855541985
20-01-2026 11:25||NIFTY27JAN2625300CE,0.1205739250853539
20-01-2026 11:25||NIFTY27JAN2625700CE,0.1095092645357697
20-01-2026 11:25||NIFTY27JAN2626100CE,0.1194290429262381
20-01-2026 11:30||NIFTY27JAN2623900PE,0.2042066832753307
20-01-2026 11:30||NIFTY27JAN2624200PE,0.1767148085360887
20-01-2026 11:30||NIFTY27JAN2624900PE,0.1243815828221122
20-01-2026 11:30||NIFTY27JAN2625200CE,0.1142295049752933
20-01-2026 11:30||NIFTY27JAN2625700CE,0.10603118966113
20-01-2026 11:30||NIFTY27JAN2625800CE,0.1068215550032823
20-01-2026 11:30||NIFTY27JAN2626000CE,0.1123030589890207
20-01-2026 11:35||NIFTY27JAN2623800PE,0.2134098395243401
20-01-2026 11:35||NIFTY27JAN2625900CE,0.1084867031191917
20-01-2026 11:35||NIFTY27JAN2626300CE,0.1284019718177407
20-01-2026 11:35||NIFTY27JAN2626500CE,0.1410152261306685
20-01-2026 11:40||NIFTY27JAN2623800PE,0.2118467361802237
20-01-2026 11:40||NIFTY27JAN2624000PE,0.1937611278611899
20-01-2026 11:40||NIFTY27JAN2624100PE,0.1848301438726773
20-01-2026 11:40||NIFTY27JAN2624700PE,0.1335303720127164
20-01-2026 11:40||NIFTY27JAN2624800PE,0.1274143874281318
20-01-2026 11:40||NIFTY27JAN2625100PE,0.1125188024452495
20-01-2026 11:40||NIFTY27JAN2625300CE,0.116264685307353
20-01-2026 11:45||NIFTY27JAN2623900PE,0.2039359424956052
20-01-2026 11:45||NIFTY27JAN2624500PE,0.1494687270921911
20-01-2026 11:45||NIFTY27JAN2625600CE,0.1067346065170137
20-01-2026 11:45||NIFTY27JAN2625800CE,0.1065181186675214
20-01-2026 11:45||NIFTY27JAN2625900CE,0.1086062217172229
20-01-2026 11:45||NIFTY27JAN2626000CE,0.1120682567270369
20-01-2026 11:50||NIFTY27JAN2624200PE,0.1770650790727301
20-01-2026 11:50||NIFTY27JAN2624600PE,0.1418378573965702
20-01-2026 11:50||NIFTY27JAN2624700PE,0.1341639581187304
20-01-2026 11:50||NIFTY27JAN2624900PE,0.1221298597453067
20-01-2026 11:50||NIFTY27JAN2625400CE,0.1111951146855392
20-01-2026 11:50||NIFTY27JAN2625700CE,0.1050268946490297
20-01-2026 11:50||NIFTY27JAN2626300CE,0.1282277456141246
20-01-2026 11:55||NIFTY27JAN2623800PE,0.2151382825017672
20-01-2026 11:55||NIFTY27JAN2623900PE,0.2060370251365738
20-01-2026 11:55||NIFTY27JAN2624000PE,0.1969737689566223
20-01-2026 11:55||NIFTY27JAN2624100PE,0.1879481979423685
20-01-2026 11:55||NIFTY27JAN2625800CE,0.1019158802217294
20-01-2026 11:55||NIFTY27JAN2625900CE,0.1052651468070521
20-01-2026 12:00||NIFTY27JAN2623800PE,0.2142247677747925
20-01-2026 12:00||NIFTY27JAN2624400PE,0.1599621016225879
20-01-2026 12:00||NIFTY27JAN2624600PE,0.1438746325540744
20-01-2026 12:00||NIFTY27JAN2624700PE,0.1367936543034445
20-01-2026 12:00||NIFTY27JAN2625800CE,0.1020303767152506
20-01-2026 12:00||NIFTY27JAN2625900CE,0.1053967679568401
20-01-2026 12:05||NIFTY27JAN2624700PE,0.1353774996412256
20-01-2026 12:05||NIFTY27JAN2624900PE,0.1253776099224754
20-01-2026 12:05||NIFTY27JAN2625800CE,0.1017092747157284
20-01-2026 12:10||NIFTY27JAN2624200PE,0.1752044745596904
20-01-2026 12:10||NIFTY27JAN2624500PE,0.1484586449603846
20-01-2026 12:10||NIFTY27JAN2624600PE,0.1409538319392345
20-01-2026 12:10||NIFTY27JAN2624700PE,0.134246420881802
20-01-2026 12:10||NIFTY27JAN2624800PE,0.1281614975724755
20-01-2026 12:10||NIFTY27JAN2624900PE,0.1225282754604591
20-01-2026 12:15||NIFTY27JAN2624300PE,0.1669737240946505
20-01-2026 12:15||NIFTY27JAN2624500PE,0.1490464062555842
20-01-2026 12:15||NIFTY27JAN2625000PE,0.117871843745976
20-01-2026 12:15||NIFTY27JAN2625100PE,0.1124653568360652
20-01-2026 12:15||NIFTY27JAN2625400CE,0.1044331202855565
20-01-2026 12:15||NIFTY27JAN2626400CE,0.1391117235120603
20-01-2026 12:20||NIFTY27JAN2623900PE,0.2038331554709246
20-01-2026 12:20||NIFTY27JAN2624000PE,0.1942904555918453
20-01-2026 12:20||NIFTY27JAN2624100PE,0.1848099558844473
20-01-2026 12:20||NIFTY27JAN2625200CE,0.1062330521556992
20-01-2026 12:20||NIFTY27JAN2625300CE,0.105124339261725
20-01-2026 12:20||NIFTY27JAN2625700CE,0.1037069007808322
20-01-2026 12:20||NIFTY27JAN2625800CE,0.1059296694747081
20-01-2026 12:20||NIFTY27JAN2625900CE,0.1090888666960609
20-01-2026 12:25||NIFTY27JAN2623800PE,0.2106762236233449
20-01-2026 12:25||NIFTY27JAN2625000PE,0.1139535671974937
20-01-2026 12:25||NIFTY27JAN2625100PE,0.1081205134304707
20-01-2026 12:25||NIFTY27JAN2625700CE,0.1074622515183354
20-01-2026 12:25||NIFTY27JAN2626000CE,0.1150579527167619
20-01-2026 12:30||NIFTY27JAN2623800PE,0.213017024297858
20-01-2026 12:30||NIFTY27JAN2623900PE,0.203473588425212
20-01-2026 12:30||NIFTY27JAN2624900PE,0.1215259155630441
20-01-2026 12:30||NIFTY27JAN2625000PE,0.1151375389483103
20-01-2026 12:30||NIFTY27JAN2625100PE,0.1087746649029039
20-01-2026 12:30||NIFTY27JAN2625300CE,0.1073869680167735
20-01-2026 12:30||NIFTY27JAN2626000CE,0.1131512378057314
20-01-2026 12:35||NIFTY27JAN2623800PE,0.2108043284650906
20-01-2026 12:35||NIFTY27JAN2624200PE,0.1742544958523758
20-01-2026 12:35||NIFTY27JAN2625000PE,0.1166322856633258
20-01-2026 12:35||NIFTY27JAN2625200CE,0.1139090297265285
20-01-2026 12:35||NIFTY27JAN2625500CE,0.1075316879132737
20-01-2026 12:35||NIFTY27JAN2625700CE,0.1059281550339537
20-01-2026 12:35||NIFTY27JAN2625800CE,0.1072011239995164
20-01-2026 12:35||NIFTY27JAN2626200CE,0.1270504081132212
20-01-2026 12:35||NIFTY27JAN2626300CE,0.1345752578264838
20-01-2026 12:40||NIFTY27JAN2623800PE,0.210181996117113
20-01-2026 12:40||NIFTY27JAN2624000PE,0.192668240233991
20-01-2026 12:40||NIFTY27JAN2624300PE,0.1655555806734995
20-01-2026 12:40||NIFTY27JAN2624600PE,0.1411899550618895
20-01-2026 12:40||NIFTY27JAN2624700PE,0.1343881839832131
20-01-2026 12:40||NIFTY27JAN2625400CE,0.1053654996695772
20-01-2026 12:40||NIFTY27JAN2626100CE,0.1210266426850609
20-01-2026 12:45||NIFTY27JAN2623800PE,0.2089624245664191
20-01-2026 12:45||NIFTY27JAN2624300PE,0.1643526378632161
20-01-2026 12:45||NIFTY27JAN2624400PE,0.1555955518470459
20-01-2026 12:45||NIFTY27JAN2625100PE,0.1124270060332829
20-01-2026 12:50||NIFTY27JAN2624200PE,0.1746752543596645
20-01-2026 12:50||NIFTY27JAN2625600CE,0.10565150136221
20-01-2026 12:50||NIFTY27JAN2626000CE,0.1145755280321363
20-01-2026 12:50||NIFTY27JAN2626200CE,0.1263812374715836
20-01-2026 12:55||NIFTY27JAN2624900PE,0.1213041158018919
20-01-2026 12:55||NIFTY27JAN2625400CE,0.1095122035218002
20-01-2026 13:00||NIFTY27JAN2623900PE,0.2032016373718393
20-01-2026 13:00||NIFTY27JAN2624200PE,0.1759240119158999
20-01-2026 13:00||NIFTY27JAN2625100PE,0.112998083880463
20-01-2026 13:00||NIFTY27JAN2625800CE,0.1074905541510275
20-01-2026 13:00||NIFTY27JAN2625900CE,0.1107079198908948
20-01-2026 13:00||NIFTY27JAN2626400CE,0.1411876967385031
20-01-2026 13:05||NIFTY27JAN2624200PE,0.1756843991820884
20-01-2026 13:05||NIFTY27JAN2624900PE,0.1219956943573994
20-01-2026 13:05||NIFTY27JAN2625300CE,0.1087562577622395
20-01-2026 13:05||NIFTY27JAN2625400CE,0.1068338863709179
20-01-2026 13:05||NIFTY27JAN2625600CE,0.1045372179758853
20-01-2026 13:05||NIFTY27JAN2626500CE,0.148184122517936
20-01-2026 13:10||NIFTY27JAN2624000PE,0.1936398429733591
20-01-2026 13:10||NIFTY27JAN2624400PE,0.1578265281456378
20-01-2026 13:10||NIFTY27JAN2624700PE,0.1343330527652211
20-01-2026 13:10||NIFTY27JAN2625000PE,0.1177273471022271
20-01-2026 13:10||NIFTY27JAN2626000CE,0.11380025491125
20-01-2026 13:10||NIFTY27JAN2626400CE,0.1413069338481955
20-01-2026 13:15||NIFTY27JAN2623900PE,0.2026425820781048
20-01-2026 13:15||NIFTY27JAN2624600PE,0.1404432203693556
20-01-2026 13:15||NIFTY27JAN2624900PE,0.1206508626282384
20-01-2026 13:15||NIFTY27JAN2625000PE,0.1159360995215061
20-01-2026 13:15||NIFTY27JAN2625200CE,0.1168212871581606
20-01-2026 13:15||NIFTY27JAN2626000CE,0.1158004529487401
20-01-2026 13:15||NIFTY27JAN2626200CE,0.1282555368413878
20-01-2026 13:20||NIFTY27JAN2624200PE,0.176606108718321
20-01-2026 13:20||NIFTY27JAN2624600PE,0.1432167948637827
20-01-2026 13:20||NIFTY27JAN2625000PE,0.1194030426829468
20-01-2026 13:20||NIFTY27JAN2625700CE,0.1039660975953137
20-01-2026 13:20||NIFTY27JAN2626100CE,0.1194320987977185
20-01-2026 13:20||NIFTY27JAN2626200CE,0.1254957168433737
20-01-2026 13:25||NIFTY27JAN2623800PE,0.2114657679926402
20-01-2026 13:25||NIFTY27JAN2624100PE,0.1847409976425042
20-01-2026 13:25||NIFTY27JAN2624700PE,0.1338814195863694
20-01-2026 13:25||NIFTY27JAN2625000PE,0.1176139798913302
20-01-2026 13:25||NIFTY27JAN2625800CE,0.107232831212922
20-01-2026 13:30||NIFTY27JAN2624100PE,0.1848360856705524
20-01-2026 13:30||NIFTY27JAN2624700PE,0.1341985207336647
20-01-2026 13:30||NIFTY27JAN2624900PE,0.1235426337100054
20-01-2026 13:30||NIFTY27JAN2626000CE,0.1142004599032419
20-01-2026 13:35||NIFTY27JAN2625100PE,0.1171858483455714
20-01-2026 13:35||NIFTY27JAN2625800CE,0.1082877222652172
20-01-2026 13:40||NIFTY27JAN2623800PE,0.2110647422953223
20-01-2026 13:40||NIFTY27JAN2624600PE,0.1396283850978532
20-01-2026 13:40||NIFTY27JAN2625000PE,0.116231123630379
20-01-2026 13:45||NIFTY27JAN2624000PE,0.193627983539743
20-01-2026 13:45||NIFTY27JAN2624400PE,0.1570492334085643
20-01-2026 13:45||NIFTY27JAN2624600PE,0.1422546084544977
20-01-2026 13:50||NIFTY27JAN2624000PE,0.1932020933979649
20-01-2026 13:50||NIFTY27JAN2624100PE,0.1841229121987524
20-01-2026 13:50||NIFTY27JAN2624200PE,0.1750205153749844
20-01-2026 13:50||NIFTY27JAN2624300PE,0.1659612917782856
20-01-2026 13:50||NIFTY27JAN2624500PE,0.1481920571036457
20-01-2026 13:50||NIFTY27JAN2625200CE,0.1180706432347767
20-01-2026 13:50||NIFTY27JAN2625400CE,0.1124172677514738
20-01-2026 13:50||NIFTY27JAN2626000CE,0.1206040938989935
20-01-2026 13:50||NIFTY27JAN2626100CE,0.1262932667635209
20-01-2026 13:55||NIFTY27JAN2624400PE,0.15698845460415
20-01-2026 13:55||NIFTY27JAN2625200CE,0.1188872758304365
20-01-2026 13:55||NIFTY27JAN2625400CE,0.1124113681539858
20-01-2026 13:55||NIFTY27JAN2625600CE,0.1090089547844077
20-01-2026 14:00||NIFTY27JAN2624100PE,0.1862425645646929
20-01-2026 14:00||NIFTY27JAN2624200PE,0.1762136569313784
20-01-2026 14:00||NIFTY27JAN2624800PE,0.1290735960239265
20-01-2026 14:00||NIFTY27JAN2624900PE,0.1232805981633705
20-01-2026 14:00||NIFTY27JAN2625000PE,0.1175108187934028
20-01-2026 14:00||NIFTY27JAN2625100PE,0.1117640725361115
20-01-2026 14:00||NIFTY27JAN2625200CE,0.1151021980516263
20-01-2026 14:00||NIFTY27JAN2626100CE,0.1258584461389755
20-01-2026 14:05||NIFTY27JAN2623800PE,0.2127325171878172
20-01-2026 14:05||NIFTY27JAN2625100PE,0.1154473253954104
20-01-2026 14:05||NIFTY27JAN2625200CE,0.113919386163102
20-01-2026 14:05||NIFTY27JAN2626100CE,0.1275719457739663
20-01-2026 14:05||NIFTY27JAN2626400CE,0.1494834869609813
20-01-2026 14:10||NIFTY27JAN2624000PE,0.1941429369626039
20-01-2026 14:10||NIFTY27JAN2624200PE,0.1761624358398356
20-01-2026 14:10||NIFTY27JAN2624500PE,0.1501008742395605
20-01-2026 14:10||NIFTY27JAN2624900PE,0.1235690589975805
20-01-2026 14:10||NIFTY27JAN2625000PE,0.1186884600143143
20-01-2026 14:10||NIFTY27JAN2625500CE,0.110715124272548
20-01-2026 14:10||NIFTY27JAN2625700CE,0.1110866963235576
20-01-2026 14:10||NIFTY27JAN2626100CE,0.1295889123373853
20-01-2026 14:10||NIFTY27JAN2626200CE,0.1362660855966112
20-01-2026 14:10||NIFTY27JAN2626300CE,0.1432354722973198
20-01-2026 14:15||NIFTY27JAN2623800PE,0.2107704708524818
20-01-2026 14:15||NIFTY27JAN2624100PE,0.1842114696475985
20-01-2026 14:15||NIFTY27JAN2624500PE,0.1509439469085691
20-01-2026 14:15||NIFTY27JAN2624600PE,0.1437676010809707
20-01-2026 14:15||NIFTY27JAN2624900PE,0.1249993493022305
20-01-2026 14:15||NIFTY27JAN2625200CE,0.1115981926618564
20-01-2026 14:15||NIFTY27JAN2625400CE,0.1086288179087815
20-01-2026 14:15||NIFTY27JAN2626000CE,0.1203916659818069
20-01-2026 14:15||NIFTY27JAN2626300CE,0.1403371568387968
20-01-2026 14:15||NIFTY27JAN2626500CE,0.1546513465794972
20-01-2026 14:20||NIFTY27JAN2625400CE,0.1152069220834198
20-01-2026 14:20||NIFTY27JAN2625700CE,0.1125410135721109
20-01-2026 14:20||NIFTY27JAN2626500CE,0.156291724983443
20-01-2026 14:25||NIFTY27JAN2624100PE,0.186303712691979
20-01-2026 14:25||NIFTY27JAN2624600PE,0.1424961228940631
20-01-2026 14:25||NIFTY27JAN2625400CE,0.11372757641168
20-01-2026 14:25||NIFTY27JAN2625900CE,0.1163934628785883
20-01-2026 14:30||NIFTY27JAN2624000PE,0.1952313461380436
20-01-2026 14:30||NIFTY27JAN2624600PE,0.1453042194376523
20-01-2026 14:30||NIFTY27JAN2625400CE,0.1071497170341141
20-01-2026 14:30||NIFTY27JAN2625500CE,0.1060206370906464
20-01-2026 14:30||NIFTY27JAN2625800CE,0.1099158194257763
20-01-2026 14:30||NIFTY27JAN2626000CE,0.1178897441431224
20-01-2026 14:30||NIFTY27JAN2626400CE,0.1426132037614484
20-01-2026 14:30||NIFTY27JAN2626500CE,0.1483546184207519
20-01-2026 14:35||NIFTY27JAN2624600PE,0.1467628460712172
20-01-2026 14:35||NIFTY27JAN2624800PE,0.1336050541678878
20-01-2026 14:35||NIFTY27JAN2625600CE,0.1053071064884201
20-01-2026 14:35||NIFTY27JAN2626000CE,0.1175998660629198
20-01-2026 14:35||NIFTY27JAN2626300CE,0.1366185725731955
20-01-2026 14:40||NIFTY27JAN2623800PE,0.2163388676121235
20-01-2026 14:40||NIFTY27JAN2625200CE,0.1107978416046168
20-01-2026 14:40||NIFTY27JAN2625500CE,0.1060567536545021
20-01-2026 14:45||NIFTY27JAN2624600PE,0.1453290025114244
20-01-2026 14:45||NIFTY27JAN2625500CE,0.1088788664304926
20-01-2026 14:45||NIFTY27JAN2626000CE,0.121158707074335
20-01-2026 14:45||NIFTY27JAN2626100CE,0.1271135405409304
20-01-2026 14:50||NIFTY27JAN2624000PE,0.1991171540767004
20-01-2026 14:50||NIFTY27JAN2624200PE,0.1800983417523434
20-01-2026 14:50||NIFTY27JAN2624900PE,0.1270727285894054
20-01-2026 14:50||NIFTY27JAN2625100PE,0.1179891213531803
20-01-2026 14:50||NIFTY27JAN2625500CE,0.1029030851233269
20-01-2026 14:50||NIFTY27JAN2625900CE,0.1138777659266784
20-01-2026 14:55||NIFTY27JAN2623900PE,0.209173454528098
20-01-2026 14:55||NIFTY27JAN2624000PE,0.199678070852825
20-01-2026 14:55||NIFTY27JAN2624100PE,0.1900237697754564
20-01-2026 14:55||NIFTY27JAN2626000CE,0.118331440306446
20-01-2026 15:00||NIFTY27JAN2624800PE,0.1290605065604992
20-01-2026 15:00||NIFTY27JAN2625600CE,0.1066850089216184
20-01-2026 15:00||NIFTY27JAN2626100CE,0.1323650543012175
20-01-2026 15:00||NIFTY27JAN2626200CE,0.1393459035958594
20-01-2026 15:00||NIFTY27JAN2626400CE,0.1542724893157564
20-01-2026 15:05||NIFTY27JAN2623900PE,0.2066408600830833
20-01-2026 15:05||NIFTY27JAN2624300PE,0.1675722923127528
20-01-2026 15:05||NIFTY27JAN2625000PE,0.125120927463171
20-01-2026 15:05||NIFTY27JAN2625200CE,0.0973252475123534
20-01-2026 15:05||NIFTY27JAN2626100CE,0.1306804891806468
20-01-2026 15:05||NIFTY27JAN2626200CE,0.1375375201351797
20-01-2026 15:10||NIFTY27JAN2624300PE,0.1657543975070084
20-01-2026 15:10||NIFTY27JAN2625100PE,0.1288383433355778
20-01-2026 15:10||NIFTY27JAN2625300CE,0.1006157715034979
20-01-2026 15:10||NIFTY27JAN2625400CE,0.1024011911533192
20-01-2026 15:10||NIFTY27JAN2625900CE,0.1243890953683683
20-01-2026 15:10||NIFTY27JAN2626100CE,0.1373428055329239
20-01-2026 15:15||NIFTY27JAN2624000PE,0.203741034798542
20-01-2026 15:15||NIFTY27JAN2624200PE,0.1820376516395683
20-01-2026 15:15||NIFTY27JAN2624500PE,0.1552732437835584
20-01-2026 15:15||NIFTY27JAN2624800PE,0.1377499072303197
20-01-2026 15:15||NIFTY27JAN2625000PE,0.1285183959002398
20-01-2026 15:15||NIFTY27JAN2625100PE,0.1238455208088062
20-01-2026 15:15||NIFTY27JAN2625700CE,0.1162341531918405
20-01-2026 15:15||NIFTY27JAN2625900CE,0.1263719296792683
20-01-2026 15:15||NIFTY27JAN2626000CE,0.1324849436684036
20-01-2026 15:15||NIFTY27JAN2626200CE,0.1462680431960544
20-01-2026 15:20||NIFTY27JAN2623800PE,0.2195415789175944
20-01-2026 15:20||NIFTY27JAN2624200PE,0.1786415896825393
20-01-2026 15:20||NIFTY27JAN2624500PE,0.1505466610569557
20-01-2026 15:20||NIFTY27JAN2625500CE,0.1176922258665823
20-01-2026 15:20||NIFTY27JAN2625700CE,0.12281701423288
20-01-2026 15:20||NIFTY27JAN2626400CE,0.1642523169356639
20-01-2026 15:25||NIFTY27JAN2623800PE,0.2198871967909973
20-01-2026 15:25||NIFTY27JAN2625100PE,0.1099312775017368
20-01-2026 15:25||NIFTY27JAN2625200CE,0.1356752408203882
20-01-2026 15:25||NIFTY27JAN2625300CE,0.1326817160066576
20-01-2026 15:25||NIFTY27JAN2625900CE,0.1341374193581084
20-01-2026 15:25||NIFTY27JAN2626200CE,0.1502105777317088
21-01-2026 09:15||NIFTY27JAN2625200CE,0.1588498781800051
21-01-2026 09:15||NIFTY27JAN2625400CE,0.1461958434599183
21-01-2026 09:15||NIFTY27JAN2625900CE,0.1427770103576274
21-01-2026 09:15||NIFTY27JAN2626200CE,0.1590850032867799
21-01-2026 09:20||NIFTY27JAN2623900PE,0.2192140621421792
21-01-2026 09:20||NIFTY27JAN2624300PE,0.1786435867051919
21-01-2026 09:20||NIFTY27JAN2624400PE,0.1687432420866831
21-01-2026 09:25||NIFTY27JAN2624000PE,0.2185254577304293
21-01-2026 09:25||NIFTY27JAN2624300PE,0.1885030535526173
21-01-2026 09:25||NIFTY27JAN2624400PE,0.1786361994743459
21-01-2026 09:25||NIFTY27JAN2625100PE,0.1266721557475872
21-01-2026 09:25||NIFTY27JAN2625300CE,0.1095873951024307
21-01-2026 09:25||NIFTY27JAN2625600CE,0.1108315451792375
21-01-2026 09:25||NIFTY27JAN2625800CE,0.1181456815797513
21-01-2026 09:30||NIFTY27JAN2623800PE,0.235630299919815
21-01-2026 09:30||NIFTY27JAN2623900PE,0.2251164222279804
21-01-2026 09:30||NIFTY27JAN2624000PE,0.2146464439445186
21-01-2026 09:30||NIFTY27JAN2624400PE,0.1731331883266648
21-01-2026 09:30||NIFTY27JAN2625300CE,0.1296229129402556
21-01-2026 09:30||NIFTY27JAN2625700CE,0.1218387312699138
21-01-2026 09:35||NIFTY27JAN2623900PE,0.2281271162249006
21-01-2026 09:35||NIFTY27JAN2624200PE,0.1967299454197985
21-01-2026 09:35||NIFTY27JAN2625200CE,0.10823869478443
21-01-2026 09:35||NIFTY27JAN2625300CE,0.1083495660738275
21-01-2026 09:35||NIFTY27JAN2625600CE,0.1104452620764333
21-01-2026 09:35||NIFTY27JAN2626200CE,0.146889151474861
21-01-2026 09:40||NIFTY27JAN2624400PE,0.168257761185194
21-01-2026 09:40||NIFTY27JAN2625100PE,0.1076997006778465
21-01-2026 09:40||NIFTY27JAN2625200CE,0.12739394063043
21-01-2026 09:40||NIFTY27JAN2625900CE,0.1311732871685825
21-01-2026 09:40||NIFTY27JAN2626300CE,0.1600116700148445
21-01-2026 09:40||NIFTY27JAN2626400CE,0.1680662740015359
21-01-2026 09:45||NIFTY27JAN2623800PE,0.2300255996696049
21-01-2026 09:45||NIFTY27JAN2624100PE,0.1984880395854918
21-01-2026 09:45||NIFTY27JAN2624400PE,0.1679254120367357
21-01-2026 09:45||NIFTY27JAN2625200CE,0.1257833069654107
21-01-2026 09:45||NIFTY27JAN2625600CE,0.1185753732313311
21-01-2026 09:45||NIFTY27JAN2626000CE,0.1367587354038294
21-01-2026 09:45||NIFTY27JAN2626300CE,0.1596879195972124
21-01-2026 09:50||NIFTY27JAN2624700PE,0.1382139612075469
21-01-2026 09:50||NIFTY27JAN2624900PE,0.1230876568271785
21-01-2026 09:50||NIFTY27JAN2625400CE,0.1157738618154
21-01-2026 09:50||NIFTY27JAN2625600CE,0.1164264159577425
21-01-2026 09:50||NIFTY27JAN2625800CE,0.1245884018989932
21-01-2026 09:55||NIFTY27JAN2624100PE,0.1951574122388606
21-01-2026 09:55||NIFTY27JAN2624200PE,0.1856976351077638
21-01-2026 09:55||NIFTY27JAN2624400PE,0.1668650573987368
21-01-2026 09:55||NIFTY27JAN2624800PE,0.1333631375895217
21-01-2026 09:55||NIFTY27JAN2625400CE,0.1108959370833535
21-01-2026 09:55||NIFTY27JAN2626000CE,0.1359965051076473
21-01-2026 09:55||NIFTY27JAN2626100CE,0.1439475268572186
21-01-2026 09:55||NIFTY27JAN2626200CE,0.1521894311310032
21-01-2026 09:55||NIFTY27JAN2626500CE,0.1772834077958404
21-01-2026 10:00||NIFTY27JAN2624000PE,0.2016882412212761
21-01-2026 10:00||NIFTY27JAN2625000PE,0.1150703922711084
21-01-2026 10:00||NIFTY27JAN2625300CE,0.1222931671942999
21-01-2026 10:00||NIFTY27JAN2625400CE,0.1200993288910959
21-01-2026 10:00||NIFTY27JAN2626500CE,0.180492694230486
21-01-2026 10:05||NIFTY27JAN2625200CE,0.116534554467328
21-01-2026 10:05||NIFTY27JAN2625600CE,0.1166775065161047
21-01-2026 10:05||NIFTY27JAN2625700CE,0.1202306552927523
21-01-2026 10:05||NIFTY27JAN2625800CE,0.1249676896852867
21-01-2026 10:10||NIFTY27JAN2624000PE,0.1976622285661357
21-01-2026 10:10||NIFTY27JAN2624400PE,0.1591659177664675
21-01-2026 10:10||NIFTY27JAN2625800CE,0.129815737510574
21-01-2026 10:10||NIFTY27JAN2626100CE,0.1498376462590594
21-01-2026 10:15||NIFTY27JAN2624000PE,0.1999286243700628
21-01-2026 10:15||NIFTY27JAN2624200PE,0.1799953798993059
21-01-2026 10:15||NIFTY27JAN2624500PE,0.1513538192433038
21-01-2026 10:15||NIFTY27JAN2624600PE,0.1427034359133954
21-01-2026 10:15||NIFTY27JAN2625500CE,0.1175144917851778
21-01-2026 10:15||NIFTY27JAN2626100CE,0.1486066146550357
21-01-2026 10:20||NIFTY27JAN2625700CE,0.1194175817219045
21-01-2026 10:25||NIFTY27JAN2624300PE,0.1700063855250842
21-01-2026 10:25||NIFTY27JAN2625000PE,0.1178337362769878
21-01-2026 10:25||NIFTY27JAN2625700CE,0.1269291616446001
21-01-2026 10:25||NIFTY27JAN2626200CE,0.1622230900637071
21-01-2026 10:30||NIFTY27JAN2624200PE,0.1774018450037499
21-01-2026 10:30||NIFTY27JAN2624700PE,0.1341240528537847
21-01-2026 10:30||NIFTY27JAN2624800PE,0.1271983093086842
21-01-2026 10:30||NIFTY27JAN2625200CE,0.1212537227819898
21-01-2026 10:30||NIFTY27JAN2625900CE,0.1398205492323337
21-01-2026 10:30||NIFTY27JAN2626300CE,0.1712243806310038
21-01-2026 10:30||NIFTY27JAN2626400CE,0.1789416327568463
21-01-2026 10:35||NIFTY27JAN2624400PE,0.158635962533555
21-01-2026 10:35||NIFTY27JAN2625100PE,0.1144079241993994
21-01-2026 10:35||NIFTY27JAN2625500CE,0.1191675757892318
21-01-2026 10:35||NIFTY27JAN2625600CE,0.12243078118754
21-01-2026 10:35||NIFTY27JAN2625800CE,0.133255033449052
21-01-2026 10:35||NIFTY27JAN2625900CE,0.1398358157176073
21-01-2026 10:40||NIFTY27JAN2624200PE,0.1836022046045433
21-01-2026 10:40||NIFTY27JAN2624800PE,0.1419826505188893
21-01-2026 10:40||NIFTY27JAN2625200CE,0.1092854385356396
21-01-2026 10:40||NIFTY27JAN2625400CE,0.1155649715130282
21-01-2026 10:40||NIFTY27JAN2626300CE,0.1751073370750945
21-01-2026 10:45||NIFTY27JAN2624700PE,0.1356091118119657
21-01-2026 10:45||NIFTY27JAN2624800PE,0.129611450800739
21-01-2026 10:45||NIFTY27JAN2625700CE,0.1416143190799864
21-01-2026 10:45||NIFTY27JAN2626400CE,0.1921618684702636
21-01-2026 10:45||NIFTY27JAN2626500CE,0.199874467046581
21-01-2026 10:50||NIFTY27JAN2624100PE,0.1950579057736449
21-01-2026 10:50||NIFTY27JAN2624300PE,0.1774842094213364
21-01-2026 10:50||NIFTY27JAN2624400PE,0.1697429538429958
21-01-2026 10:50||NIFTY27JAN2624500PE,0.1626895325032595
21-01-2026 10:50||NIFTY27JAN2625400CE,0.1255861088808851
21-01-2026 10:50||NIFTY27JAN2625700CE,0.1405867549298786
21-01-2026 10:50||NIFTY27JAN2625900CE,0.1547857483707506
21-01-2026 10:50||NIFTY27JAN2626400CE,0.1941282857521538
21-01-2026 10:55||NIFTY27JAN2623900PE,0.2107243787643825
21-01-2026 10:55||NIFTY27JAN2624300PE,0.1720743855838474
21-01-2026 10:55||NIFTY27JAN2624800PE,0.1309381586277006
21-01-2026 10:55||NIFTY27JAN2625000PE,0.1160799100413749
21-01-2026 10:55||NIFTY27JAN2625100PE,0.1086894412791817
21-01-2026 10:55||NIFTY27JAN2625300CE,0.1416168371195576
21-01-2026 10:55||NIFTY27JAN2625900CE,0.163007335912059
21-01-2026 10:55||NIFTY27JAN2626200CE,0.184492131917456
21-01-2026 11:00||NIFTY27JAN2624000PE,0.2040183229272221
21-01-2026 11:00||NIFTY27JAN2624300PE,0.1750543752806146
21-01-2026 11:00||NIFTY27JAN2624600PE,0.1506035293469841
21-01-2026 11:00||NIFTY27JAN2624800PE,0.1375505429985035
21-01-2026 11:00||NIFTY27JAN2625100PE,0.1224591617276428
21-01-2026 11:00||NIFTY27JAN2625300CE,0.1342965535434269
21-01-2026 11:05||NIFTY27JAN2624000PE,0.1987282196815013
21-01-2026 11:05||NIFTY27JAN2624100PE,0.1883388330068792
21-01-2026 11:05||NIFTY27JAN2624400PE,0.1596479856092855
21-01-2026 11:05||NIFTY27JAN2625000PE,0.1173287263377272
21-01-2026 11:05||NIFTY27JAN2625200CE,0.1363148118676525
21-01-2026 11:10||NIFTY27JAN2624800PE,0.1251947379034557
21-01-2026 11:10||NIFTY27JAN2625200CE,0.1373872329653868
21-01-2026 11:10||NIFTY27JAN2625300CE,0.1388414848370341
21-01-2026 11:10||NIFTY27JAN2625500CE,0.1409365703355091
21-01-2026 11:10||NIFTY27JAN2625900CE,0.1569946447127039
21-01-2026 11:10||NIFTY27JAN2626100CE,0.170686488756708
21-01-2026 11:15||NIFTY27JAN2624300PE,0.1714684370167289
21-01-2026 11:15||NIFTY27JAN2625100PE,0.1051704192426331
21-01-2026 11:15||NIFTY27JAN2625400CE,0.1388286360591265
21-01-2026 11:20||NIFTY27JAN2623900PE,0.215486484995938
21-01-2026 11:20||NIFTY27JAN2625800CE,0.1432632446851773
21-01-2026 11:20||NIFTY27JAN2626000CE,0.1565987504695822
21-01-2026 11:20||NIFTY27JAN2626100CE,0.1636560436890398
21-01-2026 11:20||NIFTY27JAN2626400CE,0.1842444386269778
21-01-2026 11:20||NIFTY27JAN2626500CE,0.1907940210939592
21-01-2026 11:25||NIFTY27JAN2624600PE,0.1543620093783528
21-01-2026 11:25||NIFTY27JAN2624800PE,0.1395920981614197
21-01-2026 11:30||NIFTY27JAN2623900PE,0.2162972316681382
21-01-2026 11:30||NIFTY27JAN2624000PE,0.2065888406906041
21-01-2026 11:30||NIFTY27JAN2624100PE,0.196978493039498
21-01-2026 11:30||NIFTY27JAN2624400PE,0.169067798319813
21-01-2026 11:30||NIFTY27JAN2625400CE,0.130529563855538
21-01-2026 11:30||NIFTY27JAN2625800CE,0.144754184909082
21-01-2026 11:30||NIFTY27JAN2626000CE,0.1576279303593109
21-01-2026 11:30||NIFTY27JAN2626500CE,0.1948196723109913
21-01-2026 11:35||NIFTY27JAN2623900PE,0.2174651156454475
21-01-2026 11:35||NIFTY27JAN2624600PE,0.1530581513916739
21-01-2026 11:35||NIFTY27JAN2626100CE,0.1642169987774254
21-01-2026 11:35||NIFTY27JAN2626300CE,0.1791061781595664
21-01-2026 11:40||NIFTY27JAN2624800PE,0.1363536380745219
21-01-2026 11:40||NIFTY27JAN2625100PE,0.1176742316014152
21-01-2026 11:40||NIFTY27JAN2625200CE,0.1322716237666125
21-01-2026 11:40||NIFTY27JAN2625700CE,0.1397901575908978
21-01-2026 11:45||NIFTY27JAN2624600PE,0.1508992436724182
21-01-2026 11:45||NIFTY27JAN2625100PE,0.1158560280133816
21-01-2026 11:45||NIFTY27JAN2625200CE,0.1319091094932764
21-01-2026 11:45||NIFTY27JAN2625400CE,0.1313876539154607
21-01-2026 11:50||NIFTY27JAN2624000PE,0.2069888982285691
21-01-2026 11:50||NIFTY27JAN2624100PE,0.1969747151151878
21-01-2026 11:50||NIFTY27JAN2624300PE,0.1774240403990254
21-01-2026 11:55||NIFTY27JAN2624000PE,0.20723597967072
21-01-2026 11:55||NIFTY27JAN2624600PE,0.1513503567158613
21-01-2026 11:55||NIFTY27JAN2624700PE,0.1435627117559959
21-01-2026 11:55||NIFTY27JAN2624900PE,0.1297695578160668
21-01-2026 12:00||NIFTY27JAN2624100PE,0.1945789583261693
21-01-2026 12:00||NIFTY27JAN2624200PE,0.1842908787826793
21-01-2026 12:00||NIFTY27JAN2624700PE,0.1366665339128383
21-01-2026 12:00||NIFTY27JAN2624800PE,0.1284839267382393
21-01-2026 12:00||NIFTY27JAN2625600CE,0.135663594724098
21-01-2026 12:00||NIFTY27JAN2625900CE,0.1477839856457223
21-01-2026 12:05||NIFTY27JAN2623800PE,0.2282574564577746
21-01-2026 12:05||NIFTY27JAN2624100PE,0.1989773889681164
21-01-2026 12:05||NIFTY27JAN2625500CE,0.1248757938181233
21-01-2026 12:05||NIFTY27JAN2626200CE,0.160636663994159
21-01-2026 12:10||NIFTY27JAN2624100PE,0.1938023035345208
21-01-2026 12:10||NIFTY27JAN2624200PE,0.183770897988366
21-01-2026 12:10||NIFTY27JAN2625000PE,0.1151957100047368
21-01-2026 12:10||NIFTY27JAN2625900CE,0.1434240009466154
21-01-2026 12:10||NIFTY27JAN2626500CE,0.1838257627642011
21-01-2026 12:15||NIFTY27JAN2623800PE,0.2260545501490615
21-01-2026 12:15||NIFTY27JAN2624200PE,0.1855732027348209
21-01-2026 12:15||NIFTY27JAN2625400CE,0.1330153130435962
21-01-2026 12:15||NIFTY27JAN2625700CE,0.1346644617625164
21-01-2026 12:20||NIFTY27JAN2624200PE,0.1907167652323674
21-01-2026 12:20||NIFTY27JAN2625000PE,0.1203300045909498
21-01-2026 12:20||NIFTY27JAN2625400CE,0.1281875447808989
21-01-2026 12:20||NIFTY27JAN2625600CE,0.1279243702241794
21-01-2026 12:20||NIFTY27JAN2625700CE,0.130072917842838
21-01-2026 12:20||NIFTY27JAN2626300CE,0.1631145305390936
21-01-2026 12:25||NIFTY27JAN2624000PE,0.2191393909977785
21-01-2026 12:25||NIFTY27JAN2624500PE,0.172715262180035
21-01-2026 12:25||NIFTY27JAN2624600PE,0.1645982169614773
21-01-2026 12:25||NIFTY27JAN2624700PE,0.1569008824977575
21-01-2026 12:25||NIFTY27JAN2625700CE,0.1222897903822654
21-01-2026 12:25||NIFTY27JAN2626500CE,0.1760854258709814
21-01-2026 12:30||NIFTY27JAN2624100PE,0.2046228994920689
21-01-2026 12:30||NIFTY27JAN2624200PE,0.1947235174891482
21-01-2026 12:30||NIFTY27JAN2625300CE,0.1376038891378698
21-01-2026 12:30||NIFTY27JAN2625800CE,0.1349059519541773
21-01-2026 12:35||NIFTY27JAN2624000PE,0.2142007513494354
21-01-2026 12:35||NIFTY27JAN2624100PE,0.2044033838095462
21-01-2026 12:35||NIFTY27JAN2625600CE,0.1314775722431239
21-01-2026 12:35||NIFTY27JAN2626400CE,0.1674018304785371
21-01-2026 12:40||NIFTY27JAN2624500PE,0.1748048074524295
21-01-2026 12:40||NIFTY27JAN2624700PE,0.1578629199697543
21-01-2026 12:40||NIFTY27JAN2624800PE,0.1496243242308541
21-01-2026 12:40||NIFTY27JAN2625200CE,0.1338612962730407
21-01-2026 12:40||NIFTY27JAN2625400CE,0.1277673303697077
21-01-2026 12:40||NIFTY27JAN2625900CE,0.1326179456787571
21-01-2026 12:45||NIFTY27JAN2623800PE,0.2441593988609313
21-01-2026 12:45||NIFTY27JAN2624400PE,0.1870618450922724
21-01-2026 12:45||NIFTY27JAN2625300CE,0.1410372305187527
21-01-2026 12:45||NIFTY27JAN2625800CE,0.1304859408287986
21-01-2026 12:45||NIFTY27JAN2626200CE,0.1476825382711007
21-01-2026 12:50||NIFTY27JAN2623800PE,0.2476576050492845
21-01-2026 12:50||NIFTY27JAN2624100PE,0.2193733824798174
21-01-2026 12:50||NIFTY27JAN2625200CE,0.1494153466007821
21-01-2026 12:50||NIFTY27JAN2625500CE,0.1329783526768843
21-01-2026 12:50||NIFTY27JAN2625600CE,0.1306206429326881
21-01-2026 12:55||NIFTY27JAN2625300CE,0.132522454897022
21-01-2026 12:55||NIFTY27JAN2625400CE,0.1279262293273923
21-01-2026 12:55||NIFTY27JAN2625600CE,0.125723049358155
21-01-2026 12:55||NIFTY27JAN2625700CE,0.1262552024215936
21-01-2026 12:55||NIFTY27JAN2625800CE,0.1277029052284517
21-01-2026 12:55||NIFTY27JAN2625900CE,0.1302384361363028
21-01-2026 12:55||NIFTY27JAN2626500CE,0.1636906164376975
21-01-2026 13:00||NIFTY27JAN2624600PE,0.1754238470492765
21-01-2026 13:00||NIFTY27JAN2624700PE,0.1665138590519577
21-01-2026 13:00||NIFTY27JAN2626100CE,0.1394177334372503
21-01-2026 13:05||NIFTY27JAN2623800PE,0.2521349557812972
21-01-2026 13:05||NIFTY27JAN2623900PE,0.2426075877115029
21-01-2026 13:05||NIFTY27JAN2624100PE,0.2240043446884506
21-01-2026 13:05||NIFTY27JAN2625600CE,0.1161234259345075
21-01-2026 13:05||NIFTY27JAN2626300CE,0.1494746236410824
21-01-2026 13:05||NIFTY27JAN2626400CE,0.1567326869877247
21-01-2026 13:10||NIFTY27JAN2625800CE,0.1305241707551755
21-01-2026 13:10||NIFTY27JAN2626200CE,0.149239153387821
21-01-2026 13:15||NIFTY27JAN2624400PE,0.1890659050439283
21-01-2026 13:15||NIFTY27JAN2625400CE,0.1255149248943077
21-01-2026 13:15||NIFTY27JAN2625800CE,0.1267236638415552
21-01-2026 13:20||NIFTY27JAN2623800PE,0.2468262695261926
21-01-2026 13:20||NIFTY27JAN2623900PE,0.2373032536700181
21-01-2026 13:20||NIFTY27JAN2624600PE,0.1725778225065499
21-01-2026 13:20||NIFTY27JAN2624800PE,0.1560607138299882
21-01-2026 13:20||NIFTY27JAN2625400CE,0.122314268629907
21-01-2026 13:20||NIFTY27JAN2626200CE,0.1476997944402787
21-01-2026 13:25||NIFTY27JAN2624200PE,0.204740641439211
21-01-2026 13:25||NIFTY27JAN2624300PE,0.1949175887129214
21-01-2026 13:25||NIFTY27JAN2624900PE,0.1438720336957032
21-01-2026 13:25||NIFTY27JAN2625000PE,0.1369677484045085
21-01-2026 13:25||NIFTY27JAN2625200CE,0.1331829505288368
21-01-2026 13:25||NIFTY27JAN2625700CE,0.126431878886899
21-01-2026 13:25||NIFTY27JAN2626000CE,0.1384848227085183
21-01-2026 13:25||NIFTY27JAN2626300CE,0.1572303423983666
21-01-2026 13:30||NIFTY27JAN2624000PE,0.2286705123746039
21-01-2026 13:30||NIFTY27JAN2624400PE,0.1911974797945817
21-01-2026 13:30||NIFTY27JAN2625200CE,0.1127334739221504
21-01-2026 13:30||NIFTY27JAN2625300CE,0.1132878303691375
21-01-2026 13:30||NIFTY27JAN2625800CE,0.1229784122016161
21-01-2026 13:30||NIFTY27JAN2626200CE,0.1475880732092667
21-01-2026 13:30||NIFTY27JAN2626300CE,0.1550157482882432
21-01-2026 13:35||NIFTY27JAN2623800PE,0.2372056900301667
21-01-2026 13:35||NIFTY27JAN2624000PE,0.218280719891932
21-01-2026 13:35||NIFTY27JAN2624700PE,0.1536434981664716
21-01-2026 13:35||NIFTY27JAN2624800PE,0.1449654784237026
21-01-2026 13:35||NIFTY27JAN2625800CE,0.1339374800395256
21-01-2026 13:35||NIFTY27JAN2626300CE,0.1603837624164766
21-01-2026 13:40||NIFTY27JAN2624600PE,0.1674608853373829
21-01-2026 13:40||NIFTY27JAN2624800PE,0.1511607049819125
21-01-2026 13:40||NIFTY27JAN2625300CE,0.1286566668701147
21-01-2026 13:40||NIFTY27JAN2625800CE,0.1298240180673076
21-01-2026 13:40||NIFTY27JAN2626200CE,0.1513477213989235
21-01-2026 13:45||NIFTY27JAN2624800PE,0.1506447819609045
21-01-2026 13:45||NIFTY27JAN2625400CE,0.1256370449827958
21-01-2026 13:45||NIFTY27JAN2625900CE,0.1335108260129799
21-01-2026 13:50||NIFTY27JAN2625100PE,0.1346036727176921
21-01-2026 13:50||NIFTY27JAN2626100CE,0.1452946078057996
21-01-2026 13:55||NIFTY27JAN2624300PE,0.1925601533361085
21-01-2026 13:55||NIFTY27JAN2624400PE,0.183478421075849
21-01-2026 13:55||NIFTY27JAN2625500CE,0.1218421870754726
21-01-2026 13:55||NIFTY27JAN2625700CE,0.126259696091999
21-01-2026 14:00||NIFTY27JAN2623800PE,0.2337835880627014
21-01-2026 14:00||NIFTY27JAN2624200PE,0.1960702810456336
21-01-2026 14:00||NIFTY27JAN2624600PE,0.1603936432703481
21-01-2026 14:00||NIFTY27JAN2625000PE,0.1328142807962551
21-01-2026 14:00||NIFTY27JAN2625200CE,0.1314289109143375
21-01-2026 14:05||NIFTY27JAN2624500PE,0.1696100805242207
21-01-2026 14:05||NIFTY27JAN2625000PE,0.1359312966233714
21-01-2026 14:05||NIFTY27JAN2625400CE,0.1202447776355764
21-01-2026 14:05||NIFTY27JAN2626100CE,0.1456338057022436
21-01-2026 14:05||NIFTY27JAN2626500CE,0.1763001283400194
21-01-2026 14:10||NIFTY27JAN2624000PE,0.2116274376627586
21-01-2026 14:10||NIFTY27JAN2624100PE,0.2022540436596417
21-01-2026 14:10||NIFTY27JAN2624400PE,0.1749050084543874
21-01-2026 14:10||NIFTY27JAN2624500PE,0.1664226965965778
21-01-2026 14:10||NIFTY27JAN2625000PE,0.1323306696167265
21-01-2026 14:10||NIFTY27JAN2625200CE,0.1219234455535437
21-01-2026 14:10||NIFTY27JAN2626000CE,0.1406699646465863
21-01-2026 14:10||NIFTY27JAN2626400CE,0.1699637297014936
21-01-2026 14:10||NIFTY27JAN2626500CE,0.1768911692468481
21-01-2026 14:15||NIFTY27JAN2624700PE,0.1422133057626559
21-01-2026 14:15||NIFTY27JAN2625400CE,0.1314320431127518
21-01-2026 14:15||NIFTY27JAN2625800CE,0.1338229536508803
21-01-2026 14:15||NIFTY27JAN2626100CE,0.1482467672706385
21-01-2026 14:20||NIFTY27JAN2624000PE,0.215317200510687
21-01-2026 14:20||NIFTY27JAN2624300PE,0.1871438126272126
21-01-2026 14:20||NIFTY27JAN2624700PE,0.1555267156474296
21-01-2026 14:20||NIFTY27JAN2625200CE,0.1113692475227893
21-01-2026 14:20||NIFTY27JAN2625600CE,0.1158821368346842
21-01-2026 14:20||NIFTY27JAN2626100CE,0.1420551404666085
21-01-2026 14:20||NIFTY27JAN2626500CE,0.1722178653304841
21-01-2026 14:25||NIFTY27JAN2623900PE,0.2208808600635277
21-01-2026 14:25||NIFTY27JAN2624800PE,0.1480565731185659
21-01-2026 14:25||NIFTY27JAN2624900PE,0.1429661068231666
21-01-2026 14:25||NIFTY27JAN2625100PE,0.133321412872293
21-01-2026 14:25||NIFTY27JAN2626500CE,0.1774910988810731
21-01-2026 14:30||NIFTY27JAN2624500PE,0.1587602787466673
21-01-2026 14:30||NIFTY27JAN2624600PE,0.1500805113257846
21-01-2026 14:30||NIFTY27JAN2624800PE,0.133975890508731
21-01-2026 14:30||NIFTY27JAN2625200CE,0.1325145946831911
21-01-2026 14:30||NIFTY27JAN2625300CE,0.1312748520835653
21-01-2026 14:30||NIFTY27JAN2626300CE,0.1636923661226346
21-01-2026 14:35||NIFTY27JAN2624200PE,0.1880549203571647
21-01-2026 14:35||NIFTY27JAN2624700PE,0.1449453497040782
21-01-2026 14:35||NIFTY27JAN2624800PE,0.1378979508373939
21-01-2026 14:35||NIFTY27JAN2625100PE,0.1195234731163625
21-01-2026 14:35||NIFTY27JAN2625200CE,0.1279880792289992
21-01-2026 14:35||NIFTY27JAN2625800CE,0.1314117966880417
21-01-2026 14:35||NIFTY27JAN2626100CE,0.1482030289390548
21-01-2026 14:40||NIFTY27JAN2624000PE,0.2084524981601309
21-01-2026 14:40||NIFTY27JAN2624200PE,0.1900682014475787
21-01-2026 14:40||NIFTY27JAN2624500PE,0.1639550848126121
21-01-2026 14:40||NIFTY27JAN2624600PE,0.156375546654592
21-01-2026 14:40||NIFTY27JAN2624700PE,0.1493883541886564
21-01-2026 14:40||NIFTY27JAN2625100PE,0.1268808782990776
21-01-2026 14:40||NIFTY27JAN2625200CE,0.1189853265191319
21-01-2026 14:40||NIFTY27JAN2625400CE,0.1182794979040684
21-01-2026 14:40||NIFTY27JAN2625800CE,0.1281669190646062
21-01-2026 14:40||NIFTY27JAN2626200CE,0.1526109214396328
21-01-2026 14:45||NIFTY27JAN2624500PE,0.1615986026813059
21-01-2026 14:45||NIFTY27JAN2625400CE,0.1218734756249953
21-01-2026 14:45||NIFTY27JAN2625900CE,0.1347843107763788
21-01-2026 14:45||NIFTY27JAN2626100CE,0.1465915273853655
21-01-2026 14:50||NIFTY27JAN2623900PE,0.2142536276683523
21-01-2026 14:50||NIFTY27JAN2624900PE,0.1348125981301115
21-01-2026 14:50||NIFTY27JAN2625200CE,0.1159624504108191
21-01-2026 14:50||NIFTY27JAN2625300CE,0.1170834362285472
21-01-2026 14:50||NIFTY27JAN2625500CE,0.1188255349905161
21-01-2026 14:50||NIFTY27JAN2625800CE,0.127196967002464
21-01-2026 14:50||NIFTY27JAN2626300CE,0.1592326344561932
21-01-2026 14:55||NIFTY27JAN2624200PE,0.1871202900600065
21-01-2026 14:55||NIFTY27JAN2625300CE,0.1200958454803726
21-01-2026 14:55||NIFTY27JAN2625700CE,0.1237894719002769
21-01-2026 14:55||NIFTY27JAN2626100CE,0.1452237980855764
21-01-2026 15:00||NIFTY27JAN2623900PE,0.2147845128434947
21-01-2026 15:00||NIFTY27JAN2624100PE,0.1946074956159419
21-01-2026 15:00||NIFTY27JAN2624500PE,0.156755619335162
21-01-2026 15:00||NIFTY27JAN2624800PE,0.1336934634860519
21-01-2026 15:00||NIFTY27JAN2625000PE,0.1207852417020065
21-01-2026 15:00||NIFTY27JAN2625200CE,0.1295308834491188
21-01-2026 15:00||NIFTY27JAN2625300CE,0.12775694281876
21-01-2026 15:00||NIFTY27JAN2625600CE,0.1243566428566052
21-01-2026 15:00||NIFTY27JAN2626400CE,0.1671553633232634
21-01-2026 15:05||NIFTY27JAN2624300PE,0.1788065502120596
21-01-2026 15:05||NIFTY27JAN2625100PE,0.1273782834817926
21-01-2026 15:05||NIFTY27JAN2626200CE,0.1499687782189553
21-01-2026 15:10||NIFTY27JAN2624300PE,0.1795960261954319
21-01-2026 15:10||NIFTY27JAN2624500PE,0.1627714610817704
21-01-2026 15:10||NIFTY27JAN2624600PE,0.1553841277438813
21-01-2026 15:10||NIFTY27JAN2625700CE,0.1207904262634115
21-01-2026 15:10||NIFTY27JAN2625800CE,0.1254967269221673
21-01-2026 15:10||NIFTY27JAN2625900CE,0.1306769931293451
21-01-2026 15:10||NIFTY27JAN2626500CE,0.1754394805652639
21-01-2026 15:15||NIFTY27JAN2624200PE,0.1861982458030862
21-01-2026 15:15||NIFTY27JAN2624300PE,0.1771153597166732
21-01-2026 15:15||NIFTY27JAN2624800PE,0.1392986149305158
21-01-2026 15:15||NIFTY27JAN2624900PE,0.1338898853454954
21-01-2026 15:15||NIFTY27JAN2625200CE,0.1167389320963518
21-01-2026 15:15||NIFTY27JAN2625300CE,0.1168296449694952
21-01-2026 15:15||NIFTY27JAN2625600CE,0.1188760762630206
21-01-2026 15:15||NIFTY27JAN2625700CE,0.1216665232300465
21-01-2026 15:15||NIFTY27JAN2625900CE,0.1312546461717416
21-01-2026 15:15||NIFTY27JAN2626200CE,0.1520694165214534
21-01-2026 15:20||NIFTY27JAN2623800PE,0.2232590784661609
21-01-2026 15:20||NIFTY27JAN2624800PE,0.140053816940052
21-01-2026 15:20||NIFTY27JAN2625100PE,0.1268362874684964
21-01-2026 15:20||NIFTY27JAN2625400CE,0.1112768686001695
21-01-2026 15:20||NIFTY27JAN2625600CE,0.114672086715349
21-01-2026 15:25||NIFTY27JAN2623800PE,0.2215458116410343
21-01-2026 15:25||NIFTY27JAN2624200PE,0.1811251089137565
21-01-2026 15:25||NIFTY27JAN2624500PE,0.1535530275743686
21-01-2026 15:25||NIFTY27JAN2624800PE,0.1300652146496519
21-01-2026 15:25||NIFTY27JAN2625100PE,0.1140398004518976
21-01-2026 15:25||NIFTY27JAN2626200CE,0.1503009348266822
22-01-2026 09:15||NIFTY27JAN2623800PE,0.2467812273447164
22-01-2026 09:15||NIFTY27JAN2625100PE,0.1253033533555647
22-01-2026 09:15||NIFTY27JAN2625300CE,0.1044538074425209
22-01-2026 09:20||NIFTY27JAN2623900PE,0.2336673192955587
22-01-2026 09:20||NIFTY27JAN2624000PE,0.222239061198207
22-01-2026 09:20||NIFTY27JAN2624300PE,0.1883861742715076
22-01-2026 09:20||NIFTY27JAN2624500PE,0.1671206850794226
22-01-2026 09:20||NIFTY27JAN2624800PE,0.1389482483808796
22-01-2026 09:20||NIFTY27JAN2625200CE,0.1144473267517885
22-01-2026 09:20||NIFTY27JAN2626300CE,0.1506538761068641
22-01-2026 09:25||NIFTY27JAN2624700PE,0.144175618290776
22-01-2026 09:25||NIFTY27JAN2625000PE,0.1177562665409618
22-01-2026 09:25||NIFTY27JAN2625200CE,0.1450569307633304
22-01-2026 09:25||NIFTY27JAN2625500CE,0.1267549576786341
22-01-2026 09:25||NIFTY27JAN2625600CE,0.1234519538593762
22-01-2026 09:25||NIFTY27JAN2626200CE,0.1443741799445979
22-01-2026 09:30||NIFTY27JAN2624600PE,0.2023508358859178
22-01-2026 09:30||NIFTY27JAN2624800PE,0.1730788578581767
22-01-2026 09:30||NIFTY27JAN2624900PE,0.159246033887435
22-01-2026 09:30||NIFTY27JAN2625100PE,0.1320972608880411
22-01-2026 09:30||NIFTY27JAN2625500CE,0.1157232968833188
22-01-2026 09:30||NIFTY27JAN2625800CE,0.1186810428346674
22-01-2026 09:30||NIFTY27JAN2626000CE,0.1293067068557319
22-01-2026 09:30||NIFTY27JAN2626300CE,0.1510250699572599
22-01-2026 09:35||NIFTY27JAN2624100PE,0.2786195726989897
22-01-2026 09:40||NIFTY27JAN2624100PE,0.2666578163137455
22-01-2026 09:40||NIFTY27JAN2624500PE,0.2175857179841447
22-01-2026 09:40||NIFTY27JAN2626000CE,0.1314062327509269
22-01-2026 09:40||NIFTY27JAN2626200CE,0.1460842255254811
22-01-2026 09:45||NIFTY27JAN2623900PE,0.2783809517514564
22-01-2026 09:45||NIFTY27JAN2624200PE,0.2460929360957314
22-01-2026 09:50||NIFTY27JAN2623900PE,0.2734079887575085
22-01-2026 09:50||NIFTY27JAN2624100PE,0.2529521895002644
22-01-2026 09:50||NIFTY27JAN2624900PE,0.1641449062183878
22-01-2026 09:50||NIFTY27JAN2625000PE,0.1538059179336743
22-01-2026 09:50||NIFTY27JAN2625600CE,0.1069511613756298
22-01-2026 09:50||NIFTY27JAN2625800CE,0.1147874970855711
22-01-2026 09:50||NIFTY27JAN2625900CE,0.1202483311002552
22-01-2026 09:50||NIFTY27JAN2626300CE,0.1473701229855594
22-01-2026 09:50||NIFTY27JAN2626500CE,0.1619407805781781
22-01-2026 09:55||NIFTY27JAN2624700PE,0.1650033151518943
22-01-2026 09:55||NIFTY27JAN2624800PE,0.1546168007250398
22-01-2026 09:55||NIFTY27JAN2624900PE,0.1446107628735845
22-01-2026 09:55||NIFTY27JAN2625200CE,0.1360645941235714
22-01-2026 09:55||NIFTY27JAN2625500CE,0.1205869282604821
22-01-2026 10:00||NIFTY27JAN2624200PE,0.2194924482432395
22-01-2026 10:00||NIFTY27JAN2624700PE,0.1635959045242836
22-01-2026 10:00||NIFTY27JAN2625100PE,0.1296301797210375
22-01-2026 10:00||NIFTY27JAN2625400CE,0.1044592381721609
22-01-2026 10:00||NIFTY27JAN2625600CE,0.104363286713668
22-01-2026 10:00||NIFTY27JAN2626100CE,0.1279510371740664
22-01-2026 10:00||NIFTY27JAN2626500CE,0.1575567897432973
22-01-2026 10:05||NIFTY27JAN2624500PE,0.1853701932148566
22-01-2026 10:05||NIFTY27JAN2624800PE,0.1527671665305758
22-01-2026 10:05||NIFTY27JAN2625000PE,0.1348134027163162
22-01-2026 10:05||NIFTY27JAN2625400CE,0.1100842319369821
22-01-2026 10:05||NIFTY27JAN2625700CE,0.1103164797214207
22-01-2026 10:05||NIFTY27JAN2625800CE,0.1131905098642259
22-01-2026 10:05||NIFTY27JAN2626100CE,0.1301892544516086
22-01-2026 10:05||NIFTY27JAN2626400CE,0.1526979019898288
22-01-2026 10:10||NIFTY27JAN2623800PE,0.2578024769772378
22-01-2026 10:10||NIFTY27JAN2624200PE,0.2146202985327379
22-01-2026 10:10||NIFTY27JAN2624300PE,0.2038268808076847
22-01-2026 10:10||NIFTY27JAN2624500PE,0.1811628169784959
22-01-2026 10:10||NIFTY27JAN2624800PE,0.1480957615473671
22-01-2026 10:10||NIFTY27JAN2625300CE,0.1271715016842192
22-01-2026 10:10||NIFTY27JAN2625500CE,0.1168380762595155
22-01-2026 10:10||NIFTY27JAN2626200CE,0.1414597143754048
22-01-2026 10:10||NIFTY27JAN2626300CE,0.1491025189732081
22-01-2026 10:15||NIFTY27JAN2623900PE,0.2475040984121649
22-01-2026 10:15||NIFTY27JAN2624400PE,0.1979427365840412
22-01-2026 10:15||NIFTY27JAN2625000PE,0.1394093734901236
22-01-2026 10:15||NIFTY27JAN2625300CE,0.0969947342600986
22-01-2026 10:15||NIFTY27JAN2625400CE,0.0971949854564909
22-01-2026 10:20||NIFTY27JAN2624000PE,0.225518765400316
22-01-2026 10:20||NIFTY27JAN2625000PE,0.1242755511975793
22-01-2026 10:20||NIFTY27JAN2625100PE,0.1154763697497059
22-01-2026 10:20||NIFTY27JAN2625400CE,0.1226888573813996
22-01-2026 10:20||NIFTY27JAN2625500CE,0.119079695693476
22-01-2026 10:20||NIFTY27JAN2625600CE,0.1171538782612195
22-01-2026 10:20||NIFTY27JAN2625900CE,0.1259987553014707
22-01-2026 10:25||NIFTY27JAN2623900PE,0.2297003903558657
22-01-2026 10:25||NIFTY27JAN2624000PE,0.2194558311398825
22-01-2026 10:25||NIFTY27JAN2624200PE,0.199126197372934
22-01-2026 10:25||NIFTY27JAN2625100PE,0.1278108782990775
22-01-2026 10:25||NIFTY27JAN2625900CE,0.1186259740614617
22-01-2026 10:25||NIFTY27JAN2626300CE,0.1493127730136359
22-01-2026 10:30||NIFTY27JAN2624300PE,0.1830510358289848
22-01-2026 10:30||NIFTY27JAN2625800CE,0.1250523197185706
22-01-2026 10:30||NIFTY27JAN2626100CE,0.1443204417066393
22-01-2026 10:35||NIFTY27JAN2625100PE,0.124022634790778
22-01-2026 10:35||NIFTY27JAN2625200CE,0.0958631658056907
22-01-2026 10:35||NIFTY27JAN2625300CE,0.098716670843258
22-01-2026 10:35||NIFTY27JAN2625400CE,0.1015589194214448
22-01-2026 10:35||NIFTY27JAN2625800CE,0.116171955574643
22-01-2026 10:40||NIFTY27JAN2624300PE,0.182365187240419
22-01-2026 10:40||NIFTY27JAN2624600PE,0.153807473542385
22-01-2026 10:40||NIFTY27JAN2625000PE,0.1232699579745184
22-01-2026 10:40||NIFTY27JAN2625800CE,0.1215110688075252
22-01-2026 10:40||NIFTY27JAN2625900CE,0.1268852248217898
22-01-2026 10:40||NIFTY27JAN2626000CE,0.1332676255404763
22-01-2026 10:45||NIFTY27JAN2623900PE,0.2271886713587505
22-01-2026 10:45||NIFTY27JAN2625000PE,0.1260798467178559
22-01-2026 10:45||NIFTY27JAN2625400CE,0.1114648786776478
22-01-2026 10:45||NIFTY27JAN2625500CE,0.1115605047349363
22-01-2026 10:45||NIFTY27JAN2625700CE,0.1156440057455293
22-01-2026 10:45||NIFTY27JAN2625900CE,0.1274680318094945
22-01-2026 10:45||NIFTY27JAN2626400CE,0.165797847793059
22-01-2026 10:45||NIFTY27JAN2626500CE,0.1736857603623312
22-01-2026 10:50||NIFTY27JAN2623900PE,0.2258946641318845
22-01-2026 10:50||NIFTY27JAN2624400PE,0.1742136933261294
22-01-2026 10:50||NIFTY27JAN2624500PE,0.1646328517371967
22-01-2026 10:50||NIFTY27JAN2624600PE,0.1551782740334658
22-01-2026 10:50||NIFTY27JAN2624900PE,0.1311189169748487
22-01-2026 10:50||NIFTY27JAN2625000PE,0.1246137201559227
22-01-2026 10:50||NIFTY27JAN2625300CE,0.1165544522241885
22-01-2026 10:50||NIFTY27JAN2625700CE,0.1193704356023121
22-01-2026 10:50||NIFTY27JAN2625900CE,0.12992894579151
22-01-2026 10:50||NIFTY27JAN2626000CE,0.136505184671994
22-01-2026 10:50||NIFTY27JAN2626300CE,0.1604844322532979
22-01-2026 10:55||NIFTY27JAN2624000PE,0.2191146846102088
22-01-2026 10:55||NIFTY27JAN2624200PE,0.1996422335933038
22-01-2026 10:55||NIFTY27JAN2624600PE,0.1636204060832507
22-01-2026 10:55||NIFTY27JAN2625900CE,0.1276471553844336
22-01-2026 11:00||NIFTY27JAN2624400PE,0.1742462323945976
22-01-2026 11:00||NIFTY27JAN2624800PE,0.1404128087877426
22-01-2026 11:00||NIFTY27JAN2626300CE,0.1638711954060269
22-01-2026 11:05||NIFTY27JAN2624500PE,0.1632777368134809
22-01-2026 11:05||NIFTY27JAN2624800PE,0.138693794994825
22-01-2026 11:05||NIFTY27JAN2625500CE,0.1206172849470501
22-01-2026 11:05||NIFTY27JAN2625600CE,0.1225776021731617
22-01-2026 11:05||NIFTY27JAN2625900CE,0.136900355580079
22-01-2026 11:05||NIFTY27JAN2626200CE,0.1579701581059775
22-01-2026 11:10||NIFTY27JAN2623800PE,0.2337936514710886
22-01-2026 11:10||NIFTY27JAN2624300PE,0.1836344190954049
22-01-2026 11:10||NIFTY27JAN2624600PE,0.1583553149020209
22-01-2026 11:10||NIFTY27JAN2624700PE,0.1508722024566262
22-01-2026 11:10||NIFTY27JAN2625000PE,0.1302570141005285
22-01-2026 11:10||NIFTY27JAN2625100PE,0.123570826619281
22-01-2026 11:10||NIFTY27JAN2625400CE,0.1157556166809481
22-01-2026 11:10||NIFTY27JAN2625800CE,0.1281645659412359
22-01-2026 11:10||NIFTY27JAN2626100CE,0.1490427524193974
22-01-2026 11:15||NIFTY27JAN2623900PE,0.2228857982682029
22-01-2026 11:15||NIFTY27JAN2624300PE,0.1824336619947456
22-01-2026 11:15||NIFTY27JAN2625600CE,0.1199169929963038
22-01-2026 11:15||NIFTY27JAN2625800CE,0.1286224478576712
22-01-2026 11:15||NIFTY27JAN2626100CE,0.1505193147884458
22-01-2026 11:15||NIFTY27JAN2626200CE,0.1581483158974699
22-01-2026 11:15||NIFTY27JAN2626400CE,0.1725950097379364
22-01-2026 11:15||NIFTY27JAN2626500CE,0.1795137622875382
22-01-2026 11:20||NIFTY27JAN2623900PE,0.2194076115077799
22-01-2026 11:20||NIFTY27JAN2624700PE,0.1406400140657312
22-01-2026 11:20||NIFTY27JAN2624800PE,0.1328611513371717
22-01-2026 11:20||NIFTY27JAN2625600CE,0.1274110479573089
22-01-2026 11:20||NIFTY27JAN2625900CE,0.1393120258114886
22-01-2026 11:25||NIFTY27JAN2623800PE,0.2356091583751597
22-01-2026 11:25||NIFTY27JAN2623900PE,0.2257216024120204
22-01-2026 11:25||NIFTY27JAN2624000PE,0.2158753307275991
22-01-2026 11:25||NIFTY27JAN2624500PE,0.1678344833795644
22-01-2026 11:25||NIFTY27JAN2624600PE,0.1591524823898986
22-01-2026 11:25||NIFTY27JAN2625800CE,0.1246400855142345
22-01-2026 11:25||NIFTY27JAN2625900CE,0.1308560394767581
22-01-2026 11:25||NIFTY27JAN2626500CE,0.1753838400623249
22-01-2026 11:30||NIFTY27JAN2624300PE,0.1798871993846514
22-01-2026 11:30||NIFTY27JAN2625800CE,0.1307204371897144
22-01-2026 11:30||NIFTY27JAN2626000CE,0.1425832320607519
22-01-2026 11:35||NIFTY27JAN2624200PE,0.1924397803237803
22-01-2026 11:35||NIFTY27JAN2625500CE,0.1161936429496929
22-01-2026 11:35||NIFTY27JAN2625900CE,0.1333965857914499
22-01-2026 11:40||NIFTY27JAN2624200PE,0.192683328336739
22-01-2026 11:40||NIFTY27JAN2624700PE,0.1502221872628396
22-01-2026 11:40||NIFTY27JAN2625200CE,0.1091930692888488
22-01-2026 11:40||NIFTY27JAN2626300CE,0.1672061939177049
22-01-2026 11:45||NIFTY27JAN2623900PE,0.2182864007014267
22-01-2026 11:45||NIFTY27JAN2624400PE,0.1677338131381433
22-01-2026 11:45||NIFTY27JAN2625000PE,0.1231552247150443
22-01-2026 11:45||NIFTY27JAN2626500CE,0.1868029087639923
22-01-2026 11:50||NIFTY27JAN2624500PE,0.1636724839367422
22-01-2026 11:50||NIFTY27JAN2624800PE,0.141401952662188
22-01-2026 11:50||NIFTY27JAN2625200CE,0.1177289702943432
22-01-2026 11:50||NIFTY27JAN2625700CE,0.1268110296118039
22-01-2026 11:50||NIFTY27JAN2626200CE,0.1600115055111199
22-01-2026 11:50||NIFTY27JAN2626300CE,0.1681336105948307
22-01-2026 11:55||NIFTY27JAN2624000PE,0.2095298806760727
22-01-2026 11:55||NIFTY27JAN2625000PE,0.1317826561486849
22-01-2026 12:00||NIFTY27JAN2623800PE,0.2279143150527032
22-01-2026 12:00||NIFTY27JAN2624300PE,0.1756005905898233
22-01-2026 12:00||NIFTY27JAN2625600CE,0.1323073937390294
22-01-2026 12:00||NIFTY27JAN2625700CE,0.1350542370313599
22-01-2026 12:00||NIFTY27JAN2626100CE,0.1598024243107098
22-01-2026 12:00||NIFTY27JAN2626400CE,0.1835650680623253
22-01-2026 12:05||NIFTY27JAN2624300PE,0.1787771105754386
22-01-2026 12:05||NIFTY27JAN2625600CE,0.1267090901561346
22-01-2026 12:05||NIFTY27JAN2625700CE,0.1298962338052561
22-01-2026 12:05||NIFTY27JAN2626000CE,0.1464055731028177
22-01-2026 12:05||NIFTY27JAN2626300CE,0.1700221587476403
22-01-2026 12:10||NIFTY27JAN2624000PE,0.2085080608432847
22-01-2026 12:10||NIFTY27JAN2624500PE,0.158939524693067
22-01-2026 12:10||NIFTY27JAN2625500CE,0.1236847350667551
22-01-2026 12:10||NIFTY27JAN2625800CE,0.1331460271475494
22-01-2026 12:10||NIFTY27JAN2626100CE,0.1532983967210859
22-01-2026 12:15||NIFTY27JAN2623800PE,0.2285373056919931
22-01-2026 12:15||NIFTY27JAN2624000PE,0.2074257662171685
22-01-2026 12:15||NIFTY27JAN2624500PE,0.1574508188549234
22-01-2026 12:15||NIFTY27JAN2626100CE,0.1537053675086158
22-01-2026 12:15||NIFTY27JAN2626400CE,0.1767397936952944
22-01-2026 12:15||NIFTY27JAN2626500CE,0.1842112327153671
22-01-2026 12:20||NIFTY27JAN2624800PE,0.1449259678740216
22-01-2026 12:20||NIFTY27JAN2624900PE,0.1394795765632889
22-01-2026 12:20||NIFTY27JAN2625900CE,0.1311132898695203
22-01-2026 12:20||NIFTY27JAN2626000CE,0.1381691887532976
22-01-2026 12:20||NIFTY27JAN2626500CE,0.1788267619521438
22-01-2026 12:25||NIFTY27JAN2623900PE,0.22076449174309
22-01-2026 12:25||NIFTY27JAN2624200PE,0.188784783094566
22-01-2026 12:25||NIFTY27JAN2624700PE,0.1421421134066564
22-01-2026 12:25||NIFTY27JAN2624800PE,0.1351053527893493
22-01-2026 12:25||NIFTY27JAN2625300CE,0.1253715875593359
22-01-2026 12:30||NIFTY27JAN2624200PE,0.1893976123999798
22-01-2026 12:30||NIFTY27JAN2624400PE,0.1693396033158641
22-01-2026 12:30||NIFTY27JAN2624500PE,0.1598793397481873
22-01-2026 12:30||NIFTY27JAN2625100PE,0.1150755090499248
22-01-2026 12:30||NIFTY27JAN2625700CE,0.1254406109579706
22-01-2026 12:30||NIFTY27JAN2625800CE,0.1295327758093374
22-01-2026 12:30||NIFTY27JAN2625900CE,0.1347751555054514
22-01-2026 12:30||NIFTY27JAN2626400CE,0.1725996704793334
22-01-2026 12:35||NIFTY27JAN2623800PE,0.2335601134763691
22-01-2026 12:35||NIFTY27JAN2624400PE,0.1721672114570627
22-01-2026 12:35||NIFTY27JAN2626100CE,0.1466238241679421
22-01-2026 12:35||NIFTY27JAN2626300CE,0.1632966711848912
22-01-2026 12:40||NIFTY27JAN2624100PE,0.1978832945756055
22-01-2026 12:40||NIFTY27JAN2626200CE,0.1575116266073728
22-01-2026 12:45||NIFTY27JAN2624700PE,0.1433332783698542
22-01-2026 12:45||NIFTY27JAN2624900PE,0.1299723553420803
22-01-2026 12:45||NIFTY27JAN2625200CE,0.1141618217869312
22-01-2026 12:45||NIFTY27JAN2625700CE,0.1205520617651146
22-01-2026 12:45||NIFTY27JAN2625800CE,0.125498861924467
22-01-2026 12:45||NIFTY27JAN2626000CE,0.138035995105909
22-01-2026 12:45||NIFTY27JAN2626100CE,0.1454533619234894
22-01-2026 12:45||NIFTY27JAN2626200CE,0.1535436679493144
22-01-2026 12:45||NIFTY27JAN2626300CE,0.1622399671264185
22-01-2026 12:45||NIFTY27JAN2626400CE,0.1714767675584028
22-01-2026 12:50||NIFTY27JAN2624200PE,0.1891549828302755
22-01-2026 12:50||NIFTY27JAN2624300PE,0.1790795008034516
22-01-2026 12:50||NIFTY27JAN2624900PE,0.1323212936194994
22-01-2026 12:50||NIFTY27JAN2625900CE,0.1311867534727494
22-01-2026 12:50||NIFTY27JAN2626200CE,0.1544006264578412
22-01-2026 12:50||NIFTY27JAN2626300CE,0.1632115754506235
22-01-2026 12:55||NIFTY27JAN2624400PE,0.1646357411556069
22-01-2026 12:55||NIFTY27JAN2625100PE,0.1193186826844519
22-01-2026 12:55||NIFTY27JAN2626100CE,0.1529291765116253
22-01-2026 12:55||NIFTY27JAN2626400CE,0.1789872055477141
22-01-2026 13:00||NIFTY27JAN2624000PE,0.2044133865286234
22-01-2026 13:00||NIFTY27JAN2624400PE,0.1630741881404656
22-01-2026 13:00||NIFTY27JAN2624900PE,0.1256334395638551
22-01-2026 13:00||NIFTY27JAN2625700CE,0.1251442690806097
22-01-2026 13:05||NIFTY27JAN2623800PE,0.2264124503509888
22-01-2026 13:05||NIFTY27JAN2624100PE,0.1933953743705034
22-01-2026 13:05||NIFTY27JAN2624400PE,0.1632721758773841
22-01-2026 13:05||NIFTY27JAN2625000PE,0.1226785456377868
22-01-2026 13:05||NIFTY27JAN2625300CE,0.1153752311702239
22-01-2026 13:05||NIFTY27JAN2625400CE,0.1154947453515632
22-01-2026 13:05||NIFTY27JAN2625700CE,0.1249182598057803
22-01-2026 13:10||NIFTY27JAN2624200PE,0.1842165701762227
22-01-2026 13:10||NIFTY27JAN2625300CE,0.1111361774673989
22-01-2026 13:10||NIFTY27JAN2625500CE,0.1145712882526826
22-01-2026 13:10||NIFTY27JAN2626000CE,0.1440879464747393
22-01-2026 13:10||NIFTY27JAN2626500CE,0.1898819799931884
22-01-2026 13:15||NIFTY27JAN2624200PE,0.1810911421785644
22-01-2026 13:15||NIFTY27JAN2624600PE,0.1426794034400737
22-01-2026 13:15||NIFTY27JAN2624700PE,0.1345381470579192
22-01-2026 13:15||NIFTY27JAN2625200CE,0.1267602574525038
22-01-2026 13:15||NIFTY27JAN2625600CE,0.1238969753861564
22-01-2026 13:20||NIFTY27JAN2623900PE,0.2146010978189413
22-01-2026 13:20||NIFTY27JAN2624700PE,0.1370522411535172
22-01-2026 13:20||NIFTY27JAN2624900PE,0.1244786036099933
22-01-2026 13:20||NIFTY27JAN2625200CE,0.1184829307007154
22-01-2026 13:20||NIFTY27JAN2625500CE,0.1183778862645225
22-01-2026 13:20||NIFTY27JAN2626100CE,0.1538535707453757
22-01-2026 13:25||NIFTY27JAN2624900PE,0.1294327196210491
22-01-2026 13:25||NIFTY27JAN2625100PE,0.1202382225459832
22-01-2026 13:25||NIFTY27JAN2625800CE,0.1293669948056967
22-01-2026 13:25||NIFTY27JAN2626100CE,0.154582606425368
22-01-2026 13:25||NIFTY27JAN2626300CE,0.1724919332410739
22-01-2026 13:30||NIFTY27JAN2623800PE,0.2214802384895026
22-01-2026 13:30||NIFTY27JAN2624000PE,0.1993508643639557
22-01-2026 13:30||NIFTY27JAN2624100PE,0.1883383452579645
22-01-2026 13:30||NIFTY27JAN2624600PE,0.1381917612990666
22-01-2026 13:30||NIFTY27JAN2625100PE,0.0991094611562511
22-01-2026 13:30||NIFTY27JAN2625800CE,0.1368853127210346
22-01-2026 13:30||NIFTY27JAN2625900CE,0.1431016024744875
22-01-2026 13:35||NIFTY27JAN2623800PE,0.225782162676527
22-01-2026 13:35||NIFTY27JAN2623900PE,0.2157250852909379
22-01-2026 13:35||NIFTY27JAN2624400PE,0.1670886873228238
22-01-2026 13:35||NIFTY27JAN2624600PE,0.1499604849308589
22-01-2026 13:35||NIFTY27JAN2624700PE,0.1431481975173464
22-01-2026 13:35||NIFTY27JAN2625300CE,0.1056961854112318
22-01-2026 13:35||NIFTY27JAN2625500CE,0.1102126479142396
22-01-2026 13:35||NIFTY27JAN2625700CE,0.1190928044466967
22-01-2026 13:35||NIFTY27JAN2626000CE,0.1411878785927355
22-01-2026 13:35||NIFTY27JAN2626100CE,0.1499147410310911
22-01-2026 13:35||NIFTY27JAN2626400CE,0.1761269832825041
22-01-2026 13:40||NIFTY27JAN2624000PE,0.2023938725883478
22-01-2026 13:40||NIFTY27JAN2624200PE,0.1812234497273128
22-01-2026 13:40||NIFTY27JAN2624300PE,0.1711970613012685
22-01-2026 13:40||NIFTY27JAN2624400PE,0.1614295810156565
22-01-2026 13:40||NIFTY27JAN2624900PE,0.1218602976823436
22-01-2026 13:40||NIFTY27JAN2625100PE,0.1095024802601116
22-01-2026 13:40||NIFTY27JAN2625300CE,0.120710263754341
22-01-2026 13:40||NIFTY27JAN2625400CE,0.1192162502798475
22-01-2026 13:40||NIFTY27JAN2625600CE,0.1221713643737397
22-01-2026 13:40||NIFTY27JAN2626000CE,0.1456829760845824
22-01-2026 13:40||NIFTY27JAN2626300CE,0.1718288437728053
22-01-2026 13:45||NIFTY27JAN2624400PE,0.1594053311697499
22-01-2026 13:45||NIFTY27JAN2625200CE,0.1276488317062099
22-01-2026 13:45||NIFTY27JAN2625800CE,0.1328083741626261
22-01-2026 13:45||NIFTY27JAN2626100CE,0.1560144415326276
22-01-2026 13:45||NIFTY27JAN2626300CE,0.1724090028339295
22-01-2026 13:50||NIFTY27JAN2623800PE,0.2252571030462084
22-01-2026 13:50||NIFTY27JAN2625200CE,0.1287293069549746
22-01-2026 13:50||NIFTY27JAN2626300CE,0.1707561336200989
22-01-2026 13:55||NIFTY27JAN2624500PE,0.1540899039627628
22-01-2026 13:55||NIFTY27JAN2624600PE,0.1446654449278495
22-01-2026 13:55||NIFTY27JAN2624800PE,0.1280557602367891
22-01-2026 13:55||NIFTY27JAN2625400CE,0.1131059328992851
22-01-2026 13:55||NIFTY27JAN2625500CE,0.1138186260321696
22-01-2026 13:55||NIFTY27JAN2625900CE,0.1325156148637696
22-01-2026 13:55||NIFTY27JAN2626000CE,0.1402843664869133
22-01-2026 13:55||NIFTY27JAN2626400CE,0.1761039788719962
22-01-2026 14:00||NIFTY27JAN2623800PE,0.2260759297071269
22-01-2026 14:00||NIFTY27JAN2623900PE,0.2151050610945726
22-01-2026 14:00||NIFTY27JAN2624300PE,0.1707958138670805
22-01-2026 14:00||NIFTY27JAN2625000PE,0.1165984419208959
22-01-2026 14:00||NIFTY27JAN2625300CE,0.1105130590373338
22-01-2026 14:00||NIFTY27JAN2625500CE,0.1121246687565479
22-01-2026 14:00||NIFTY27JAN2625600CE,0.1148905102602973
22-01-2026 14:00||NIFTY27JAN2626500CE,0.1852710023569225
22-01-2026 14:05||NIFTY27JAN2623800PE,0.2246605482309104
22-01-2026 14:05||NIFTY27JAN2624000PE,0.2025824406302651
22-01-2026 14:05||NIFTY27JAN2624200PE,0.1808572240285464
22-01-2026 14:05||NIFTY27JAN2624300PE,0.170469090675578
22-01-2026 14:05||NIFTY27JAN2625200CE,0.107039841583745
22-01-2026 14:05||NIFTY27JAN2626200CE,0.1580118932797753
22-01-2026 14:05||NIFTY27JAN2626400CE,0.1773383645190293
22-01-2026 14:10||NIFTY27JAN2623900PE,0.2126122010623969
22-01-2026 14:10||NIFTY27JAN2624200PE,0.1814251485197958
22-01-2026 14:10||NIFTY27JAN2625100PE,0.1201442116146684
22-01-2026 14:10||NIFTY27JAN2625900CE,0.1336474390387347
22-01-2026 14:15||NIFTY27JAN2623800PE,0.2211435391287528
22-01-2026 14:15||NIFTY27JAN2624600PE,0.1375379278120673
22-01-2026 14:15||NIFTY27JAN2625000PE,0.1117040481607075
22-01-2026 14:15||NIFTY27JAN2625100PE,0.1057519524800718
22-01-2026 14:15||NIFTY27JAN2626500CE,0.192480423757363
22-01-2026 14:20||NIFTY27JAN2623800PE,0.2150518002551202
22-01-2026 14:20||NIFTY27JAN2623900PE,0.2050666582188156
22-01-2026 14:20||NIFTY27JAN2624000PE,0.1951232079199231
22-01-2026 14:20||NIFTY27JAN2624100PE,0.1852211026481027
22-01-2026 14:20||NIFTY27JAN2624400PE,0.1554877429448082
22-01-2026 14:20||NIFTY27JAN2624900PE,0.1165480563584719
22-01-2026 14:20||NIFTY27JAN2625400CE,0.11440623064653
22-01-2026 14:20||NIFTY27JAN2625700CE,0.1236283696708183
22-01-2026 14:20||NIFTY27JAN2625800CE,0.1299955294945604
22-01-2026 14:20||NIFTY27JAN2625900CE,0.1373278310713891
22-01-2026 14:20||NIFTY27JAN2626100CE,0.1546184188681662
22-01-2026 14:20||NIFTY27JAN2626200CE,0.1635543519287678
22-01-2026 14:25||NIFTY27JAN2624200PE,0.1763345638196885
22-01-2026 14:25||NIFTY27JAN2624300PE,0.1649678259654419
22-01-2026 14:25||NIFTY27JAN2624600PE,0.1335631266560561
22-01-2026 14:25||NIFTY27JAN2624700PE,0.1247757419746586
22-01-2026 14:25||NIFTY27JAN2626500CE,0.1874688613140861
22-01-2026 14:30||NIFTY27JAN2623800PE,0.2257550709704754
22-01-2026 14:30||NIFTY27JAN2624300PE,0.1683380673411941
22-01-2026 14:30||NIFTY27JAN2625600CE,0.1214011417536631
22-01-2026 14:30||NIFTY27JAN2625700CE,0.1225271501945319
22-01-2026 14:30||NIFTY27JAN2625900CE,0.1337223216066335
22-01-2026 14:30||NIFTY27JAN2626500CE,0.1808155908581427
22-01-2026 14:35||NIFTY27JAN2624000PE,0.2060143741269103
22-01-2026 14:35||NIFTY27JAN2624800PE,0.1230764140416785
22-01-2026 14:35||NIFTY27JAN2625500CE,0.1167187222481317
22-01-2026 14:40||NIFTY27JAN2623800PE,0.23115611470032
22-01-2026 14:40||NIFTY27JAN2625200CE,0.1181353167156446
22-01-2026 14:40||NIFTY27JAN2625400CE,0.1122382813113372
22-01-2026 14:40||NIFTY27JAN2626100CE,0.1407021167774697
22-01-2026 14:40||NIFTY27JAN2626500CE,0.171583267873261
22-01-2026 14:45||NIFTY27JAN2624000PE,0.2052698173932881
22-01-2026 14:45||NIFTY27JAN2626100CE,0.139221157267566
22-01-2026 14:50||NIFTY27JAN2624400PE,0.1609241312236599
22-01-2026 14:50||NIFTY27JAN2624500PE,0.1506863926442041
22-01-2026 14:50||NIFTY27JAN2625400CE,0.1071098327034244
22-01-2026 14:50||NIFTY27JAN2625500CE,0.1062566596525754
22-01-2026 14:50||NIFTY27JAN2625600CE,0.1068132334406927
22-01-2026 14:50||NIFTY27JAN2626200CE,0.1447077282161162
22-01-2026 14:55||NIFTY27JAN2624300PE,0.1681362460065386
22-01-2026 14:55||NIFTY27JAN2625000PE,0.1089683442591149
22-01-2026 14:55||NIFTY27JAN2626100CE,0.1361203312126571
22-01-2026 14:55||NIFTY27JAN2626500CE,0.1691096838208471
22-01-2026 15:00||NIFTY27JAN2624300PE,0.1673439962625174
22-01-2026 15:00||NIFTY27JAN2624600PE,0.1375139343835957
22-01-2026 15:00||NIFTY27JAN2624900PE,0.1175208205934376
22-01-2026 15:00||NIFTY27JAN2625600CE,0.1057757098721653
22-01-2026 15:00||NIFTY27JAN2626400CE,0.1628684031503537
22-01-2026 15:05||NIFTY27JAN2625300CE,0.1301074360412797
22-01-2026 15:05||NIFTY27JAN2625400CE,0.1226589929093386
22-01-2026 15:05||NIFTY27JAN2625600CE,0.1162553208149555
22-01-2026 15:10||NIFTY27JAN2623800PE,0.2270891174593641
22-01-2026 15:10||NIFTY27JAN2624000PE,0.20371222525863
22-01-2026 15:10||NIFTY27JAN2624200PE,0.1810159513816953
22-01-2026 15:10||NIFTY27JAN2625100PE,0.1033635529568942
22-01-2026 15:10||NIFTY27JAN2625600CE,0.1072695366476714
22-01-2026 15:10||NIFTY27JAN2626100CE,0.1318870449314771
22-01-2026 15:15||NIFTY27JAN2623800PE,0.2250836806442312
22-01-2026 15:15||NIFTY27JAN2624200PE,0.1778721969565769
22-01-2026 15:15||NIFTY27JAN2624600PE,0.1330669687572609
22-01-2026 15:15||NIFTY27JAN2625400CE,0.116640145757155
22-01-2026 15:15||NIFTY27JAN2625800CE,0.1132432028031804
22-01-2026 15:15||NIFTY27JAN2625900CE,0.1184069615023388
22-01-2026 15:15||NIFTY27JAN2626200CE,0.1383638158684543
22-01-2026 15:15||NIFTY27JAN2626300CE,0.1469451552704648
22-01-2026 15:20||NIFTY27JAN2624800PE,0.1172800516364117
22-01-2026 15:20||NIFTY27JAN2625200CE,0.1346220000834875
22-01-2026 15:20||NIFTY27JAN2626400CE,0.1555349428485754
22-01-2026 15:25||NIFTY27JAN2623800PE,0.2261767445345177
22-01-2026 15:25||NIFTY27JAN2624300PE,0.1671336063258889
22-01-2026 15:25||NIFTY27JAN2624700PE,0.1234069629129709
22-01-2026 15:25||NIFTY27JAN2625100PE,0.0968035130366286
22-01-2026 15:25||NIFTY27JAN2625200CE,0.1224299541595401
22-01-2026 15:25||NIFTY27JAN2625300CE,0.118186607538057
22-01-2026 15:25||NIFTY27JAN2625600CE,0.1083038132996644
22-01-2026 15:25||NIFTY27JAN2625900CE,0.1148666065312325
22-01-2026 15:25||NIFTY27JAN2626000CE,0.1212970536741412
22-01-2026 15:25||NIFTY27JAN2626400CE,0.1571472962273394
23-01-2026 09:15||NIFTY27JAN2624100PE,0.2110858571029637
23-01-2026 09:15||NIFTY27JAN2624200PE,0.1985987649578973
23-01-2026 09:15||NIFTY27JAN2624300PE,0.185970110663188
23-01-2026 09:15||NIFTY27JAN2625500CE,0.114394797710991
23-01-2026 09:15||NIFTY27JAN2626000CE,0.1337459347603073
23-01-2026 09:15||NIFTY27JAN2626100CE,0.1427867960443596
23-01-2026 09:15||NIFTY27JAN2626200CE,0.1526961910324231
23-01-2026 09:15||NIFTY27JAN2626300CE,0.1633407378944831
23-01-2026 09:15||NIFTY27JAN2626500CE,0.1832479437435717
23-01-2026 09:20||NIFTY27JAN2623900PE,0.2329148122651908
23-01-2026 09:20||NIFTY27JAN2624400PE,0.1699388291358412
23-01-2026 09:20||NIFTY27JAN2625500CE,0.1266218476246228
23-01-2026 09:20||NIFTY27JAN2626200CE,0.1547408389633003
23-01-2026 09:20||NIFTY27JAN2626400CE,0.1747840065330996
23-01-2026 09:25||NIFTY27JAN2623800PE,0.2544250477814467
23-01-2026 09:25||NIFTY27JAN2625100PE,0.1118266667376363
23-01-2026 09:25||NIFTY27JAN2626100CE,0.1356059322036896
23-01-2026 09:25||NIFTY27JAN2626200CE,0.1456965373621387
23-01-2026 09:25||NIFTY27JAN2626400CE,0.1665352406863681
23-01-2026 09:30||NIFTY27JAN2623900PE,0.241728188621123
23-01-2026 09:30||NIFTY27JAN2624000PE,0.2296296130556903
23-01-2026 09:30||NIFTY27JAN2624400PE,0.1820780737420771
23-01-2026 09:30||NIFTY27JAN2624500PE,0.1706580271765443
23-01-2026 09:30||NIFTY27JAN2624600PE,0.1594619071479665
23-01-2026 09:30||NIFTY27JAN2624700PE,0.1486478151005269
23-01-2026 09:30||NIFTY27JAN2625200CE,0.1059051089242201
23-01-2026 09:30||NIFTY27JAN2626300CE,0.1566580442882791
23-01-2026 09:35||NIFTY27JAN2623900PE,0.2383153954651852
23-01-2026 09:35||NIFTY27JAN2624000PE,0.2262306412743829
23-01-2026 09:35||NIFTY27JAN2624400PE,0.1770317584501386
23-01-2026 09:35||NIFTY27JAN2625500CE,0.1089966380042794
23-01-2026 09:35||NIFTY27JAN2626100CE,0.1388643090984733
23-01-2026 09:40||NIFTY27JAN2625400CE,0.1057094737574043
23-01-2026 09:40||NIFTY27JAN2625500CE,0.1046095910328329
23-01-2026 09:40||NIFTY27JAN2626000CE,0.1269080100874197
23-01-2026 09:45||NIFTY27JAN2623900PE,0.2356722551756439
23-01-2026 09:45||NIFTY27JAN2624100PE,0.2100697095237016
23-01-2026 09:45||NIFTY27JAN2624300PE,0.1846121770730577
23-01-2026 09:45||NIFTY27JAN2624800PE,0.1280836291230076
23-01-2026 09:45||NIFTY27JAN2624900PE,0.1199064528351687
23-01-2026 09:45||NIFTY27JAN2626100CE,0.1433372901517879
23-01-2026 09:45||NIFTY27JAN2626400CE,0.1760490228363363
23-01-2026 09:50||NIFTY27JAN2623900PE,0.2382538494386343
23-01-2026 09:50||NIFTY27JAN2624200PE,0.2022817759439563
23-01-2026 09:50||NIFTY27JAN2624400PE,0.1776778847551443
23-01-2026 09:50||NIFTY27JAN2624700PE,0.1444305501178702
23-01-2026 09:50||NIFTY27JAN2625200CE,0.1036354252749172
23-01-2026 09:50||NIFTY27JAN2625300CE,0.1023251282184023
23-01-2026 09:50||NIFTY27JAN2625700CE,0.1026453076456139
23-01-2026 09:50||NIFTY27JAN2625800CE,0.1072202621863388
23-01-2026 09:55||NIFTY27JAN2623800PE,0.2493923033789088
23-01-2026 09:55||NIFTY27JAN2624200PE,0.1985833321721152
23-01-2026 09:55||NIFTY27JAN2624800PE,0.1293940458249196
23-01-2026 09:55||NIFTY27JAN2625000PE,0.1151064366922976
23-01-2026 09:55||NIFTY27JAN2625200CE,0.1193886139099492
23-01-2026 09:55||NIFTY27JAN2625700CE,0.1067595083751606
23-01-2026 09:55||NIFTY27JAN2626300CE,0.161982330022622
23-01-2026 10:00||NIFTY27JAN2624700PE,0.140652923132994
23-01-2026 10:00||NIFTY27JAN2625900CE,0.1169513493704919
23-01-2026 10:00||NIFTY27JAN2626000CE,0.1268833003074428
23-01-2026 10:00||NIFTY27JAN2626100CE,0.1374242254623219
23-01-2026 10:00||NIFTY27JAN2626300CE,0.1590740743278936
23-01-2026 10:05||NIFTY27JAN2623800PE,0.2501538789948244
23-01-2026 10:05||NIFTY27JAN2624100PE,0.2119375392228867
23-01-2026 10:05||NIFTY27JAN2624600PE,0.1507923234556189
23-01-2026 10:05||NIFTY27JAN2624800PE,0.1309976831258554
23-01-2026 10:05||NIFTY27JAN2626200CE,0.1504394237715231
23-01-2026 10:10||NIFTY27JAN2623800PE,0.2491294921348672
23-01-2026 10:10||NIFTY27JAN2624000PE,0.2239640003537216
23-01-2026 10:10||NIFTY27JAN2624400PE,0.1735987239642485
23-01-2026 10:10||NIFTY27JAN2624600PE,0.1489363352837386
23-01-2026 10:10||NIFTY27JAN2624800PE,0.1293108313251804
23-01-2026 10:10||NIFTY27JAN2625300CE,0.1058735969264867
23-01-2026 10:15||NIFTY27JAN2624700PE,0.1416166296338336
23-01-2026 10:15||NIFTY27JAN2625700CE,0.1004732585568111
23-01-2026 10:15||NIFTY27JAN2625900CE,0.1184473514524614
23-01-2026 10:15||NIFTY27JAN2626000CE,0.1296062650119636
23-01-2026 10:15||NIFTY27JAN2626400CE,0.1743870553025731
23-01-2026 10:20||NIFTY27JAN2625700CE,0.1048429456131532
23-01-2026 10:20||NIFTY27JAN2625800CE,0.1105457246759433
23-01-2026 10:20||NIFTY27JAN2626100CE,0.1434864481048278
23-01-2026 10:20||NIFTY27JAN2626500CE,0.1874902821014838
23-01-2026 10:25||NIFTY27JAN2623800PE,0.2471714213263924
23-01-2026 10:25||NIFTY27JAN2624400PE,0.1696926548209642
23-01-2026 10:25||NIFTY27JAN2624600PE,0.1441002630900418
23-01-2026 10:25||NIFTY27JAN2625100PE,0.0992107785250264
23-01-2026 10:25||NIFTY27JAN2625400CE,0.1141518132042765
23-01-2026 10:25||NIFTY27JAN2626000CE,0.1312690649617646
23-01-2026 10:30||NIFTY27JAN2624100PE,0.2130247240756428
23-01-2026 10:30||NIFTY27JAN2624400PE,0.1752011373582069
23-01-2026 10:30||NIFTY27JAN2624600PE,0.1493830666663969
23-01-2026 10:30||NIFTY27JAN2625100PE,0.1056191417941237
23-01-2026 10:35||NIFTY27JAN2624000PE,0.2276112872662652
23-01-2026 10:35||NIFTY27JAN2624100PE,0.2149844349560853
23-01-2026 10:35||NIFTY27JAN2624200PE,0.2023478548924855
23-01-2026 10:35||NIFTY27JAN2624500PE,0.1643750200005418
23-01-2026 10:35||NIFTY27JAN2624900PE,0.1241152716370927
23-01-2026 10:35||NIFTY27JAN2625100PE,0.1088815881730406
23-01-2026 10:35||NIFTY27JAN2625600CE,0.0976647712107916
23-01-2026 10:40||NIFTY27JAN2624000PE,0.2256750004050358
23-01-2026 10:40||NIFTY27JAN2624600PE,0.1500982790854732
23-01-2026 10:40||NIFTY27JAN2624800PE,0.1293958113037888
23-01-2026 10:40||NIFTY27JAN2625300CE,0.1059999677599229
23-01-2026 10:40||NIFTY27JAN2625800CE,0.1049992567583064
23-01-2026 10:45||NIFTY27JAN2624100PE,0.2131593903030793
23-01-2026 10:45||NIFTY27JAN2625100PE,0.1105768663389659
23-01-2026 10:45||NIFTY27JAN2625900CE,0.1136779537371013
23-01-2026 10:45||NIFTY27JAN2626200CE,0.148120509561106
23-01-2026 10:45||NIFTY27JAN2626500CE,0.1810818604379963
23-01-2026 10:50||NIFTY27JAN2623900PE,0.2371141471849299
23-01-2026 10:50||NIFTY27JAN2625400CE,0.0998805707058492
23-01-2026 10:50||NIFTY27JAN2625700CE,0.0999879852238608
23-01-2026 10:50||NIFTY27JAN2626200CE,0.1490066679320332
23-01-2026 10:50||NIFTY27JAN2626300CE,0.1599210413884282
23-01-2026 10:50||NIFTY27JAN2626400CE,0.1706799855114197
23-01-2026 10:55||NIFTY27JAN2623800PE,0.2498033773710186
23-01-2026 10:55||NIFTY27JAN2624600PE,0.1466739969905406
23-01-2026 10:55||NIFTY27JAN2624900PE,0.1179045793377715
23-01-2026 10:55||NIFTY27JAN2626200CE,0.1506244402246092
23-01-2026 11:00||NIFTY27JAN2625100PE,0.1069073054618909
23-01-2026 11:00||NIFTY27JAN2625400CE,0.095078742415471
23-01-2026 11:00||NIFTY27JAN2625800CE,0.1054121248133371
23-01-2026 11:00||NIFTY27JAN2626100CE,0.1394982727805651
23-01-2026 11:05||NIFTY27JAN2624200PE,0.1968643853657392
23-01-2026 11:05||NIFTY27JAN2625600CE,0.099167333591867
23-01-2026 11:05||NIFTY27JAN2625700CE,0.1017934357955129
23-01-2026 11:05||NIFTY27JAN2626200CE,0.1523282827017875
23-01-2026 11:05||NIFTY27JAN2626500CE,0.1866118579962878
23-01-2026 11:10||NIFTY27JAN2624000PE,0.2230450352166593
23-01-2026 11:10||NIFTY27JAN2624100PE,0.2101162931099623
23-01-2026 11:10||NIFTY27JAN2625300CE,0.1016792385393567
23-01-2026 11:10||NIFTY27JAN2626300CE,0.1621896108463318
23-01-2026 11:15||NIFTY27JAN2624200PE,0.1964656371236938
23-01-2026 11:15||NIFTY27JAN2624800PE,0.1277829663073205
23-01-2026 11:15||NIFTY27JAN2624900PE,0.1199888044517723
23-01-2026 11:15||NIFTY27JAN2625300CE,0.0926089719467698
23-01-2026 11:15||NIFTY27JAN2625400CE,0.0913740219578372
23-01-2026 11:15||NIFTY27JAN2625500CE,0.091740158412042
23-01-2026 11:15||NIFTY27JAN2625700CE,0.097858285937884
23-01-2026 11:15||NIFTY27JAN2626300CE,0.1627025056551112
23-01-2026 11:20||NIFTY27JAN2624100PE,0.2071844494307755
23-01-2026 11:20||NIFTY27JAN2624400PE,0.1692981963172961
23-01-2026 11:20||NIFTY27JAN2624800PE,0.1231632051169232
23-01-2026 11:20||NIFTY27JAN2625100PE,0.0997294212359852
23-01-2026 11:20||NIFTY27JAN2626000CE,0.1301058240587005
23-01-2026 11:20||NIFTY27JAN2626300CE,0.1643784735730985
23-01-2026 11:25||NIFTY27JAN2623800PE,0.2470655485012391
23-01-2026 11:25||NIFTY27JAN2623900PE,0.234090686777754
23-01-2026 11:25||NIFTY27JAN2624900PE,0.1142584897730553
23-01-2026 11:25||NIFTY27JAN2625200CE,0.1057562376661258
23-01-2026 11:25||NIFTY27JAN2625800CE,0.1069294710293399
23-01-2026 11:25||NIFTY27JAN2626400CE,0.1749298487983291
23-01-2026 11:30||NIFTY27JAN2624700PE,0.1366230753338194
23-01-2026 11:30||NIFTY27JAN2624900PE,0.1199973480046128
23-01-2026 11:30||NIFTY27JAN2625000PE,0.1132385769222676
23-01-2026 11:30||NIFTY27JAN2625500CE,0.0905539055715416
23-01-2026 11:30||NIFTY27JAN2625800CE,0.1053064056022134
23-01-2026 11:30||NIFTY27JAN2626000CE,0.1275472066346575
23-01-2026 11:30||NIFTY27JAN2626200CE,0.1513424329685638
23-01-2026 11:30||NIFTY27JAN2626400CE,0.1743427508450008
23-01-2026 11:35||NIFTY27JAN2624900PE,0.1211718020968703
23-01-2026 11:35||NIFTY27JAN2625400CE,0.0913358388038615
23-01-2026 11:35||NIFTY27JAN2626000CE,0.1317904168682874
23-01-2026 11:40||NIFTY27JAN2623900PE,0.2267740206969069
23-01-2026 11:40||NIFTY27JAN2624300PE,0.1762569505138339
23-01-2026 11:40||NIFTY27JAN2624900PE,0.115754831677817
23-01-2026 11:40||NIFTY27JAN2625500CE,0.0978317745561049
23-01-2026 11:40||NIFTY27JAN2626300CE,0.1736553195462785
23-01-2026 11:40||NIFTY27JAN2626500CE,0.1947085678871851
23-01-2026 11:45||NIFTY27JAN2625300CE,0.0965678600661791
23-01-2026 11:45||NIFTY27JAN2626100CE,0.1540212398967284
23-01-2026 11:45||NIFTY27JAN2626400CE,0.1863686980711583
23-01-2026 11:50||NIFTY27JAN2624100PE,0.1949011658215712
23-01-2026 11:50||NIFTY27JAN2624500PE,0.1470359027399502
23-01-2026 11:50||NIFTY27JAN2625400CE,0.1058481269392248
23-01-2026 11:50||NIFTY27JAN2625500CE,0.1061125510350958
23-01-2026 11:50||NIFTY27JAN2625700CE,0.1135566143221233
23-01-2026 11:55||NIFTY27JAN2624800PE,0.1198803288134118
23-01-2026 11:55||NIFTY27JAN2625100PE,0.1016027545515761
23-01-2026 11:55||NIFTY27JAN2625700CE,0.1114565062043847
23-01-2026 11:55||NIFTY27JAN2626200CE,0.1644333654964115
23-01-2026 11:55||NIFTY27JAN2626500CE,0.1959635947311301
23-01-2026 12:00||NIFTY27JAN2624000PE,0.2108089002886418
23-01-2026 12:00||NIFTY27JAN2624300PE,0.1723935670641621
23-01-2026 12:00||NIFTY27JAN2624800PE,0.1181999807765619
23-01-2026 12:00||NIFTY27JAN2625200CE,0.1065970495233425
23-01-2026 12:00||NIFTY27JAN2625800CE,0.1214612986711258
23-01-2026 12:00||NIFTY27JAN2625900CE,0.1320944953300877
23-01-2026 12:00||NIFTY27JAN2626400CE,0.1861549291920272
23-01-2026 12:05||NIFTY27JAN2624600PE,0.1383432095260483
23-01-2026 12:05||NIFTY27JAN2625300CE,0.096672467614674
23-01-2026 12:05||NIFTY27JAN2625400CE,0.0973269006593547
23-01-2026 12:05||NIFTY27JAN2626400CE,0.1865794627017132
23-01-2026 12:10||NIFTY27JAN2623900PE,0.219567648514873
23-01-2026 12:10||NIFTY27JAN2624000PE,0.2067894616801186
23-01-2026 12:10||NIFTY27JAN2625000PE,0.1069173611409048
23-01-2026 12:10||NIFTY27JAN2625700CE,0.1138868035816461
23-01-2026 12:10||NIFTY27JAN2626200CE,0.1681214616150051
23-01-2026 12:10||NIFTY27JAN2626500CE,0.1993799188750191
23-01-2026 12:15||NIFTY27JAN2625500CE,0.1084725302518815
23-01-2026 12:15||NIFTY27JAN2626100CE,0.1562274190914426
23-01-2026 12:15||NIFTY27JAN2626300CE,0.1773794997505216
23-01-2026 12:20||NIFTY27JAN2624200PE,0.1857804637139052
23-01-2026 12:20||NIFTY27JAN2625200CE,0.089105153753324
23-01-2026 12:20||NIFTY27JAN2625300CE,0.0927276885173278
23-01-2026 12:20||NIFTY27JAN2625400CE,0.0963359331662316
23-01-2026 12:20||NIFTY27JAN2625800CE,0.1177552631724735
23-01-2026 12:20||NIFTY27JAN2626100CE,0.1530296827061906
23-01-2026 12:25||NIFTY27JAN2624300PE,0.1708847967060685
23-01-2026 12:25||NIFTY27JAN2624500PE,0.1460592353745841
23-01-2026 12:25||NIFTY27JAN2624600PE,0.1347694713636871
23-01-2026 12:25||NIFTY27JAN2624900PE,0.1084299258997759
23-01-2026 12:25||NIFTY27JAN2625400CE,0.1033994470646239
23-01-2026 12:25||NIFTY27JAN2625600CE,0.1056715370206819
23-01-2026 12:25||NIFTY27JAN2626400CE,0.1874242575950701
23-01-2026 12:30||NIFTY27JAN2623800PE,0.2351135555235586
23-01-2026 12:30||NIFTY27JAN2624100PE,0.196155847476264
23-01-2026 12:30||NIFTY27JAN2624200PE,0.1836680209261178
23-01-2026 12:30||NIFTY27JAN2624500PE,0.1453303022100502
23-01-2026 12:30||NIFTY27JAN2625900CE,0.1317720022929004
23-01-2026 12:30||NIFTY27JAN2626100CE,0.1542600487417214
23-01-2026 12:30||NIFTY27JAN2626200CE,0.1652731693229703
23-01-2026 12:35||NIFTY27JAN2624100PE,0.1966377635314353
23-01-2026 12:35||NIFTY27JAN2624400PE,0.1577694397719451
23-01-2026 12:35||NIFTY27JAN2625100PE,0.0900492615549213
23-01-2026 12:35||NIFTY27JAN2625300CE,0.1078367912777417
23-01-2026 12:35||NIFTY27JAN2626100CE,0.1539247685632658
23-01-2026 12:40||NIFTY27JAN2624500PE,0.1439522070058881
23-01-2026 12:40||NIFTY27JAN2624600PE,0.1318466867576933
23-01-2026 12:40||NIFTY27JAN2624900PE,0.1034883733431292
23-01-2026 12:40||NIFTY27JAN2625300CE,0.1086910188279858
23-01-2026 12:45||NIFTY27JAN2623800PE,0.236241940989173
23-01-2026 12:45||NIFTY27JAN2623900PE,0.2238450897276605
23-01-2026 12:45||NIFTY27JAN2624600PE,0.137179660234278
23-01-2026 12:45||NIFTY27JAN2625900CE,0.124431408714971
23-01-2026 12:50||NIFTY27JAN2623800PE,0.2343347673589844
23-01-2026 12:50||NIFTY27JAN2624400PE,0.1568424279423715
23-01-2026 12:50||NIFTY27JAN2624800PE,0.1099082807939723
23-01-2026 12:50||NIFTY27JAN2625300CE,0.1107187145717713
23-01-2026 12:50||NIFTY27JAN2625600CE,0.1073527889926183
23-01-2026 12:50||NIFTY27JAN2625700CE,0.1115733413456325
23-01-2026 12:50||NIFTY27JAN2626000CE,0.14046039816103
23-01-2026 12:50||NIFTY27JAN2626400CE,0.1862991386273544
23-01-2026 12:55||NIFTY27JAN2624200PE,0.1877423595759592
23-01-2026 12:55||NIFTY27JAN2625400CE,0.0918548244557345
23-01-2026 12:55||NIFTY27JAN2625600CE,0.0978045170365914
23-01-2026 12:55||NIFTY27JAN2625800CE,0.1156643248571894
23-01-2026 12:55||NIFTY27JAN2626400CE,0.1845199444981999
23-01-2026 13:00||NIFTY27JAN2624900PE,0.1040014326958628
23-01-2026 13:00||NIFTY27JAN2625700CE,0.1118065429932084
23-01-2026 13:00||NIFTY27JAN2626000CE,0.1445896214859091
23-01-2026 13:05||NIFTY27JAN2623800PE,0.2320482116870929
23-01-2026 13:05||NIFTY27JAN2625200CE,0.1020651089242201
23-01-2026 13:05||NIFTY27JAN2625900CE,0.1330735140936887
23-01-2026 13:10||NIFTY27JAN2623900PE,0.2209955372316734
23-01-2026 13:10||NIFTY27JAN2624000PE,0.2088046345387622
23-01-2026 13:10||NIFTY27JAN2624100PE,0.1962426399789524
23-01-2026 13:10||NIFTY27JAN2624700PE,0.1207658022852753
23-01-2026 13:10||NIFTY27JAN2625100PE,0.0908664671363065
23-01-2026 13:10||NIFTY27JAN2625800CE,0.1208957510092589
23-01-2026 13:10||NIFTY27JAN2626000CE,0.1441068682077269
23-01-2026 13:15||NIFTY27JAN2623800PE,0.2287219945712614
23-01-2026 13:15||NIFTY27JAN2624200PE,0.1796612250873462
23-01-2026 13:15||NIFTY27JAN2625300CE,0.0941325664318645
23-01-2026 13:15||NIFTY27JAN2625600CE,0.1072700112833906
23-01-2026 13:15||NIFTY27JAN2625900CE,0.1380071721901022
23-01-2026 13:15||NIFTY27JAN2626000CE,0.1495840526375183
23-01-2026 13:20||NIFTY27JAN2624700PE,0.1214682366359135
23-01-2026 13:20||NIFTY27JAN2624800PE,0.1145321943646111
23-01-2026 13:20||NIFTY27JAN2625700CE,0.1212711080127129
23-01-2026 13:20||NIFTY27JAN2626200CE,0.177104135199916
23-01-2026 13:20||NIFTY27JAN2626500CE,0.210494007697028
23-01-2026 13:25||NIFTY27JAN2624100PE,0.1875364312402289
23-01-2026 13:25||NIFTY27JAN2624500PE,0.138261499818441
23-01-2026 13:25||NIFTY27JAN2625000PE,0.1023915951448948
23-01-2026 13:25||NIFTY27JAN2625400CE,0.102837842185943
23-01-2026 13:30||NIFTY27JAN2624700PE,0.128043989192704
23-01-2026 13:30||NIFTY27JAN2624800PE,0.1226121750711871
23-01-2026 13:30||NIFTY27JAN2625000PE,0.1154186818337138
23-01-2026 13:30||NIFTY27JAN2625400CE,0.1096518511015731
23-01-2026 13:30||NIFTY27JAN2625700CE,0.1317325421558604
23-01-2026 13:30||NIFTY27JAN2626000CE,0.1659286796850577
23-01-2026 13:35||NIFTY27JAN2623900PE,0.2087259487233113
23-01-2026 13:35||NIFTY27JAN2624100PE,0.1837826220850068
23-01-2026 13:35||NIFTY27JAN2624900PE,0.1109899086603495
23-01-2026 13:35||NIFTY27JAN2625600CE,0.1237255280352224
23-01-2026 13:35||NIFTY27JAN2626000CE,0.1670081301747003
23-01-2026 13:35||NIFTY27JAN2626200CE,0.1897860336562684
23-01-2026 13:35||NIFTY27JAN2626500CE,0.2226668400795999
23-01-2026 13:40||NIFTY27JAN2623900PE,0.2130140088125338
23-01-2026 13:40||NIFTY27JAN2624600PE,0.1365916753706216
23-01-2026 13:40||NIFTY27JAN2624900PE,0.1212151738771251
23-01-2026 13:40||NIFTY27JAN2625700CE,0.1341702052919431
23-01-2026 13:40||NIFTY27JAN2625800CE,0.144938205017171
23-01-2026 13:40||NIFTY27JAN2626300CE,0.2008378903688251
23-01-2026 13:45||NIFTY27JAN2623900PE,0.2068372647637592
23-01-2026 13:45||NIFTY27JAN2624000PE,0.1944794774574657
23-01-2026 13:45||NIFTY27JAN2624500PE,0.1351684760443517
23-01-2026 13:45||NIFTY27JAN2624600PE,0.1260976841646168
23-01-2026 13:45||NIFTY27JAN2625000PE,0.1016020735604501
23-01-2026 13:45||NIFTY27JAN2625300CE,0.1134774124160894
23-01-2026 13:45||NIFTY27JAN2626100CE,0.1831333980969922
23-01-2026 13:45||NIFTY27JAN2626300CE,0.2052382965101889
23-01-2026 13:50||NIFTY27JAN2624000PE,0.1945823799387255
23-01-2026 13:50||NIFTY27JAN2624500PE,0.1345465113404993
23-01-2026 13:50||NIFTY27JAN2625100PE,0.0967961277874326
23-01-2026 13:50||NIFTY27JAN2626400CE,0.2177856159121035
23-01-2026 13:55||NIFTY27JAN2625500CE,0.1219074859766214
23-01-2026 13:55||NIFTY27JAN2625700CE,0.138361040278915
23-01-2026 13:55||NIFTY27JAN2625800CE,0.1487825299538768
23-01-2026 13:55||NIFTY27JAN2626400CE,0.2161760544723044
23-01-2026 13:55||NIFTY27JAN2626500CE,0.2275190613769388
23-01-2026 14:00||NIFTY27JAN2624200PE,0.1685895099213514
23-01-2026 14:00||NIFTY27JAN2624300PE,0.1562795335362118
23-01-2026 14:00||NIFTY27JAN2625300CE,0.1160203414390148
23-01-2026 14:00||NIFTY27JAN2625400CE,0.1187414051123963
23-01-2026 14:00||NIFTY27JAN2625500CE,0.1228836161448982
23-01-2026 14:00||NIFTY27JAN2625800CE,0.1476054512442282
23-01-2026 14:05||NIFTY27JAN2624200PE,0.1708025110243067
23-01-2026 14:05||NIFTY27JAN2624800PE,0.1114017686473377
23-01-2026 14:05||NIFTY27JAN2626300CE,0.2005178584486624
23-01-2026 14:10||NIFTY27JAN2623900PE,0.2091562342064541
23-01-2026 14:10||NIFTY27JAN2625800CE,0.1469034391620313
23-01-2026 14:10||NIFTY27JAN2626400CE,0.213022101528096
23-01-2026 14:15||NIFTY27JAN2625000PE,0.1131868909361179
23-01-2026 14:15||NIFTY27JAN2625400CE,0.1078147524837658
23-01-2026 14:15||NIFTY27JAN2626400CE,0.2063379607500058
23-01-2026 14:20||NIFTY27JAN2624100PE,0.1850335637049125
23-01-2026 14:20||NIFTY27JAN2624800PE,0.1152968502285254
23-01-2026 14:20||NIFTY27JAN2625400CE,0.1120653105711757
23-01-2026 14:20||NIFTY27JAN2625600CE,0.1247404400486519
23-01-2026 14:20||NIFTY27JAN2625800CE,0.1446689877486589
23-01-2026 14:20||NIFTY27JAN2626400CE,0.2098239011582476
23-01-2026 14:20||NIFTY27JAN2626500CE,0.2203478630863534
23-01-2026 14:25||NIFTY27JAN2624200PE,0.1666488334374633
23-01-2026 14:25||NIFTY27JAN2624400PE,0.1409354725367024
23-01-2026 14:25||NIFTY27JAN2624500PE,0.1295514142621993
23-01-2026 14:25||NIFTY27JAN2625200CE,0.1128608514612804
23-01-2026 14:25||NIFTY27JAN2626200CE,0.1866454313494708
23-01-2026 14:25||NIFTY27JAN2626300CE,0.197589469500396
23-01-2026 14:25||NIFTY27JAN2626400CE,0.2088937915214553
23-01-2026 14:30||NIFTY27JAN2624600PE,0.1216868486511577
23-01-2026 14:30||NIFTY27JAN2625700CE,0.1337037876935286
23-01-2026 14:35||NIFTY27JAN2623900PE,0.2113485257742898
23-01-2026 14:35||NIFTY27JAN2624500PE,0.1337903826266233
23-01-2026 14:35||NIFTY27JAN2624700PE,0.1144445430041613
23-01-2026 14:35||NIFTY27JAN2625400CE,0.1096964568465614
23-01-2026 14:35||NIFTY27JAN2625600CE,0.1204488369389031
23-01-2026 14:35||NIFTY27JAN2625800CE,0.1389365032373906
23-01-2026 14:35||NIFTY27JAN2625900CE,0.1491368996133791
23-01-2026 14:35||NIFTY27JAN2626000CE,0.1597924530599714
23-01-2026 14:35||NIFTY27JAN2626300CE,0.1943726769443692
23-01-2026 14:40||NIFTY27JAN2623900PE,0.213001464584408
23-01-2026 14:40||NIFTY27JAN2624300PE,0.1611086507494568
23-01-2026 14:40||NIFTY27JAN2624400PE,0.1488825444933604
23-01-2026 14:40||NIFTY27JAN2625000PE,0.0997725651907974
23-01-2026 14:40||NIFTY27JAN2625100PE,0.0941875154104675
23-01-2026 14:40||NIFTY27JAN2625200CE,0.1011134851054277
23-01-2026 14:40||NIFTY27JAN2625700CE,0.1322185955026008
23-01-2026 14:40||NIFTY27JAN2625800CE,0.1421272812340255
23-01-2026 14:40||NIFTY27JAN2626400CE,0.2060876060182049
23-01-2026 14:45||NIFTY27JAN2624400PE,0.1489896270039432
23-01-2026 14:45||NIFTY27JAN2624700PE,0.1204101686104618
23-01-2026 14:45||NIFTY27JAN2625100PE,0.1037228144053611
23-01-2026 14:45||NIFTY27JAN2625400CE,0.1079765560762856
23-01-2026 14:45||NIFTY27JAN2625600CE,0.1224850809482704
23-01-2026 14:45||NIFTY27JAN2626000CE,0.1627586599407111
23-01-2026 14:45||NIFTY27JAN2626200CE,0.1846724332995615
23-01-2026 14:50||NIFTY27JAN2623800PE,0.2182752087053474
23-01-2026 14:50||NIFTY27JAN2624500PE,0.1302411684849948
23-01-2026 14:50||NIFTY27JAN2624800PE,0.1030626824124593
23-01-2026 14:50||NIFTY27JAN2625200CE,0.1063652560378288
23-01-2026 14:50||NIFTY27JAN2625300CE,0.1117783046711829
23-01-2026 14:50||NIFTY27JAN2625500CE,0.1214629189485457
23-01-2026 14:55||NIFTY27JAN2623900PE,0.2107039430359954
23-01-2026 14:55||NIFTY27JAN2624400PE,0.1467702547196588
23-01-2026 14:55||NIFTY27JAN2625200CE,0.1010254257045503
23-01-2026 14:55||NIFTY27JAN2625900CE,0.1501457004787459
23-01-2026 14:55||NIFTY27JAN2626200CE,0.1828172025519573
23-01-2026 15:00||NIFTY27JAN2623900PE,0.2103822008864429
23-01-2026 15:00||NIFTY27JAN2624100PE,0.1846912143439608
23-01-2026 15:00||NIFTY27JAN2624300PE,0.1589377340651062
23-01-2026 15:00||NIFTY27JAN2624600PE,0.1246672945163562
23-01-2026 15:05||NIFTY27JAN2623900PE,0.2075684365622828
23-01-2026 15:05||NIFTY27JAN2624800PE,0.119094577533305
23-01-2026 15:05||NIFTY27JAN2626200CE,0.1930532330621207
23-01-2026 15:10||NIFTY27JAN2623800PE,0.2180848195374251
23-01-2026 15:10||NIFTY27JAN2624000PE,0.1928835364639981
23-01-2026 15:10||NIFTY27JAN2624200PE,0.1673113589879498
23-01-2026 15:10||NIFTY27JAN2624600PE,0.1215502497472375
23-01-2026 15:10||NIFTY27JAN2625000PE,0.0996753819053817
23-01-2026 15:10||NIFTY27JAN2625300CE,0.1133822575127491
23-01-2026 15:10||NIFTY27JAN2625700CE,0.1406972855714544
23-01-2026 15:10||NIFTY27JAN2626100CE,0.1837678804209269
23-01-2026 15:10||NIFTY27JAN2626200CE,0.195004391377142
23-01-2026 15:10||NIFTY27JAN2626300CE,0.2061511002022366
23-01-2026 15:15||NIFTY27JAN2624100PE,0.1820422426416512
23-01-2026 15:15||NIFTY27JAN2624200PE,0.1680561252890346
23-01-2026 15:15||NIFTY27JAN2625000PE,0.1037668730465893
23-01-2026 15:20||NIFTY27JAN2623800PE,0.22021836703032
23-01-2026 15:20||NIFTY27JAN2623900PE,0.2066458483205274
23-01-2026 15:20||NIFTY27JAN2624800PE,0.1032772047658292
23-01-2026 15:20||NIFTY27JAN2625400CE,0.120091507501344
23-01-2026 15:20||NIFTY27JAN2625500CE,0.1254307096356815
23-01-2026 15:20||NIFTY27JAN2625700CE,0.1426445475947082
23-01-2026 15:20||NIFTY27JAN2625900CE,0.1640019845465237
23-01-2026 15:20||NIFTY27JAN2626200CE,0.1965671813564498
23-01-2026 15:25||NIFTY27JAN2624500PE,0.1289928169780117
23-01-2026 15:25||NIFTY27JAN2624600PE,0.1180914208592532
23-01-2026 15:25||NIFTY27JAN2625700CE,0.141314165637399
27-01-2026 09:15||NIFTY27JAN2626200CE,0.6656944395092124
27-01-2026 09:15||NIFTY27JAN2626400CE,0.7557704403414915
27-01-2026 09:15||NIFTY27JAN2626500CE,0.8013877595123404
27-01-2026 09:20||NIFTY27JAN2624400PE,0.4323032608434242
27-01-2026 09:20||NIFTY27JAN2624900PE,0.4013160901324903
27-01-2026 09:20||NIFTY27JAN2625100PE,0.4260907884857742
27-01-2026 09:20||NIFTY27JAN2625400CE,0.4093206914971196
27-01-2026 09:20||NIFTY27JAN2625500CE,0.440819443766784
27-01-2026 09:20||NIFTY27JAN2625600CE,0.4759541539460385
27-01-2026 09:20||NIFTY27JAN2625700CE,0.5152400540181469
27-01-2026 09:20||NIFTY27JAN2626500CE,0.8953243883029434
27-01-2026 09:25||NIFTY27JAN2623900PE,0.6563957037727695
27-01-2026 09:25||NIFTY27JAN2624600PE,0.338912692647612
27-01-2026 09:25||NIFTY27JAN2625100PE,0.2649129343790681
27-01-2026 09:25||NIFTY27JAN2625500CE,0.4561645415434855
27-01-2026 09:25||NIFTY27JAN2625900CE,0.6344865072648185
27-01-2026 09:25||NIFTY27JAN2626500CE,0.922862251193066
27-01-2026 09:30||NIFTY27JAN2624400PE,0.3999460277322929
27-01-2026 09:30||NIFTY27JAN2624800PE,0.2799430717426593
27-01-2026 09:30||NIFTY27JAN2624900PE,0.2575287296033466
27-01-2026 09:30||NIFTY27JAN2625400CE,0.436547427114257
27-01-2026 09:30||NIFTY27JAN2625600CE,0.4951942260711104
27-01-2026 09:30||NIFTY27JAN2625800CE,0.5868891301906669
27-01-2026 09:30||NIFTY27JAN2626100CE,0.740844241281011
27-01-2026 09:30||NIFTY27JAN2626400CE,0.8801541045135346
27-01-2026 09:35||NIFTY27JAN2623800PE,0.7446068615170768
27-01-2026 09:35||NIFTY27JAN2624500PE,0.3979666459292674
27-01-2026 09:35||NIFTY27JAN2625700CE,0.4880718907055003
27-01-2026 09:35||NIFTY27JAN2626200CE,0.7248683057161622
27-01-2026 09:45||NIFTY27JAN2623800PE,0.8200101273734407
27-01-2026 09:45||NIFTY27JAN2624000PE,0.7223029345655098
27-01-2026 09:45||NIFTY27JAN2624500PE,0.4806803109718067
27-01-2026 09:45||NIFTY27JAN2625000PE,0.324063513886297
27-01-2026 09:45||NIFTY27JAN2625600CE,0.3645988044934896
27-01-2026 09:45||NIFTY27JAN2626200CE,0.6404579994331504
27-01-2026 09:45||NIFTY27JAN2626300CE,0.6924388505804027
27-01-2026 09:50||NIFTY27JAN2623800PE,0.820884790925826
27-01-2026 09:50||NIFTY27JAN2624200PE,0.6290810921479039
27-01-2026 09:50||NIFTY27JAN2624800PE,0.3841373550667581
27-01-2026 09:50||NIFTY27JAN2624900PE,0.3640361781921067
27-01-2026 09:50||NIFTY27JAN2626300CE,0.6991922304050701
27-01-2026 09:55||NIFTY27JAN2624100PE,0.6803144468141088
27-01-2026 09:55||NIFTY27JAN2624700PE,0.4063674320272536
27-01-2026 09:55||NIFTY27JAN2624800PE,0.387706593171091
27-01-2026 09:55||NIFTY27JAN2625000PE,0.3538455228654164
27-01-2026 09:55||NIFTY27JAN2625700CE,0.4070643998092737
27-01-2026 09:55||NIFTY27JAN2626000CE,0.5630107934928725
27-01-2026 09:55||NIFTY27JAN2626200CE,0.6630571139133556
27-01-2026 10:00||NIFTY27JAN2624000PE,0.7338860671919867
27-01-2026 10:00||NIFTY27JAN2625300CE,0.3093492086172512
27-01-2026 10:00||NIFTY27JAN2625400CE,0.3075555882227087
27-01-2026 10:00||NIFTY27JAN2625600CE,0.358498515705588
27-01-2026 10:00||NIFTY27JAN2625800CE,0.4573595232282105
27-01-2026 10:00||NIFTY27JAN2626100CE,0.6120701606882454
27-01-2026 10:00||NIFTY27JAN2626400CE,0.7568447797011638
27-01-2026 10:00||NIFTY27JAN2626500CE,0.8059432270872563
27-01-2026 10:05||NIFTY27JAN2623800PE,0.8398426080819155
27-01-2026 10:05||NIFTY27JAN2623900PE,0.7862895018234423
27-01-2026 10:05||NIFTY27JAN2624100PE,0.6847543368972483
27-01-2026 10:05||NIFTY27JAN2626400CE,0.7619185760814001
27-01-2026 10:10||NIFTY27JAN2624200PE,0.6086218947305025
27-01-2026 10:10||NIFTY27JAN2624900PE,0.3046368938223507
27-01-2026 10:10||NIFTY27JAN2625300CE,0.3761607438317454
27-01-2026 10:10||NIFTY27JAN2625600CE,0.3864047576760078
27-01-2026 10:15||NIFTY27JAN2625800CE,0.4589676776582856
27-01-2026 10:20||NIFTY27JAN2623900PE,0.8264165423216588
27-01-2026 10:20||NIFTY27JAN2624500PE,0.5150027801254153
27-01-2026 10:20||NIFTY27JAN2624600PE,0.4627734789280558
27-01-2026 10:20||NIFTY27JAN2624800PE,0.3890468783895162
27-01-2026 10:20||NIFTY27JAN2625000PE,0.3315244312328637
27-01-2026 10:20||NIFTY27JAN2625400CE,0.2999989356509259
27-01-2026 10:20||NIFTY27JAN2625800CE,0.4405758926799912
27-01-2026 10:25||NIFTY27JAN2624600PE,0.4639678227960771
27-01-2026 10:25||NIFTY27JAN2624900PE,0.3939029667018608
27-01-2026 10:25||NIFTY27JAN2626000CE,0.5545015256010443
27-01-2026 10:25||NIFTY27JAN2626300CE,0.7224486172969202
27-01-2026 10:25||NIFTY27JAN2626400CE,0.7643543688563575
27-01-2026 10:30||NIFTY27JAN2624100PE,0.6991958533503819
27-01-2026 10:30||NIFTY27JAN2624800PE,0.3652190945886571
27-01-2026 10:30||NIFTY27JAN2625400CE,0.3182414691241776
27-01-2026 10:30||NIFTY27JAN2625600CE,0.375584227456204
27-01-2026 10:30||NIFTY27JAN2625900CE,0.5340376920723199
27-01-2026 10:30||NIFTY27JAN2626200CE,0.6930452488946475
27-01-2026 10:35||NIFTY27JAN2624300PE,0.5966324086522575
27-01-2026 10:35||NIFTY27JAN2624400PE,0.5435826819141422
27-01-2026 10:35||NIFTY27JAN2624800PE,0.3783956772241718
27-01-2026 10:35||NIFTY27JAN2625200CE,0.2507446782544881
27-01-2026 10:35||NIFTY27JAN2625300CE,0.2792285204214987
27-01-2026 10:35||NIFTY27JAN2625700CE,0.4324252823227222
27-01-2026 10:40||NIFTY27JAN2624400PE,0.5176658068983949
27-01-2026 10:40||NIFTY27JAN2625200CE,0.2453951283870869
27-01-2026 10:40||NIFTY27JAN2625700CE,0.4550631560813649
27-01-2026 10:40||NIFTY27JAN2626100CE,0.675812335206293
27-01-2026 10:40||NIFTY27JAN2626200CE,0.7257852086153567
27-01-2026 10:45||NIFTY27JAN2624000PE,0.7007947065100909
27-01-2026 10:45||NIFTY27JAN2624700PE,0.3474668443456538
27-01-2026 10:45||NIFTY27JAN2624900PE,0.314291598491666
27-01-2026 10:45||NIFTY27JAN2625500CE,0.3916322331880101
27-01-2026 10:45||NIFTY27JAN2626200CE,0.7772314840461235
27-01-2026 10:45||NIFTY27JAN2626400CE,0.8678531251705061
27-01-2026 10:50||NIFTY27JAN2623900PE,0.7699605807670521
27-01-2026 10:50||NIFTY27JAN2624000PE,0.7106975540471332
27-01-2026 10:50||NIFTY27JAN2624600PE,0.3909391991793137
27-01-2026 10:50||NIFTY27JAN2625000PE,0.3900879902892771
27-01-2026 10:50||NIFTY27JAN2625200CE,0.28946427951142
27-01-2026 10:50||NIFTY27JAN2625400CE,0.3683436135929357
27-01-2026 10:50||NIFTY27JAN2625700CE,0.5263772955848744
27-01-2026 10:55||NIFTY27JAN2623900PE,0.7567167373824656
27-01-2026 10:55||NIFTY27JAN2624400PE,0.4684258688693142
27-01-2026 10:55||NIFTY27JAN2624900PE,0.3623103710413137
27-01-2026 10:55||NIFTY27JAN2625000PE,0.3721372338086874
27-01-2026 10:55||NIFTY27JAN2625300CE,0.3514407493935679
27-01-2026 10:55||NIFTY27JAN2625400CE,0.3830175399327619
27-01-2026 10:55||NIFTY27JAN2625600CE,0.4841415336636865
27-01-2026 10:55||NIFTY27JAN2626400CE,0.9259086911522524
27-01-2026 11:00||NIFTY27JAN2623800PE,0.8301793384753361
27-01-2026 11:00||NIFTY27JAN2623900PE,0.7680399415176482
27-01-2026 11:00||NIFTY27JAN2624300PE,0.5171565804748132
27-01-2026 11:00||NIFTY27JAN2625200CE,0.2916407305424078
27-01-2026 11:00||NIFTY27JAN2625300CE,0.3424169301116
27-01-2026 11:00||NIFTY27JAN2625400CE,0.3929928285702549
27-01-2026 11:00||NIFTY27JAN2626300CE,0.888387881405095
27-01-2026 11:05||NIFTY27JAN2623800PE,0.8264164101876401
27-01-2026 11:05||NIFTY27JAN2624100PE,0.6646901238351265
27-01-2026 11:05||NIFTY27JAN2624200PE,0.599426985322952
27-01-2026 11:05||NIFTY27JAN2624900PE,0.3183205998187771
27-01-2026 11:05||NIFTY27JAN2625300CE,0.3704278061444885
27-01-2026 11:05||NIFTY27JAN2625700CE,0.5467196564015608
27-01-2026 11:10||NIFTY27JAN2624200PE,0.6106692399724166
27-01-2026 11:10||NIFTY27JAN2624400PE,0.4899785139656514
27-01-2026 11:10||NIFTY27JAN2624900PE,0.3109532412073072
27-01-2026 11:10||NIFTY27JAN2625300CE,0.3641190077558502
27-01-2026 11:10||NIFTY27JAN2625500CE,0.4347723610999974
27-01-2026 11:10||NIFTY27JAN2625800CE,0.6021225808499754
27-01-2026 11:10||NIFTY27JAN2626500CE,0.9993390194344374
27-01-2026 11:15||NIFTY27JAN2624300PE,0.5474573059925967
27-01-2026 11:15||NIFTY27JAN2625000PE,0.2813650502747148
27-01-2026 11:15||NIFTY27JAN2625100PE,0.2652646314585957
27-01-2026 11:15||NIFTY27JAN2626400CE,0.9350610229082318
27-01-2026 11:20||NIFTY27JAN2625300CE,0.3341366031287521
27-01-2026 11:20||NIFTY27JAN2626100CE,0.7536187378357393
27-01-2026 11:25||NIFTY27JAN2623800PE,0.8658189588820133
27-01-2026 11:25||NIFTY27JAN2624000PE,0.751831768340923
27-01-2026 11:25||NIFTY27JAN2624200PE,0.6378654920147178
27-01-2026 11:25||NIFTY27JAN2624900PE,0.2893221955250288
27-01-2026 11:25||NIFTY27JAN2625600CE,0.4761042092796977
27-01-2026 11:25||NIFTY27JAN2626500CE,0.9922327778283538
27-01-2026 11:30||NIFTY27JAN2624200PE,0.6712105248776334
27-01-2026 11:30||NIFTY27JAN2625100PE,0.3263464472027875
27-01-2026 11:30||NIFTY27JAN2625600CE,0.4455699361444473
27-01-2026 11:30||NIFTY27JAN2625900CE,0.6141768085402581
27-01-2026 11:30||NIFTY27JAN2626200CE,0.7958350589692086
27-01-2026 11:35||NIFTY27JAN2624000PE,0.7869605144988451
27-01-2026 11:35||NIFTY27JAN2624900PE,0.3089737004733136
27-01-2026 11:35||NIFTY27JAN2625200CE,0.3221290295178114
27-01-2026 11:40||NIFTY27JAN2623800PE,0.92678437925851
27-01-2026 11:40||NIFTY27JAN2624000PE,0.8111289969672467
27-01-2026 11:40||NIFTY27JAN2626000CE,0.6530146775759686
27-01-2026 11:40||NIFTY27JAN2626300CE,0.8143808368676259
27-01-2026 11:45||NIFTY27JAN2624300PE,0.6703059687188012
27-01-2026 11:45||NIFTY27JAN2624400PE,0.6095332212037102
27-01-2026 11:45||NIFTY27JAN2624500PE,0.5492461599882374
27-01-2026 11:45||NIFTY27JAN2626100CE,0.669482576749515
27-01-2026 11:45||NIFTY27JAN2626400CE,0.8274076561180101
27-01-2026 11:50||NIFTY27JAN2624700PE,0.4115313743731126
27-01-2026 11:50||NIFTY27JAN2624900PE,0.3763914737929292
27-01-2026 11:50||NIFTY27JAN2625700CE,0.4735619921235053
27-01-2026 11:50||NIFTY27JAN2626000CE,0.6461646716184969
27-01-2026 11:55||NIFTY27JAN2623900PE,0.8913316587750243
27-01-2026 11:55||NIFTY27JAN2624000PE,0.8284169652358007
27-01-2026 11:55||NIFTY27JAN2624400PE,0.552205329581234
27-01-2026 11:55||NIFTY27JAN2624500PE,0.4910613419615329
27-01-2026 11:55||NIFTY27JAN2624800PE,0.3600680355069898
27-01-2026 11:55||NIFTY27JAN2625200CE,0.3602011274289923
27-01-2026 11:55||NIFTY27JAN2625400CE,0.3854487765388679
27-01-2026 11:55||NIFTY27JAN2626500CE,0.9754626357701484
27-01-2026 12:00||NIFTY27JAN2624200PE,0.7084937804020345
27-01-2026 12:00||NIFTY27JAN2624300PE,0.6376498546304322
27-01-2026 12:00||NIFTY27JAN2624500PE,0.5114225293554766
27-01-2026 12:00||NIFTY27JAN2625100PE,0.2927218365983681
27-01-2026 12:00||NIFTY27JAN2625500CE,0.4024820459875046
27-01-2026 12:00||NIFTY27JAN2626100CE,0.7128508783669827
27-01-2026 12:00||NIFTY27JAN2626400CE,0.8841485824822393
27-01-2026 12:00||NIFTY27JAN2626500CE,0.9408320469369184
27-01-2026 12:05||NIFTY27JAN2624500PE,0.533965612551498
27-01-2026 12:05||NIFTY27JAN2624700PE,0.426148958845839
27-01-2026 12:05||NIFTY27JAN2625100PE,0.3331563275484437
27-01-2026 12:05||NIFTY27JAN2625900CE,0.5974048384015286
27-01-2026 12:05||NIFTY27JAN2626500CE,0.9605699616329246
27-01-2026 12:10||NIFTY27JAN2624400PE,0.6032366163649169
27-01-2026 12:10||NIFTY27JAN2625700CE,0.4910887453241266
27-01-2026 12:10||NIFTY27JAN2626400CE,0.9070342115112856
27-01-2026 12:15||NIFTY27JAN2624500PE,0.5507022384377562
27-01-2026 12:15||NIFTY27JAN2624600PE,0.494710062158902
27-01-2026 12:15||NIFTY27JAN2626000CE,0.6757291060722616
27-01-2026 12:15||NIFTY27JAN2626200CE,0.7872230624908727
27-01-2026 12:20||NIFTY27JAN2624000PE,0.8762731218815583
27-01-2026 12:20||NIFTY27JAN2624200PE,0.7511327438887179
27-01-2026 12:20||NIFTY27JAN2625000PE,0.294813659631041
27-01-2026 12:20||NIFTY27JAN2625300CE,0.3768495801794554
27-01-2026 12:20||NIFTY27JAN2625600CE,0.4535919057858155
27-01-2026 12:25||NIFTY27JAN2624100PE,0.8372549983482667
27-01-2026 12:25||NIFTY27JAN2624700PE,0.4607884771253084
27-01-2026 12:25||NIFTY27JAN2625400CE,0.3295421556341827
27-01-2026 12:25||NIFTY27JAN2625900CE,0.6227330353624488
27-01-2026 12:30||NIFTY27JAN2625300CE,0.3437585701115398
27-01-2026 12:35||NIFTY27JAN2624100PE,0.8385783779492119
27-01-2026 12:35||NIFTY27JAN2624400PE,0.6443987724675072
27-01-2026 12:35||NIFTY27JAN2624900PE,0.3887106196942497
27-01-2026 12:35||NIFTY27JAN2625100PE,0.3444028504238309
27-01-2026 12:35||NIFTY27JAN2625800CE,0.6027140668969223
27-01-2026 12:35||NIFTY27JAN2626100CE,0.7932719878551022
27-01-2026 12:40||NIFTY27JAN2624200PE,0.7826493919643805
27-01-2026 12:40||NIFTY27JAN2624700PE,0.4470710819462837
27-01-2026 12:40||NIFTY27JAN2624800PE,0.4061029301779362
27-01-2026 12:40||NIFTY27JAN2624900PE,0.3712318286448193
27-01-2026 12:40||NIFTY27JAN2625100PE,0.3032847072326254
27-01-2026 12:40||NIFTY27JAN2625200CE,0.3299109304085116
27-01-2026 12:40||NIFTY27JAN2625900CE,0.6825740861960986
27-01-2026 12:40||NIFTY27JAN2626000CE,0.7513271899924947
27-01-2026 12:40||NIFTY27JAN2626300CE,0.936821703694866
27-01-2026 12:45||NIFTY27JAN2625200CE,0.2915250292464746
27-01-2026 12:45||NIFTY27JAN2625700CE,0.5643970305319137
27-01-2026 12:45||NIFTY27JAN2625900CE,0.6997448954553175
27-01-2026 12:45||NIFTY27JAN2626200CE,0.8881197504573835
27-01-2026 12:50||NIFTY27JAN2624600PE,0.4738524314021272
27-01-2026 12:50||NIFTY27JAN2625000PE,0.2723215235330765
27-01-2026 12:50||NIFTY27JAN2625100PE,0.2273931213037459
27-01-2026 12:50||NIFTY27JAN2625900CE,0.7266212445675571
27-01-2026 12:50||NIFTY27JAN2626200CE,0.9244258947254422
27-01-2026 12:50||NIFTY27JAN2626500CE,1.1069837964363705
27-01-2026 12:55||NIFTY27JAN2623900PE,1.032197105490634
27-01-2026 12:55||NIFTY27JAN2624000PE,0.9599692772663576
27-01-2026 12:55||NIFTY27JAN2625500CE,0.4538738577805333
27-01-2026 12:55||NIFTY27JAN2625600CE,0.5191362974237904
27-01-2026 12:55||NIFTY27JAN2625800CE,0.6498135625141699
27-01-2026 12:55||NIFTY27JAN2626200CE,0.9151375343898436
27-01-2026 13:00||NIFTY27JAN2624100PE,0.8793927919484058
27-01-2026 13:00||NIFTY27JAN2624500PE,0.5867396784134423
27-01-2026 13:00||NIFTY27JAN2625400CE,0.3933894696836144
27-01-2026 13:00||NIFTY27JAN2626000CE,0.795080544311487
27-01-2026 13:05||NIFTY27JAN2623900PE,1.0321005656695734
27-01-2026 13:05||NIFTY27JAN2624500PE,0.5843343601400093
27-01-2026 13:05||NIFTY27JAN2624800PE,0.3934599118047021
27-01-2026 13:10||NIFTY27JAN2624200PE,0.8371918541683744
27-01-2026 13:10||NIFTY27JAN2624500PE,0.6036882999426307
27-01-2026 13:10||NIFTY27JAN2624600PE,0.5309969288642317
27-01-2026 13:10||NIFTY27JAN2624700PE,0.4643399392051259
27-01-2026 13:15||NIFTY27JAN2624400PE,0.6970700790995583
27-01-2026 13:15||NIFTY27JAN2625000PE,0.3130199478350145
27-01-2026 13:15||NIFTY27JAN2625200CE,0.3784454056155329
27-01-2026 13:15||NIFTY27JAN2626300CE,1.0726882449267447
27-01-2026 13:20||NIFTY27JAN2624000PE,1.0118645245547395
27-01-2026 13:20||NIFTY27JAN2624200PE,0.8641857409426614
27-01-2026 13:20||NIFTY27JAN2624600PE,0.5345535318092551
27-01-2026 13:20||NIFTY27JAN2624900PE,0.3474451313898394
27-01-2026 13:20||NIFTY27JAN2625700CE,0.6321952173132102
27-01-2026 13:20||NIFTY27JAN2625900CE,0.7869802887176284
27-01-2026 13:25||NIFTY27JAN2623800PE,1.1754778794785514
27-01-2026 13:25||NIFTY27JAN2625100PE,0.2551186631767521
27-01-2026 13:25||NIFTY27JAN2625700CE,0.6377508583603788
27-01-2026 13:30||NIFTY27JAN2624100PE,1.009620009968775
27-01-2026 13:30||NIFTY27JAN2624300PE,0.8445215594561674
27-01-2026 13:30||NIFTY27JAN2625100PE,0.3155494614756135
27-01-2026 13:30||NIFTY27JAN2625400CE,0.4279018822123692
27-01-2026 13:30||NIFTY27JAN2626300CE,1.1012183583818091
27-01-2026 13:35||NIFTY27JAN2623900PE,1.1638821896033906
27-01-2026 13:35||NIFTY27JAN2624300PE,0.8524911637191352
27-01-2026 13:35||NIFTY27JAN2624400PE,0.7670422767385043
27-01-2026 13:35||NIFTY27JAN2624600PE,0.616458223299692
27-01-2026 13:35||NIFTY27JAN2624800PE,0.5337235290140757
27-01-2026 13:35||NIFTY27JAN2625300CE,0.3513025209517864
27-01-2026 13:35||NIFTY27JAN2625600CE,0.5748030899103478
27-01-2026 13:35||NIFTY27JAN2626000CE,0.9022317194203608
27-01-2026 13:35||NIFTY27JAN2626200CE,1.0609753766441683
27-01-2026 13:35||NIFTY27JAN2626300CE,1.1372228231998498
27-01-2026 13:35||NIFTY27JAN2626400CE,1.2120534541658567
27-01-2026 13:40||NIFTY27JAN2625500CE,0.5752824328497158
27-01-2026 13:40||NIFTY27JAN2626300CE,1.197124610657199
27-01-2026 13:45||NIFTY27JAN2623800PE,1.2555570901954958
27-01-2026 13:45||NIFTY27JAN2623900PE,1.168647104097424
27-01-2026 13:45||NIFTY27JAN2624100PE,0.9985640393754054
27-01-2026 13:45||NIFTY27JAN2624700PE,0.4698201812825995
27-01-2026 13:45||NIFTY27JAN2625300CE,0.4604291224107569
27-01-2026 13:45||NIFTY27JAN2625600CE,0.6687251457395202
27-01-2026 13:45||NIFTY27JAN2625700CE,0.747296290698822
27-01-2026 13:45||NIFTY27JAN2625800CE,0.8259997137800191
27-01-2026 13:45||NIFTY27JAN2625900CE,0.9049099152179718
27-01-2026 13:45||NIFTY27JAN2626000CE,0.9840996566171316
27-01-2026 13:45||NIFTY27JAN2626300CE,1.2255759043253118
27-01-2026 13:45||NIFTY27JAN2626400CE,1.287524029374638
27-01-2026 13:50||NIFTY27JAN2623900PE,1.233826978295406
27-01-2026 13:50||NIFTY27JAN2624800PE,0.4443833865609496
27-01-2026 13:50||NIFTY27JAN2625000PE,0.3636985069224553
27-01-2026 13:50||NIFTY27JAN2626200CE,1.1702320615431274
27-01-2026 13:55||NIFTY27JAN2623800PE,1.33086706767692
27-01-2026 13:55||NIFTY27JAN2624000PE,1.163869122092514
27-01-2026 13:55||NIFTY27JAN2624100PE,1.0848979816487252
27-01-2026 13:55||NIFTY27JAN2624300PE,0.8903217702213176
27-01-2026 13:55||NIFTY27JAN2624400PE,0.784310693052035
27-01-2026 13:55||NIFTY27JAN2624600PE,0.5840567761908048
27-01-2026 13:55||NIFTY27JAN2624900PE,0.350485568689358
27-01-2026 13:55||NIFTY27JAN2625400CE,0.5182258023965219
27-01-2026 13:55||NIFTY27JAN2625700CE,0.8001044889078132
27-01-2026 14:00||NIFTY27JAN2623800PE,1.3825831926654506
27-01-2026 14:00||NIFTY27JAN2624300PE,0.9101489292681988
27-01-2026 14:00||NIFTY27JAN2624500PE,0.7078067538811025
27-01-2026 14:00||NIFTY27JAN2625000PE,0.3889492387968423
27-01-2026 14:00||NIFTY27JAN2625100PE,0.3594367643803577
27-01-2026 14:05||NIFTY27JAN2624000PE,1.1922545593360965
27-01-2026 14:05||NIFTY27JAN2624800PE,0.3972094593183124
27-01-2026 14:05||NIFTY27JAN2625400CE,0.5754443173902207
27-01-2026 14:05||NIFTY27JAN2625700CE,0.8774605583510916
27-01-2026 14:05||NIFTY27JAN2625800CE,0.9730993703546004
27-01-2026 14:05||NIFTY27JAN2626100CE,1.2444998135431913
27-01-2026 14:05||NIFTY27JAN2626200CE,1.327837547471476
27-01-2026 14:05||NIFTY27JAN2626400CE,1.4952935782737868
27-01-2026 14:10||NIFTY27JAN2623900PE,1.3311312036283247
27-01-2026 14:10||NIFTY27JAN2624000PE,1.2457124897939584
27-01-2026 14:10||NIFTY27JAN2624600PE,0.6210409064586077
27-01-2026 14:10||NIFTY27JAN2625500CE,0.6676242647807196
27-01-2026 14:10||NIFTY27JAN2626000CE,1.156635084392335
27-01-2026 14:10||NIFTY27JAN2626200CE,1.3291274757686775
27-01-2026 14:15||NIFTY27JAN2624000PE,1.2773389163124538
27-01-2026 14:15||NIFTY27JAN2624400PE,0.8388488038322607
27-01-2026 14:15||NIFTY27JAN2624900PE,0.3548551890520861
27-01-2026 14:15||NIFTY27JAN2625600CE,0.7814121850203583
27-01-2026 14:15||NIFTY27JAN2625800CE,0.9884663954389444
27-01-2026 14:20||NIFTY27JAN2624100PE,1.1884779958731555
27-01-2026 14:20||NIFTY27JAN2625500CE,0.696038311286077
27-01-2026 14:20||NIFTY27JAN2626000CE,1.1958112612444594
27-01-2026 14:20||NIFTY27JAN2626100CE,1.288522146701922
27-01-2026 14:20||NIFTY27JAN2626500CE,1.7192808503217365
27-01-2026 14:25||NIFTY27JAN2623800PE,1.5799460159913956
27-01-2026 14:25||NIFTY27JAN2623900PE,1.4618991534123822
27-01-2026 14:25||NIFTY27JAN2624000PE,1.3443451810475529
27-01-2026 14:25||NIFTY27JAN2624200PE,1.1141661597909374
27-01-2026 14:25||NIFTY27JAN2624300PE,0.9998399636335442
27-01-2026 14:25||NIFTY27JAN2624800PE,0.4158767855445043
27-01-2026 14:25||NIFTY27JAN2624900PE,0.311209672805022
27-01-2026 14:25||NIFTY27JAN2625000PE,0.2122493738639345
27-01-2026 14:25||NIFTY27JAN2625700CE,0.9482163718465482
27-01-2026 14:30||NIFTY27JAN2624000PE,1.4128551509608749
27-01-2026 14:30||NIFTY27JAN2624200PE,1.2060292356942088
27-01-2026 14:30||NIFTY27JAN2624600PE,0.6961575360729847
27-01-2026 14:30||NIFTY27JAN2625100PE,0.2449841722799042
27-01-2026 14:30||NIFTY27JAN2626400CE,1.7665285474734298
27-01-2026 14:35||NIFTY27JAN2624000PE,1.4587217141103723
27-01-2026 14:35||NIFTY27JAN2624200PE,1.2590058448862047
27-01-2026 14:35||NIFTY27JAN2624900PE,0.3368964025692
27-01-2026 14:35||NIFTY27JAN2625000PE,0.2177609526091351
27-01-2026 14:35||NIFTY27JAN2626200CE,1.6000909563018415
27-01-2026 14:40||NIFTY27JAN2624000PE,1.5727312950167347
27-01-2026 14:40||NIFTY27JAN2624800PE,0.5462861458681332
27-01-2026 14:40||NIFTY27JAN2626200CE,1.5336064621194117
27-01-2026 14:40||NIFTY27JAN2626400CE,1.7356184990709145
27-01-2026 14:45||NIFTY27JAN2624000PE,1.627070015773676
27-01-2026 14:45||NIFTY27JAN2624200PE,1.4068612527992108
27-01-2026 14:45||NIFTY27JAN2624700PE,0.738109373696553
27-01-2026 14:45||NIFTY27JAN2625400CE,0.5544038021699457
27-01-2026 14:45||NIFTY27JAN2626400CE,1.837160934833351
27-01-2026 14:45||NIFTY27JAN2626500CE,1.9622670823904227
27-01-2026 14:50||NIFTY27JAN2623800PE,2.032816478775423
27-01-2026 14:50||NIFTY27JAN2624000PE,1.7780431739445206
27-01-2026 14:50||NIFTY27JAN2624200PE,1.5135032426271302
27-01-2026 14:50||NIFTY27JAN2624800PE,0.6251207185753016
27-01-2026 14:50||NIFTY27JAN2625200CE,0.3085297808992446
27-01-2026 14:50||NIFTY27JAN2625900CE,1.232978002360965
27-01-2026 14:55||NIFTY27JAN2623800PE,2.187774825388791
27-01-2026 14:55||NIFTY27JAN2624000PE,1.9749937807955291
27-01-2026 14:55||NIFTY27JAN2624800PE,0.7467959516425495
27-01-2026 14:55||NIFTY27JAN2625500CE,0.6765479540768454
27-01-2026 14:55||NIFTY27JAN2625800CE,1.1588734413065886
27-01-2026 14:55||NIFTY27JAN2626400CE,1.8609953923186224
27-01-2026 15:00||NIFTY27JAN2624100PE,1.839511869210679
27-01-2026 15:00||NIFTY27JAN2624700PE,0.8521506640410353
27-01-2026 15:00||NIFTY27JAN2625100PE,0.1318850120426234
27-01-2026 15:00||NIFTY27JAN2625400CE,0.5949878939880766
27-01-2026 15:05||NIFTY27JAN2624000PE,2.161584962339467
27-01-2026 15:05||NIFTY27JAN2624100PE,2.012230938707417
27-01-2026 15:05||NIFTY27JAN2624200PE,1.8632749886037216
27-01-2026 15:05||NIFTY27JAN2624500PE,1.2789972685524478
27-01-2026 15:05||NIFTY27JAN2626300CE,2.006691608974355
27-01-2026 15:10||NIFTY27JAN2623900PE,2.4617304337077
27-01-2026 15:10||NIFTY27JAN2624000PE,2.274611252563965
27-01-2026 15:10||NIFTY27JAN2624900PE,0.6253346779710907
27-01-2026 15:10||NIFTY27JAN2625400CE,0.6273481605427951
27-01-2026 15:10||NIFTY27JAN2625600CE,0.9750962611590248
27-01-2026 15:10||NIFTY27JAN2625800CE,1.35167895796592
27-01-2026 15:10||NIFTY27JAN2626000CE,1.7832547331705155
27-01-2026 15:15||NIFTY27JAN2625000PE,0.498132463081443
27-01-2026 15:15||NIFTY27JAN2625900CE,1.714624452630825
27-01-2026 15:15||NIFTY27JAN2626000CE,1.9947653072214095
27-01-2026 15:15||NIFTY27JAN2626400CE,2.706395016969026
27-01-2026 15:20||NIFTY27JAN2623800PE,3.9513002757893783
27-01-2026 15:20||NIFTY27JAN2623900PE,3.677242991585339
27-01-2026 15:20||NIFTY27JAN2624900PE,0.95091307724369
27-01-2026 15:20||NIFTY27JAN2625500CE,0.9513114900044874
27-01-2026 15:20||NIFTY27JAN2626000CE,2.3320034248059263
27-01-2026 15:20||NIFTY27JAN2626300CE,3.005661804674447
27-01-2026 15:20||NIFTY27JAN2626400CE,3.314893734883929
27-01-2026 15:25||NIFTY27JAN2623800PE,5.778063213112305
27-01-2026 15:25||NIFTY27JAN2624900PE,1.4925094041174694
27-01-2026 15:25||NIFTY27JAN2625100PE,0.6897152080589652
27-01-2026 15:25||NIFTY27JAN2626100CE,3.3867431940556787
27-01-2026 15:25||NIFTY27JAN2626300CE,4.10139055482627
27-01-2026 15:25||NIFTY27JAN2626400CE,4.458829434442892
27-01-2026 15:25||NIFTY27JAN2626500CE,4.814916935107667
